Source Target Weight
141 0 1
7373 0 1
3876 1 1
7328 1 1
7317 1 1
5760 1 1
1929 2 1
1408 2 1
3148 3 1
2998 3 1
6523 4 1
6491 4 1
3882 4 1
7329 4 1
7330 5 1
7331 6 1
7332 7 1
829 7 1
1689 7 1
5611 7 1
5228 7 1
3534 7 1
7144 7 1
5848 7 1
520 7 1
1810 7 1
5066 7 1
6924 7 1
6450 7 1
1157 7 1
1516 7 1
5529 7 1
6467 8 1
7263 9 1
7333 9 1
4301 9 1
4333 9 1
1984 9 1
2517 9 1
2312 9 1
7334 9 1
7335 9 1
7336 9 1
4159 9 1
7337 10 1
7338 11 1
7208 11 1
7315 11 1
42 11 1
4408 11 1
7339 11 1
4466 11 1
6709 12 1
7340 12 1
7341 12 1
7342 13 1
2241 13 1
2414 14 1
7343 14 1
2085 15 1
7344 15 1
7345 15 1
5900 16 1
7346 16 1
1864 16 1
4430 16 1
2794 16 1
2786 16 1
7347 17 1
7348 17 1
3687 17 1
5257 18 1
1425 19 1
3634 19 1
1893 19 1
4770 19 1
2592 19 1
7349 19 1
2882 20 1
1179 21 1
7350 21 1
2792 22 1
702 22 1
5459 22 1
6096 22 1
1217 22 1
5887 22 1
3339 22 1
4203 22 1
5909 22 1
4851 22 1
2402 22 1
4821 22 1
1967 22 1
274 22 1
3859 22 1
6455 22 1
1554 22 1
4900 22 1
3789 22 1
7351 22 1
4531 22 1
6225 23 1
3658 23 1
6507 23 1
7352 23 1
7353 24 1
6931 24 1
1362 24 1
2060 24 1
4049 24 1
7354 24 1
4188 24 1
2162 24 1
2269 25 1
2344 25 1
7026 25 1
3071 25 1
1395 25 1
7355 26 1
7356 26 1
7357 26 1
4908 26 1
6079 26 1
1274 26 1
6825 26 1
7358 26 1
7359 26 1
2115 26 1
7360 26 1
7361 26 1
5695 27 1
101 28 1
7362 29 1
7188 30 1
7225 30 1
4616 30 1
2689 30 1
3964 30 1
2992 30 1
617 30 1
6970 30 1
6451 31 1
4740 32 1
236 33 1
7363 33 1
4031 33 1
7364 33 1
6467 34 1
4895 35 1
7365 36 1
7366 37 1
7367 37 1
187 38 1
7368 39 1
7369 39 1
6146 40 1
7370 40 1
4756 41 1
7371 42 1
7372 42 1
4489 43 1
7373 43 1
7122 43 1
5512 43 1
5720 43 1
7327 43 1
3526 43 1
7153 43 1
4413 43 1
7307 43 1
5041 43 1
6174 43 1
4655 43 1
7166 43 1
6181 43 1
5562 44 1
871 44 1
7131 45 1
5775 45 1
3787 45 1
7062 45 1
3534 45 1
4508 45 1
520 45 1
7096 45 1
5581 45 1
4662 45 1
7374 46 1
7375 46 1
5199 46 1
6089 46 1
1895 46 1
4136 46 1
7369 47 1
5918 48 1
4537 48 1
4551 49 1
7376 50 1
7377 50 1
1874 50 1
7259 51 1
6098 52 1
6526 52 1
4646 52 1
3156 52 1
7378 52 1
6084 52 1
7379 52 1
7380 52 1
7381 52 1
7382 52 1
5728 53 1
7383 53 1
7384 53 1
7385 53 1
7386 53 1
816 54 1
7387 55 1
1094 55 1
6589 55 1
7388 55 1
1690 55 1
2460 55 1
713 56 1
4757 57 1
7389 58 1
7390 59 1
7391 59 1
7392 59 1
7393 59 1
5057 59 1
7394 59 1
7337 59 1
2248 59 1
7395 59 1
7396 59 1
7006 60 1
2769 61 1
3261 62 1
2195 63 1
4537 64 1
5660 65 1
7397 65 1
7343 65 1
3646 66 1
7398 66 1
1844 66 1
3691 67 1
7399 67 1
5290 68 1
5263 68 1
7400 68 1
7401 68 1
1726 68 1
2165 68 1
4653 68 1
7088 68 1
4284 68 1
777 68 1
2735 68 1
3175 68 1
2199 68 1
4466 68 1
7402 68 1
3136 69 1
7403 70 1
5759 71 1
7404 72 1
1860 72 1
7405 72 1
4427 73 1
5940 73 1
6655 73 1
3409 73 1
7406 74 1
7407 75 1
7408 76 1
7409 76 1
4346 76 1
7410 77 1
6543 77 1
2863 77 1
1385 78 1
7411 78 1
6577 78 1
4144 78 1
7412 78 1
7413 79 1
5622 80 1
7414 80 1
2015 81 1
7415 82 1
2667 83 1
6508 83 1
7416 84 1
6639 84 1
7369 85 1
3617 86 1
128 87 1
4866 87 1
4848 88 1
4368 88 1
3066 89 1
7417 90 1
2484 91 1
6009 91 1
7418 91 1
111 92 1
343 92 1
4399 92 1
7419 92 1
617 92 1
6274 92 1
7420 92 1
2216 92 1
6137 92 1
4356 92 1
2734 92 1
4868 92 1
7421 93 1
7422 94 1
6098 95 1
6906 96 1
7286 96 1
4228 97 1
7210 97 1
2748 97 1
7423 97 1
7424 97 1
7425 97 1
1083 97 1
6162 97 1
1928 97 1
1439 97 1
7426 97 1
7427 97 1
1804 97 1
7428 97 1
7429 97 1
4779 97 1
7430 97 1
6867 97 1
2361 97 1
7431 98 1
6198 99 1
4856 99 1
4771 100 1
7432 101 1
1850 101 1
6542 101 1
2550 102 1
7433 102 1
1041 103 1
4194 103 1
2046 103 1
6755 104 1
5848 104 1
7040 104 1
6924 104 1
5529 104 1
7434 105 1
7321 105 1
6250 105 1
7020 105 1
192 105 1
1840 105 1
7422 106 1
6462 107 1
737 108 1
6817 109 1
3142 110 1
1971 111 1
1764 111 1
7338 111 1
3990 111 1
275 111 1
4841 111 1
343 111 1
2673 111 1
7315 111 1
7435 111 1
7436 111 1
6441 111 1
5498 111 1
5935 111 1
1981 111 1
6021 111 1
169 111 1
7419 111 1
1486 111 1
617 111 1
3658 111 1
7437 111 1
4238 111 1
1875 111 1
2656 111 1
6180 111 1
7243 111 1
7438 111 1
2216 111 1
4356 111 1
2808 111 1
2734 111 1
2006 111 1
6451 111 1
3637 111 1
7439 111 1
4868 111 1
4466 111 1
6212 111 1
6083 111 1
7440 112 1
7441 113 1
7203 113 1
7442 113 1
1886 113 1
2626 114 1
6949 115 1
2819 116 1
4756 116 1
2549 116 1
7443 116 1
7444 116 1
6844 116 1
4567 116 1
7445 117 1
2456 117 1
7446 117 1
2938 117 1
7280 117 1
373 117 1
3418 118 1
4265 119 1
1823 119 1
7203 119 1
6845 119 1
5159 119 1
4457 119 1
720 119 1
2845 120 1
6462 120 1
7447 120 1
7265 120 1
2862 121 1
526 122 1
6484 122 1
2128 122 1
6018 122 1
6039 122 1
6299 123 1
7448 123 1
1637 124 1
4725 124 1
6893 125 1
6601 125 1
165 125 1
2215 125 1
4619 126 1
4820 126 1
7449 126 1
6723 127 1
7450 128 1
7451 128 1
5073 128 1
7138 128 1
2061 128 1
6007 128 1
7452 128 1
5121 128 1
7267 128 1
7453 128 1
3083 128 1
2186 129 1
6496 130 1
1499 130 1
7454 130 1
4244 130 1
3065 130 1
2124 130 1
7455 130 1
6376 130 1
5257 130 1
2024 130 1
2115 130 1
4830 130 1
2582 131 1
7456 131 1
6196 131 1
7457 131 1
7458 131 1
4262 132 1
7459 133 1
7460 134 1
4481 135 1
6581 135 1
4272 136 1
1151 136 1
2144 137 1
6317 137 1
7188 138 1
7461 138 1
7462 139 1
7463 139 1
5024 139 1
347 139 1
7193 139 1
7091 139 1
7464 139 1
7262 139 1
7465 140 1
7466 140 1
5440 140 1
4226 141 1
1881 142 1
7467 142 1
5871 143 1
6225 143 1
7338 143 1
3091 143 1
4702 143 1
4912 143 1
6352 143 1
6834 143 1
7230 143 1
4487 143 1
7326 143 1
2169 143 1
4423 143 1
7318 143 1
1151 143 1
176 143 1
1905 143 1
6688 143 1
6426 143 1
1940 143 1
1381 143 1
6467 144 1
4238 145 1
7468 146 1
4606 147 1
7469 148 1
1225 148 1
7470 148 1
1813 148 1
6867 149 1
5121 150 1
7006 150 1
2080 150 1
7471 150 1
7472 150 1
6448 150 1
4638 150 1
7473 150 1
4356 150 1
4002 150 1
1991 150 1
7474 151 1
5978 151 1
4137 152 1
4018 152 1
7475 152 1
7217 153 1
944 154 1
6195 155 1
4724 155 1
4464 156 1
7476 157 1
7477 157 1
7478 157 1
6023 157 1
6073 157 1
3156 157 1
7479 157 1
7480 157 1
7481 157 1
7482 157 1
7483 157 1
6248 157 1
5665 158 1
7484 159 1
7265 159 1
2874 159 1
7485 160 1
4380 161 1
7486 161 1
7229 162 1
6247 163 1
838 163 1
2275 164 1
7487 164 1
7488 164 1
7489 164 1
6893 165 1
7490 165 1
2215 165 1
7491 166 1
7492 167 1
356 167 1
4874 168 1
2535 168 1
4409 168 1
1764 169 1
7493 169 1
2076 169 1
4473 169 1
7494 169 1
7495 169 1
1443 169 1
7074 169 1
2808 169 1
4531 169 1
7496 169 1
1863 169 1
6496 170 1
7497 171 1
6100 171 1
7498 172 1
361 172 1
7277 173 1
7499 173 1
5014 173 1
2640 174 1
7500 174 1
7501 175 1
6352 176 1
2575 176 1
6426 176 1
7502 177 1
5229 178 1
4432 178 1
6808 179 1
6832 179 1
7222 179 1
4071 179 1
2404 179 1
2651 179 1
5723 179 1
5406 179 1
7503 179 1
4578 179 1
5165 179 1
6890 179 1
2246 179 1
6159 179 1
4487 179 1
7504 179 1
2257 179 1
6854 179 1
347 179 1
6486 179 1
4424 179 1
5691 179 1
7216 179 1
4380 179 1
4377 179 1
4837 179 1
4180 179 1
6654 179 1
7413 179 1
7105 179 1
6823 179 1
6225 180 1
4756 180 1
7338 180 1
7208 180 1
3146 180 1
7037 180 1
2676 180 1
2006 180 1
3513 180 1
4996 180 1
4306 180 1
7505 181 1
4421 181 1
2607 181 1
6162 182 1
1739 183 1
6313 184 1
7263 185 1
4808 185 1
6486 185 1
1694 185 1
6037 185 1
7506 186 1
7507 186 1
4788 187 1
7508 188 1
7461 188 1
2713 188 1
7509 188 1
7510 188 1
7511 189 1
7460 189 1
1867 190 1
7338 191 1
3990 191 1
7277 191 1
7294 191 1
7218 191 1
7512 191 1
7513 191 1
3513 191 1
6551 191 1
6461 191 1
2746 191 1
7315 191 1
5192 191 1
7318 191 1
1257 191 1
7286 191 1
6250 192 1
7514 192 1
7515 192 1
6026 193 1
2599 194 1
4730 195 1
7516 196 1
6368 196 1
7162 196 1
2754 197 1
4212 197 1
5310 198 1
7517 198 1
528 198 1
4203 199 1
4992 200 1
7180 201 1
1477 202 1
6321 203 1
5014 204 1
7518 205 1
6218 206 1
7294 206 1
5265 206 1
7519 207 1
7520 207 1
7521 207 1
6467 207 1
4045 208 1
6375 209 1
7095 209 1
7016 209 1
7522 210 1
7523 210 1
7524 211 1
6995 211 1
6844 212 1
4188 213 1
1151 214 1
6467 215 1
2678 216 1
1695 216 1
6370 216 1
7324 217 1
4650 218 1
7525 218 1
7526 219 1
6098 219 1
6403 219 1
267 219 1
5230 219 1
6380 220 1
1338 220 1
7369 221 1
6821 222 1
6715 223 1
4228 224 1
7527 224 1
6162 224 1
3934 224 1
263 224 1
1712 224 1
2019 224 1
4779 224 1
2280 225 1
6544 225 1
2603 225 1
2129 225 1
7305 225 1
2873 225 1
7528 226 1
7258 226 1
2247 227 1
4472 228 1
7529 229 1
6764 230 1
7217 230 1
7199 231 1
3620 231 1
7530 231 1
7531 232 1
5048 232 1
7532 232 1
7533 232 1
7534 233 1
2659 233 1
7535 233 1
7536 234 1
7537 234 1
7501 234 1
7538 234 1
7539 234 1
4705 235 1
7363 236 1
1925 237 1
7540 237 1
4037 237 1
6282 237 1
6375 238 1
7541 239 1
7236 239 1
4471 240 1
7382 240 1
2363 241 1
5299 242 1
7108 242 1
5743 242 1
7542 242 1
6932 243 1
2070 244 1
2310 245 1
881 245 1
4042 245 1
4937 245 1
2736 245 1
2613 245 1
4809 246 1
7543 247 1
7544 248 1
7545 248 1
7546 248 1
7547 248 1
7009 248 1
7369 248 1
4405 249 1
7548 249 1
4388 250 1
7549 251 1
7550 251 1
4101 252 1
7551 252 1
7552 252 1
7553 252 1
7324 252 1
2245 253 1
7554 253 1
1151 253 1
2628 254 1
3156 254 1
4169 254 1
7555 254 1
2873 255 1
7556 256 1
6467 256 1
7557 257 1
4629 257 1
2917 258 1
7536 259 1
7537 259 1
7501 259 1
5145 259 1
7538 259 1
7558 259 1
3947 259 1
1935 259 1
7559 260 1
1606 260 1
4079 260 1
7089 260 1
3863 260 1
3721 261 1
2652 262 1
4228 263 1
7527 263 1
1960 263 1
1712 263 1
2019 263 1
4779 263 1
4206 264 1
7401 265 1
6201 266 1
4898 266 1
7560 266 1
7561 266 1
7562 266 1
7563 266 1
6744 266 1
4473 266 1
4423 266 1
6486 266 1
4966 266 1
7564 266 1
7565 266 1
1895 266 1
7566 266 1
4466 266 1
3580 266 1
1140 266 1
7567 267 1
4794 268 1
5507 269 1
7568 269 1
7237 269 1
4242 270 1
2388 271 1
5720 272 1
4413 272 1
7307 272 1
7569 273 1
7570 273 1
6442 273 1
7369 273 1
2792 274 1
5459 274 1
6096 274 1
5887 274 1
3339 274 1
4203 274 1
5909 274 1
4851 274 1
2402 274 1
4821 274 1
1967 274 1
3859 274 1
6455 274 1
4900 274 1
3789 274 1
7351 274 1
4531 274 1
4841 275 1
2673 275 1
7571 275 1
5815 275 1
1486 275 1
3658 275 1
1966 275 1
2676 275 1
7572 276 1
7573 276 1
6932 276 1
3880 277 1
7574 278 1
7575 279 1
4290 279 1
2095 280 1
7324 280 1
7576 281 1
7577 281 1
7578 281 1
7579 281 1
5024 282 1
7193 282 1
4917 282 1
6537 282 1
4757 282 1
6436 282 1
6974 282 1
3144 283 1
7580 283 1
7581 283 1
7582 283 1
2851 283 1
7583 283 1
2056 284 1
7584 284 1
6022 284 1
4398 285 1
7585 286 1
3840 287 1
1851 288 1
2606 288 1
3375 288 1
6865 289 1
1033 289 1
7586 290 1
6932 290 1
7587 291 1
4104 292 1
7588 292 1
1374 292 1
2395 293 1
3628 294 1
3908 294 1
7589 294 1
5848 294 1
1176 294 1
6925 295 1
7590 295 1
7591 296 1
5132 296 1
4584 296 1
4639 296 1
6062 296 1
2602 297 1
1434 297 1
7592 297 1
7593 297 1
874 297 1
2305 298 1
5538 298 1
7594 298 1
6187 298 1
360 299 1
3091 300 1
1330 300 1
6572 300 1
2979 300 1
2827 300 1
905 300 1
7595 300 1
7596 300 1
424 300 1
6774 300 1
4082 300 1
2833 300 1
996 300 1
506 300 1
6619 300 1
7028 300 1
638 300 1
2999 300 1
7597 300 1
7598 300 1
1604 300 1
3807 300 1
3451 300 1
4516 300 1
1176 300 1
7599 300 1
6960 301 1
5392 302 1
5302 303 1
7600 304 1
5976 304 1
636 304 1
6605 304 1
7601 304 1
6602 304 1
1250 305 1
7602 305 1
7603 305 1
1591 305 1
992 306 1
7604 306 1
7404 306 1
7132 306 1
7605 306 1
6999 306 1
4042 306 1
4937 306 1
7606 306 1
5124 306 1
7607 306 1
2202 307 1
7608 307 1
1619 308 1
604 309 1
7609 310 1
6436 310 1
6894 310 1
7610 310 1
1385 311 1
3361 311 1
6577 311 1
7412 311 1
7611 312 1
3422 312 1
4363 312 1
5584 313 1
793 313 1
1148 313 1
1783 313 1
3996 313 1
5324 313 1
6750 314 1
5987 315 1
5501 316 1
5180 316 1
1499 317 1
5582 317 1
3445 317 1
4098 317 1
865 317 1
4977 317 1
1431 317 1
3276 317 1
7612 317 1
1287 317 1
416 317 1
5324 317 1
5519 318 1
5147 318 1
6800 318 1
3935 318 1
6776 318 1
5651 319 1
7585 320 1
3397 320 1
7613 321 1
6851 321 1
3554 321 1
1143 321 1
3077 321 1
6623 321 1
7614 321 1
7615 321 1
2075 322 1
3315 323 1
7616 323 1
7617 323 1
7618 323 1
7619 323 1
3628 324 1
3908 324 1
966 324 1
7309 324 1
2249 324 1
5868 324 1
1179 324 1
5351 324 1
6098 324 1
6463 324 1
7620 324 1
1981 324 1
970 324 1
7621 324 1
683 324 1
435 324 1
993 324 1
5604 324 1
7622 324 1
7623 324 1
4167 324 1
3579 324 1
6655 324 1
5848 324 1
1435 324 1
2265 324 1
6365 324 1
4861 324 1
2680 324 1
2537 324 1
1000 324 1
1879 324 1
850 324 1
6842 324 1
6775 324 1
6622 324 1
6608 324 1
3490 324 1
6971 325 1
7624 325 1
3893 326 1
1143 326 1
460 326 1
3108 326 1
1265 326 1
2963 326 1
1370 326 1
1298 326 1
2908 326 1
7061 326 1
2348 326 1
3876 326 1
6655 326 1
1435 326 1
6863 326 1
521 326 1
6859 326 1
6930 326 1
2844 327 1
877 327 1
5009 327 1
349 327 1
6801 327 1
3783 327 1
7080 327 1
5563 327 1
3439 327 1
7625 327 1
5089 327 1
1433 327 1
7077 327 1
7626 327 1
7627 327 1
7064 328 1
857 329 1
3122 330 1
3448 330 1
2258 331 1
5765 331 1
5699 331 1
6812 332 1
4983 333 1
7628 333 1
5768 334 1
3784 334 1
511 334 1
7629 334 1
7630 335 1
5749 336 1
1963 337 1
6292 337 1
6386 337 1
3079 337 1
5687 337 1
6467 338 1
5822 339 1
3093 340 1
7631 340 1
2958 341 1
5550 341 1
3153 341 1
2910 341 1
7632 341 1
7633 341 1
7634 341 1
1234 342 1
7635 343 1
1764 343 1
7419 343 1
7636 343 1
6274 343 1
7637 343 1
7638 343 1
2216 343 1
2734 343 1
6000 344 1
2395 345 1
3472 345 1
1143 346 1
7639 346 1
5109 346 1
3095 346 1
5481 346 1
387 346 1
3205 346 1
6960 346 1
5444 346 1
7057 346 1
7160 346 1
6991 346 1
5303 346 1
5628 346 1
3639 346 1
6798 346 1
7179 346 1
5729 346 1
3386 346 1
1561 346 1
1758 346 1
5949 346 1
5773 346 1
1525 346 1
7102 346 1
1107 346 1
3546 346 1
521 346 1
3826 346 1
5847 346 1
7640 346 1
5427 346 1
6808 347 1
7641 347 1
7642 347 1
1878 347 1
4071 347 1
7643 347 1
7644 347 1
6348 347 1
4578 347 1
5165 347 1
2246 347 1
7645 347 1
2257 347 1
5024 347 1
3227 347 1
6854 347 1
6486 347 1
4424 347 1
4380 347 1
4362 347 1
7091 347 1
4299 347 1
4780 347 1
7646 347 1
7413 347 1
7262 347 1
7647 347 1
600 347 1
7648 347 1
7649 348 1
2844 349 1
7650 349 1
1166 349 1
6639 350 1
6350 351 1
4972 351 1
7651 351 1
1143 352 1
1265 352 1
2963 352 1
1370 352 1
1298 352 1
5477 352 1
2908 352 1
7061 352 1
6979 352 1
2348 352 1
1435 352 1
2918 352 1
521 352 1
6859 352 1
6930 352 1
2949 353 1
7652 353 1
6932 354 1
5854 354 1
6774 354 1
5788 354 1
7431 354 1
7653 354 1
7654 354 1
5200 354 1
3588 354 1
6873 354 1
690 354 1
3907 354 1
7655 354 1
2981 354 1
7656 354 1
3708 354 1
6972 354 1
7657 354 1
5298 354 1
4992 354 1
5603 354 1
2477 354 1
1143 355 1
6738 355 1
6987 355 1
5484 355 1
5597 355 1
5287 355 1
3808 355 1
7658 355 1
5087 355 1
6859 355 1
6930 355 1
6555 355 1
7492 356 1
4071 356 1
4238 356 1
7659 357 1
5601 357 1
4494 357 1
2945 358 1
7206 358 1
5457 358 1
6316 358 1
7300 358 1
2623 358 1
4999 359 1
3702 360 1
7498 361 1
4241 361 1
6490 361 1
7415 361 1
7660 362 1
4019 362 1
4608 363 1
7661 364 1
6627 364 1
1425 365 1
3634 365 1
7662 365 1
1393 366 1
7663 367 1
715 368 1
1143 369 1
5109 369 1
3095 369 1
7664 369 1
5919 369 1
387 369 1
3205 369 1
6960 369 1
5444 369 1
6915 369 1
7057 369 1
6705 369 1
6991 369 1
1683 369 1
7665 369 1
1161 369 1
3695 369 1
5303 369 1
5628 369 1
6798 369 1
7666 369 1
5729 369 1
7667 369 1
7668 369 1
1561 369 1
1758 369 1
5949 369 1
5773 369 1
2962 369 1
7102 369 1
1107 369 1
6634 369 1
521 369 1
3826 369 1
6859 369 1
3450 369 1
7669 369 1
2188 369 1
6555 369 1
1836 369 1
7640 369 1
5427 369 1
6744 369 1
5023 369 1
1143 370 1
1785 370 1
781 370 1
3582 370 1
6765 370 1
6568 370 1
637 370 1
1689 370 1
4951 370 1
5569 370 1
3460 370 1
5224 370 1
897 370 1
631 370 1
5335 370 1
7129 370 1
6874 370 1
4122 370 1
6655 370 1
3919 370 1
3738 370 1
6863 370 1
6883 370 1
762 370 1
5835 370 1
4937 370 1
7173 370 1
6859 370 1
2921 370 1
2860 370 1
3176 370 1
5927 370 1
6608 370 1
3941 370 1
475 370 1
3169 371 1
638 371 1
7670 372 1
5159 372 1
7671 372 1
7672 372 1
7136 372 1
1251 372 1
5165 372 1
865 372 1
1015 372 1
6858 372 1
6845 372 1
5664 372 1
3718 372 1
4921 372 1
4364 372 1
594 372 1
7673 372 1
7155 372 1
5371 372 1
1802 372 1
6767 372 1
693 372 1
4191 373 1
7674 374 1
7675 374 1
1147 374 1
795 374 1
1367 374 1
5463 374 1
4019 374 1
3261 374 1
7676 374 1
5136 374 1
3201 374 1
6903 374 1
5853 374 1
6557 374 1
3374 374 1
5553 374 1
2395 375 1
4699 376 1
1377 376 1
3487 377 1
7677 377 1
5156 377 1
5425 377 1
1792 377 1
3786 377 1
7433 378 1
1923 379 1
4214 379 1
6192 379 1
7678 380 1
3733 380 1
7310 380 1
7303 380 1
5301 380 1
6198 380 1
1960 381 1
6962 382 1
5657 382 1
5324 382 1
505 382 1
7123 383 1
6768 383 1
7679 383 1
2912 383 1
1659 383 1
3510 383 1
7417 383 1
5068 384 1
849 384 1
1330 384 1
4295 384 1
5999 384 1
689 384 1
6908 384 1
1323 384 1
622 384 1
6572 384 1
5663 385 1
6015 385 1
6108 385 1
6084 385 1
7680 385 1
1359 385 1
629 386 1
3268 386 1
1197 386 1
1143 387 1
5109 387 1
3095 387 1
5481 387 1
5919 387 1
3205 387 1
5452 387 1
6960 387 1
5444 387 1
7057 387 1
7160 387 1
1683 387 1
5484 387 1
5303 387 1
5628 387 1
3639 387 1
6798 387 1
7179 387 1
5729 387 1
3386 387 1
1561 387 1
1758 387 1
5949 387 1
5773 387 1
7102 387 1
1107 387 1
3546 387 1
521 387 1
3826 387 1
6859 387 1
2188 387 1
2820 387 1
6555 387 1
5847 387 1
7640 387 1
5427 387 1
7681 388 1
1511 389 1
7682 389 1
6932 389 1
7683 389 1
4756 390 1
487 390 1
7684 390 1
7685 391 1
6768 391 1
1659 391 1
1949 392 1
7686 393 1
6204 393 1
5859 394 1
5273 395 1
5714 395 1
5288 395 1
7687 395 1
4074 395 1
5866 395 1
7688 395 1
466 395 1
7689 395 1
7690 395 1
5648 395 1
3217 395 1
1576 395 1
5117 395 1
688 396 1
5190 396 1
2883 397 1
7620 398 1
5970 398 1
1499 399 1
3445 399 1
4098 399 1
7612 399 1
3729 399 1
1287 399 1
416 399 1
5324 399 1
3425 399 1
5809 399 1
659 400 1
6400 401 1
4556 402 1
4884 403 1
3945 404 1
7691 404 1
6835 405 1
6402 405 1
1846 405 1
3196 405 1
5163 405 1
1409 405 1
5879 406 1
5649 407 1
7692 407 1
5849 407 1
5345 407 1
1167 407 1
1365 407 1
5121 407 1
3346 407 1
3056 407 1
1130 407 1
1469 408 1
5675 409 1
6386 409 1
7076 410 1
559 411 1
5900 411 1
5121 412 1
1244 412 1
3944 413 1
7693 413 1
4949 414 1
4115 414 1
6720 414 1
3501 414 1
7694 414 1
6605 414 1
5264 414 1
6284 415 1
1499 416 1
6962 416 1
5809 416 1
4098 416 1
7695 416 1
865 416 1
1431 416 1
3276 416 1
3425 416 1
5257 416 1
5324 416 1
4839 417 1
1408 417 1
7696 417 1
7065 418 1
618 418 1
5801 418 1
7116 418 1
4516 418 1
7697 418 1
893 418 1
6755 418 1
6884 418 1
4976 418 1
5345 418 1
3288 418 1
6849 418 1
4026 418 1
5228 418 1
3420 418 1
800 418 1
7062 418 1
435 418 1
3592 418 1
3346 418 1
7144 418 1
7018 418 1
516 418 1
1503 418 1
4063 418 1
4930 418 1
5848 418 1
3660 418 1
6933 418 1
1032 418 1
1582 418 1
5261 418 1
6943 418 1
4994 418 1
7051 418 1
3133 418 1
7032 418 1
4662 418 1
6924 418 1
3215 418 1
3857 418 1
5529 418 1
5925 418 1
3094 419 1
5121 419 1
7698 420 1
4928 421 1
6854 422 1
435 423 1
4662 423 1
7699 424 1
7005 424 1
7700 424 1
6342 424 1
7701 424 1
6173 424 1
6915 424 1
5690 424 1
743 424 1
7702 424 1
7132 424 1
7703 424 1
1517 424 1
5246 424 1
1442 424 1
7596 424 1
1414 424 1
7297 424 1
7704 424 1
4980 424 1
833 424 1
5003 424 1
1176 424 1
7705 425 1
6417 425 1
7706 426 1
3480 427 1
7707 427 1
7708 427 1
2618 428 1
5538 428 1
7594 428 1
5292 428 1
3836 428 1
6035 428 1
7600 429 1
636 429 1
974 430 1
7709 430 1
5204 431 1
3885 431 1
2337 431 1
7710 432 1
7711 433 1
7128 434 1
827 435 1
3628 435 1
966 435 1
4516 435 1
2258 435 1
6884 435 1
5775 435 1
7712 435 1
829 435 1
1689 435 1
5345 435 1
6098 435 1
6463 435 1
6849 435 1
7649 435 1
7192 435 1
1981 435 1
3011 435 1
5228 435 1
7062 435 1
6744 435 1
3534 435 1
5604 435 1
959 435 1
6655 435 1
5848 435 1
1435 435 1
2265 435 1
4861 435 1
5575 435 1
5635 435 1
5581 435 1
5066 435 1
4662 435 1
6924 435 1
3857 435 1
7713 435 1
1516 435 1
1445 435 1
7131 435 1
618 435 1
5801 435 1
7116 435 1
7697 435 1
6755 435 1
6794 435 1
2936 435 1
4976 435 1
3288 435 1
3420 435 1
7714 435 1
800 435 1
3592 435 1
5766 435 1
3346 435 1
7144 435 1
7018 435 1
516 435 1
1503 435 1
4930 435 1
6933 435 1
1582 435 1
5261 435 1
6943 435 1
4994 435 1
7096 435 1
7715 435 1
7032 435 1
5544 435 1
1063 435 1
5781 435 1
3215 435 1
5529 435 1
5925 435 1
5201 435 1
7716 436 1
6805 436 1
1054 436 1
4139 437 1
604 438 1
7717 438 1
1813 439 1
5312 440 1
7718 441 1
5069 441 1
7719 441 1
6800 442 1
2888 443 1
7720 443 1
7721 443 1
1143 444 1
6716 444 1
5464 444 1
7722 444 1
7723 444 1
5484 444 1
807 444 1
671 444 1
2188 444 1
5156 445 1
5733 446 1
1143 446 1
3388 446 1
6661 446 1
3827 446 1
1495 446 1
5187 446 1
5897 446 1
6573 446 1
6655 446 1
1479 446 1
6768 446 1
5547 446 1
6859 446 1
5384 446 1
5927 446 1
7724 447 1
1179 447 1
881 447 1
7088 448 1
6800 449 1
5315 450 1
5583 451 1
3483 452 1
4911 453 1
6257 453 1
7180 453 1
2642 453 1
2212 453 1
5532 453 1
7725 453 1
3454 454 1
7726 454 1
1733 454 1
1115 454 1
6854 454 1
3261 454 1
6555 454 1
777 454 1
992 455 1
2832 455 1
743 455 1
7727 455 1
881 455 1
7728 455 1
6999 455 1
1224 455 1
7067 455 1
4937 455 1
5124 455 1
2416 455 1
1067 455 1
7612 456 1
1794 457 1
7729 457 1
3601 458 1
549 458 1
7730 458 1
1498 458 1
1323 459 1
3893 460 1
1143 460 1
3108 460 1
7160 460 1
3876 460 1
7102 460 1
6859 460 1
5231 460 1
3929 460 1
6872 460 1
7302 460 1
3804 460 1
7113 460 1
7309 460 1
5278 460 1
6765 460 1
1689 460 1
6703 460 1
4951 460 1
6318 460 1
718 460 1
2271 460 1
970 460 1
897 460 1
7093 460 1
7129 460 1
5301 460 1
7159 460 1
7731 460 1
5418 460 1
1774 460 1
5287 460 1
1572 460 1
3870 460 1
3072 460 1
1793 460 1
6757 460 1
5320 460 1
5549 460 1
7173 460 1
6930 460 1
6945 460 1
7118 460 1
6985 460 1
7732 461 1
2881 461 1
7733 461 1
6693 461 1
3157 462 1
7734 462 1
7735 463 1
7736 463 1
561 463 1
7737 463 1
7738 463 1
7739 463 1
1210 463 1
7740 464 1
6555 464 1
7741 464 1
7158 464 1
6411 465 1
5714 466 1
5288 466 1
5866 466 1
5648 466 1
1576 466 1
6641 467 1
3754 467 1
6818 467 1
1123 467 1
3147 467 1
5647 467 1
7072 467 1
7058 467 1
508 467 1
3711 467 1
2839 467 1
530 467 1
6692 467 1
6897 467 1
6756 467 1
941 467 1
1722 467 1
7742 467 1
3980 467 1
5618 467 1
1327 467 1
1265 468 1
5975 468 1
574 468 1
7743 469 1
563 470 1
7744 470 1
2480 471 1
7745 471 1
7644 471 1
4624 471 1
4880 471 1
2532 471 1
5992 472 1
4077 473 1
2866 473 1
7746 473 1
4055 474 1
3431 474 1
6578 474 1
1143 475 1
5756 475 1
1785 475 1
6566 475 1
4951 475 1
5569 475 1
631 475 1
7129 475 1
5576 475 1
4122 475 1
3919 475 1
3738 475 1
6607 475 1
4937 475 1
7173 475 1
6859 475 1
6656 475 1
5527 475 1
3941 475 1
7747 476 1
3510 476 1
7208 477 1
7371 477 1
5498 477 1
2102 477 1
4774 477 1
2378 478 1
4619 478 1
1068 478 1
2133 478 1
5204 478 1
7748 478 1
7749 478 1
4968 478 1
5619 478 1
7750 479 1
6227 479 1
7751 480 1
7752 480 1
5651 480 1
7753 480 1
3409 481 1
3910 482 1
4373 482 1
3442 482 1
7754 482 1
6563 482 1
604 483 1
3020 483 1
7084 483 1
6652 483 1
2880 483 1
3382 483 1
7088 483 1
2327 484 1
2301 485 1
3269 486 1
7755 486 1
6162 486 1
7756 487 1
7757 487 1
2819 487 1
4756 487 1
7684 487 1
7758 488 1
6608 488 1
3906 489 1
7759 490 1
6079 490 1
6825 490 1
6512 490 1
5156 491 1
7760 492 1
2881 493 1
6693 493 1
4656 494 1
4070 495 1
4884 495 1
3092 495 1
4617 495 1
7280 495 1
7238 495 1
7761 495 1
7460 495 1
3456 496 1
6550 497 1
4238 497 1
5124 498 1
3325 499 1
7762 500 1
6694 500 1
7609 501 1
1642 502 1
3422 502 1
3176 503 1
1143 504 1
6655 504 1
7763 505 1
3212 505 1
3091 506 1
996 506 1
7598 506 1
6572 506 1
2979 506 1
7597 506 1
5080 506 1
6774 506 1
4082 506 1
2833 506 1
7764 506 1
2999 506 1
7765 506 1
1604 506 1
3807 506 1
3451 506 1
5345 507 1
3604 507 1
3852 507 1
1287 508 1
6641 508 1
3754 508 1
6818 508 1
7137 508 1
1123 508 1
3147 508 1
5647 508 1
7072 508 1
7058 508 1
3711 508 1
2839 508 1
530 508 1
6692 508 1
6897 508 1
6756 508 1
941 508 1
1722 508 1
7742 508 1
3980 508 1
5618 508 1
6618 508 1
1327 508 1
769 509 1
1689 510 1
7063 510 1
7766 511 1
3656 511 1
1227 511 1
5165 511 1
7767 511 1
6724 511 1
1046 511 1
604 511 1
3139 511 1
6727 511 1
4381 511 1
3577 511 1
4364 511 1
875 511 1
1070 511 1
7717 511 1
3325 511 1
5151 511 1
7338 512 1
7315 512 1
6021 512 1
5238 512 1
2656 512 1
6180 512 1
7243 512 1
7768 512 1
4356 512 1
7312 512 1
6451 512 1
7101 512 1
4408 512 1
4567 512 1
3612 512 1
6796 513 1
7123 513 1
5814 513 1
7769 513 1
6595 513 1
2959 513 1
3462 513 1
7770 513 1
5983 513 1
1500 513 1
5905 514 1
7771 514 1
4065 514 1
5477 514 1
3054 514 1
6768 514 1
5182 514 1
7772 515 1
7773 515 1
1827 515 1
7681 515 1
6633 515 1
7774 515 1
7065 516 1
618 516 1
5801 516 1
7116 516 1
4516 516 1
7697 516 1
893 516 1
6884 516 1
4976 516 1
5345 516 1
3288 516 1
800 516 1
7062 516 1
5013 516 1
3592 516 1
3346 516 1
7018 516 1
1503 516 1
4063 516 1
4930 516 1
1032 516 1
1582 516 1
3737 516 1
5261 516 1
4994 516 1
3133 516 1
7032 516 1
1063 516 1
3215 516 1
3857 516 1
5925 516 1
865 517 1
1261 517 1
1871 518 1
3878 518 1
7752 518 1
604 518 1
6562 518 1
5901 518 1
7775 518 1
5008 519 1
7776 519 1
7332 520 1
829 520 1
4291 520 1
5611 520 1
7144 520 1
5848 520 1
1516 520 1
5529 520 1
7777 520 1
3480 520 1
838 520 1
1885 520 1
3986 520 1
7131 520 1
7548 520 1
5775 520 1
6794 520 1
1689 520 1
7778 520 1
3787 520 1
3011 520 1
5228 520 1
7062 520 1
2658 520 1
3534 520 1
4508 520 1
1810 520 1
5575 520 1
5635 520 1
5581 520 1
5066 520 1
4662 520 1
6924 520 1
6450 520 1
1157 520 1
4822 520 1
5345 520 1
1143 521 1
5109 521 1
3095 521 1
5481 521 1
5919 521 1
6738 521 1
2963 521 1
6776 521 1
3205 521 1
6960 521 1
5444 521 1
7057 521 1
6987 521 1
7160 521 1
6991 521 1
1683 521 1
5484 521 1
5628 521 1
7779 521 1
3639 521 1
6798 521 1
5597 521 1
7179 521 1
5729 521 1
6655 521 1
6800 521 1
7780 521 1
3386 521 1
1561 521 1
1758 521 1
5949 521 1
5773 521 1
7781 521 1
7102 521 1
1107 521 1
3546 521 1
3826 521 1
7658 521 1
5087 521 1
6859 521 1
7782 521 1
2188 521 1
3195 521 1
2820 521 1
6555 521 1
5847 521 1
7640 521 1
5427 521 1
6932 522 1
7783 523 1
7784 523 1
6655 523 1
2205 523 1
7785 524 1
2174 524 1
7786 524 1
2822 525 1
6484 526 1
7171 526 1
2128 526 1
6018 526 1
6039 526 1
7787 526 1
6776 527 1
5310 528 1
4354 528 1
3002 528 1
5688 528 1
5803 528 1
865 529 1
6767 529 1
693 529 1
6641 530 1
3754 530 1
6818 530 1
1123 530 1
3147 530 1
5647 530 1
7072 530 1
7058 530 1
3711 530 1
2839 530 1
6692 530 1
6897 530 1
6756 530 1
941 530 1
1722 530 1
7742 530 1
3980 530 1
5618 530 1
1327 530 1
7594 531 1
3836 531 1
6187 531 1
4660 532 1
3005 533 1
5403 534 1
997 535 1
7788 535 1
2845 536 1
4386 536 1
6748 536 1
2465 536 1
2430 536 1
2905 536 1
7789 536 1
7790 536 1
6867 536 1
1683 537 1
7791 537 1
7792 538 1
6555 539 1
3454 540 1
652 540 1
1733 540 1
1115 540 1
778 540 1
777 540 1
3672 540 1
1542 540 1
6854 540 1
3261 540 1
7793 540 1
7794 541 1
2111 542 1
5881 542 1
779 542 1
5085 542 1
3823 543 1
5314 544 1
955 545 1
7795 545 1
1719 546 1
7796 546 1
7797 546 1
1419 546 1
875 547 1
5738 548 1
7798 548 1
1104 548 1
5817 549 1
5600 549 1
3601 549 1
7730 549 1
7799 549 1
934 549 1
3059 550 1
5012 550 1
1515 550 1
6591 550 1
1453 550 1
3831 550 1
7800 550 1
5017 550 1
5627 550 1
5606 550 1
3610 550 1
3714 550 1
3443 551 1
7801 551 1
7802 551 1
7803 552 1
4094 553 1
650 554 1
2925 554 1
1426 554 1
6747 555 1
5668 556 1
5595 557 1
1459 557 1
2553 558 1
7804 558 1
7805 558 1
7806 559 1
2456 560 1
7321 560 1
6250 560 1
1840 560 1
5052 560 1
6907 560 1
7807 561 1
6779 562 1
7808 563 1
7265 563 1
6306 564 1
7809 564 1
7810 565 1
2407 565 1
7811 566 1
6710 566 1
6768 567 1
2079 568 1
2020 568 1
7812 568 1
3629 569 1
7813 569 1
7216 569 1
5902 569 1
6267 569 1
7814 570 1
7815 571 1
2220 571 1
7816 572 1
1587 572 1
7817 573 1
3748 573 1
3249 573 1
1265 574 1
5207 574 1
5975 574 1
5068 575 1
849 575 1
1330 575 1
4295 575 1
5999 575 1
689 575 1
6908 575 1
1323 575 1
622 575 1
6572 575 1
5670 576 1
7818 576 1
4040 577 1
7217 578 1
6281 579 1
5901 580 1
7819 581 1
5576 581 1
6607 581 1
1336 582 1
6891 583 1
4964 583 1
5018 583 1
6264 583 1
5699 583 1
2841 583 1
3772 583 1
3174 583 1
586 583 1
7820 583 1
6625 583 1
6699 583 1
4996 583 1
3733 584 1
7310 584 1
6198 584 1
3586 584 1
7821 584 1
7822 585 1
7823 585 1
6850 585 1
5380 585 1
5018 586 1
6699 586 1
4382 587 1
5298 588 1
5380 589 1
3541 589 1
7824 589 1
891 589 1
6850 589 1
2919 589 1
3529 590 1
7756 591 1
2832 592 1
2897 592 1
5690 592 1
2977 592 1
4041 592 1
2831 592 1
3518 593 1
1251 594 1
6845 594 1
5159 594 1
5664 594 1
3718 594 1
4921 594 1
4364 594 1
5371 594 1
7825 595 1
4740 595 1
1831 595 1
7491 595 1
7826 595 1
6720 595 1
2474 596 1
7609 597 1
5955 597 1
6894 597 1
7041 597 1
5752 598 1
2927 599 1
4731 600 1
6479 600 1
1064 600 1
6823 600 1
1274 601 1
7827 602 1
5562 603 1
6290 604 1
7828 604 1
1126 604 1
7273 604 1
1608 604 1
3656 604 1
7136 604 1
5274 604 1
1584 604 1
3833 604 1
1227 604 1
7829 604 1
5165 604 1
7767 604 1
6724 604 1
5114 604 1
5812 604 1
1046 604 1
5997 604 1
3189 604 1
7830 604 1
5768 604 1
4587 604 1
7061 604 1
865 604 1
3139 604 1
6727 604 1
1015 604 1
1410 604 1
7075 604 1
6858 604 1
1530 604 1
778 604 1
715 604 1
5993 604 1
1494 604 1
3441 604 1
3577 604 1
5234 604 1
4364 604 1
7831 604 1
6768 604 1
7832 604 1
7818 604 1
5287 604 1
6863 604 1
3422 604 1
1414 604 1
875 604 1
5578 604 1
3363 604 1
3434 604 1
2987 604 1
7155 604 1
3784 604 1
5324 604 1
6667 604 1
1095 604 1
5901 604 1
7833 604 1
6990 604 1
3325 604 1
5151 604 1
7834 604 1
7835 605 1
1824 605 1
1353 606 1
5003 607 1
1642 608 1
5062 608 1
7836 609 1
7485 609 1
5192 610 1
7837 611 1
2927 611 1
3146 612 1
7838 613 1
3262 614 1
7839 615 1
7840 615 1
3598 616 1
6201 617 1
7188 617 1
7225 617 1
1692 617 1
6005 617 1
2689 617 1
7841 617 1
2992 617 1
7495 617 1
7842 617 1
2014 617 1
4221 617 1
4356 617 1
6970 617 1
7843 617 1
7232 617 1
7065 618 1
5801 618 1
7116 618 1
4516 618 1
7697 618 1
893 618 1
6755 618 1
6884 618 1
4976 618 1
5345 618 1
3288 618 1
6849 618 1
4026 618 1
800 618 1
7062 618 1
5013 618 1
3592 618 1
3346 618 1
7144 618 1
7018 618 1
4063 618 1
4930 618 1
5848 618 1
3660 618 1
6933 618 1
1032 618 1
1582 618 1
3737 618 1
5261 618 1
6943 618 1
7051 618 1
7032 618 1
5544 618 1
1063 618 1
6924 618 1
3215 618 1
3857 618 1
5529 618 1
5925 618 1
3680 619 1
5488 619 1
3908 620 1
2073 620 1
5209 620 1
4662 620 1
6971 621 1
5068 622 1
849 622 1
7844 622 1
1330 622 1
5999 622 1
689 622 1
6908 622 1
1323 622 1
6572 622 1
7845 622 1
1209 622 1
3547 623 1
7846 623 1
4138 624 1
1301 624 1
7847 624 1
703 624 1
3410 624 1
3698 624 1
6809 624 1
3569 625 1
5351 626 1
5146 626 1
907 626 1
1406 627 1
1749 627 1
6487 628 1
7848 629 1
7849 630 1
3114 630 1
895 630 1
5004 630 1
1143 631 1
5696 631 1
5756 631 1
1785 631 1
781 631 1
3582 631 1
6765 631 1
6568 631 1
1689 631 1
7850 631 1
4951 631 1
5569 631 1
3460 631 1
5224 631 1
897 631 1
5335 631 1
7129 631 1
6874 631 1
4122 631 1
6655 631 1
3919 631 1
3738 631 1
6863 631 1
6883 631 1
762 631 1
5835 631 1
4937 631 1
7173 631 1
6859 631 1
6656 631 1
2921 631 1
2860 631 1
7851 631 1
3176 631 1
1202 631 1
6736 631 1
633 631 1
3941 631 1
5480 632 1
5696 633 1
7850 633 1
3738 633 1
1202 633 1
6736 633 1
1268 634 1
2918 634 1
792 634 1
7852 634 1
978 634 1
937 635 1
7188 636 1
2935 636 1
2844 636 1
7853 636 1
901 636 1
4023 636 1
3042 636 1
5959 636 1
5849 636 1
3049 636 1
5018 636 1
6762 636 1
7854 636 1
7600 636 1
1640 636 1
5699 636 1
3292 636 1
7855 636 1
1684 636 1
1297 636 1
5934 636 1
4974 636 1
3982 636 1
3831 636 1
5976 636 1
867 636 1
936 636 1
1517 636 1
3395 636 1
7856 636 1
908 636 1
690 636 1
3772 636 1
6605 636 1
2816 636 1
7857 636 1
7601 636 1
6281 636 1
7858 636 1
6671 636 1
7859 636 1
7860 636 1
1549 636 1
6602 636 1
4996 636 1
6608 637 1
3131 637 1
1143 638 1
7005 638 1
7861 638 1
5402 638 1
6891 638 1
6774 638 1
3092 638 1
3880 638 1
2895 638 1
1457 638 1
3896 638 1
699 638 1
3965 638 1
6679 638 1
2930 638 1
2865 638 1
1330 638 1
7862 638 1
906 638 1
3437 638 1
5248 638 1
882 638 1
3830 638 1
7863 638 1
5023 638 1
7139 638 1
6710 638 1
3294 638 1
3169 638 1
5681 638 1
2999 638 1
7597 638 1
4095 638 1
3844 638 1
1604 638 1
7864 638 1
6572 638 1
3978 638 1
6743 638 1
1176 638 1
7865 638 1
3451 638 1
2927 638 1
7866 638 1
6555 638 1
7867 638 1
7868 638 1
737 639 1
7869 639 1
5768 640 1
4117 641 1
7670 641 1
7136 641 1
5165 641 1
5342 641 1
7106 641 1
4364 641 1
1663 641 1
7155 641 1
929 641 1
5212 641 1
5126 641 1
7314 641 1
6204 641 1
3871 641 1
5151 641 1
7830 642 1
1679 643 1
1674 643 1
5143 644 1
6801 645 1
1166 645 1
7190 645 1
7870 645 1
6098 646 1
2470 646 1
6470 646 1
7871 647 1
7872 647 1
7873 647 1
7874 648 1
7875 648 1
7876 648 1
1617 649 1
7793 649 1
2925 650 1
5010 650 1
6241 650 1
6575 650 1
7044 650 1
7877 650 1
3338 650 1
1426 650 1
6217 650 1
5557 650 1
7878 650 1
7879 650 1
1335 651 1
7880 652 1
3672 652 1
1657 652 1
1143 653 1
1689 653 1
5267 653 1
7285 653 1
1251 653 1
5809 653 1
7881 653 1
4977 653 1
5683 653 1
1431 653 1
6858 653 1
5342 653 1
970 653 1
3460 653 1
6636 653 1
5970 653 1
1663 653 1
3525 653 1
5549 653 1
5324 653 1
6204 653 1
5163 653 1
6930 653 1
5151 653 1
7123 653 1
5257 653 1
6713 654 1
5189 655 1
2856 655 1
2935 655 1
6891 655 1
3042 655 1
1247 655 1
6244 655 1
6917 655 1
936 655 1
3681 655 1
3770 655 1
6619 656 1
4757 657 1
1021 658 1
7882 658 1
7883 658 1
6358 658 1
7884 659 1
7885 659 1
7886 659 1
5792 660 1
1406 661 1
7887 661 1
4962 661 1
7168 661 1
4075 662 1
7888 662 1
5695 662 1
7889 662 1
6162 663 1
5085 664 1
3211 665 1
2963 665 1
4617 665 1
7890 665 1
3831 665 1
1337 665 1
7891 666 1
7892 666 1
1755 666 1
5716 667 1
6436 667 1
6467 668 1
1538 669 1
7893 669 1
2395 670 1
787 670 1
1143 671 1
6716 671 1
5464 671 1
7135 671 1
7722 671 1
5484 671 1
807 671 1
2188 671 1
6924 672 1
5529 672 1
1549 673 1
5536 674 1
5848 674 1
5529 674 1
1547 675 1
7894 676 1
5173 676 1
5121 677 1
6670 678 1
5050 679 1
5597 679 1
1344 680 1
970 681 1
3468 682 1
5868 683 1
1689 683 1
738 683 1
5351 683 1
3733 683 1
5864 683 1
1529 683 1
1470 683 1
7266 683 1
7310 683 1
5243 683 1
3915 683 1
7303 683 1
6198 683 1
6655 683 1
1435 683 1
6989 683 1
5978 683 1
7317 683 1
3855 683 1
6608 683 1
4511 683 1
7895 684 1
5174 684 1
7896 684 1
7897 684 1
7898 685 1
3037 685 1
3520 685 1
3705 685 1
7899 686 1
5137 686 1
5331 687 1
5190 688 1
5068 689 1
849 689 1
1246 689 1
1040 689 1
7844 689 1
7900 689 1
1330 689 1
4995 689 1
5241 689 1
3773 689 1
5999 689 1
5869 689 1
3981 689 1
1754 689 1
1170 689 1
6908 689 1
5739 689 1
1323 689 1
3758 689 1
6572 689 1
7845 689 1
1649 689 1
5883 689 1
3128 689 1
1769 689 1
5958 689 1
1209 689 1
5854 690 1
2935 690 1
2844 690 1
6774 690 1
4023 690 1
3042 690 1
7653 690 1
5699 690 1
3292 690 1
5200 690 1
5366 690 1
1297 690 1
5934 690 1
3982 690 1
3831 690 1
7856 690 1
6873 690 1
6605 690 1
2816 690 1
6671 690 1
763 690 1
2981 690 1
1549 690 1
4996 690 1
7901 690 1
6819 690 1
6633 690 1
7902 691 1
7903 692 1
7904 692 1
4474 692 1
7905 692 1
5878 692 1
1198 692 1
7906 692 1
7907 692 1
3322 692 1
1437 692 1
3902 692 1
3114 692 1
3533 692 1
4056 692 1
7670 693 1
7136 693 1
6888 693 1
5664 693 1
754 693 1
5706 693 1
6767 693 1
6957 694 1
1804 695 1
5121 696 1
7793 697 1
2831 698 1
7908 699 1
7909 699 1
6621 700 1
7297 700 1
3203 701 1
2792 702 1
7910 702 1
2239 702 1
5459 702 1
4891 702 1
5112 702 1
7911 702 1
5559 702 1
1217 702 1
5887 702 1
3339 702 1
7912 702 1
5909 702 1
4851 702 1
7913 702 1
6455 702 1
1554 702 1
3789 702 1
7074 702 1
7914 702 1
7351 702 1
4531 702 1
6925 702 1
7915 702 1
6683 702 1
1301 703 1
7847 703 1
6809 703 1
6000 704 1
7592 705 1
5916 706 1
6776 706 1
6800 706 1
3178 707 1
7916 707 1
7369 708 1
3985 709 1
7917 710 1
1005 710 1
7918 710 1
7919 710 1
3153 711 1
1793 711 1
1166 712 1
7056 713 1
7920 714 1
1853 714 1
6639 714 1
6176 714 1
1668 715 1
7285 715 1
7921 715 1
7922 715 1
7923 715 1
7924 715 1
3784 715 1
3355 715 1
5151 715 1
7925 715 1
7926 715 1
7927 715 1
5706 715 1
7155 715 1
1784 715 1
7928 716 1
5259 717 1
5584 718 1
5231 718 1
3929 718 1
3893 718 1
6872 718 1
1143 718 1
7302 718 1
3804 718 1
7113 718 1
7309 718 1
5278 718 1
6765 718 1
1689 718 1
6703 718 1
5218 718 1
4951 718 1
6318 718 1
5389 718 1
2271 718 1
5683 718 1
7100 718 1
7093 718 1
7129 718 1
5301 718 1
7159 718 1
3876 718 1
1774 718 1
1572 718 1
3870 718 1
3072 718 1
7102 718 1
5835 718 1
6757 718 1
5320 718 1
5549 718 1
6945 718 1
6628 718 1
6985 718 1
7098 719 1
5905 720 1
1823 720 1
7203 720 1
6845 720 1
3606 720 1
2834 720 1
1746 721 1
7929 722 1
3793 723 1
7930 724 1
6932 724 1
7440 724 1
7931 725 1
1663 725 1
5324 725 1
5895 726 1
6957 726 1
3697 727 1
2868 727 1
1646 727 1
5901 727 1
7932 727 1
7933 727 1
7934 727 1
5194 728 1
4382 728 1
7935 728 1
7936 729 1
754 730 1
7937 730 1
7938 731 1
2551 731 1
7939 731 1
5470 732 1
5638 733 1
741 734 1
6555 734 1
7940 734 1
1015 734 1
5578 734 1
7155 734 1
7941 735 1
7942 736 1
7943 736 1
1724 736 1
7086 736 1
5098 736 1
1545 736 1
3452 736 1
5728 736 1
7944 737 1
7869 737 1
5397 738 1
2048 738 1
5675 738 1
5868 738 1
1179 738 1
1689 738 1
7580 738 1
4997 738 1
5477 738 1
1683 738 1
1470 738 1
7620 738 1
6588 738 1
778 738 1
5243 738 1
1946 738 1
5938 738 1
6655 738 1
6386 738 1
1435 738 1
2265 738 1
6768 738 1
6609 738 1
3855 738 1
6737 738 1
5658 739 1
7945 739 1
863 739 1
4402 740 1
3843 740 1
7946 740 1
7947 741 1
5578 741 1
7155 741 1
7771 742 1
1067 743 1
5690 743 1
2831 743 1
1414 743 1
4070 744 1
2210 745 1
7190 745 1
4353 745 1
5058 745 1
7214 745 1
7948 745 1
2098 745 1
6139 745 1
4471 746 1
2775 746 1
7949 746 1
3305 747 1
3032 748 1
7742 748 1
944 749 1
5351 749 1
6800 750 1
3461 750 1
1497 750 1
2374 751 1
5870 751 1
5560 752 1
1613 752 1
3997 752 1
4563 752 1
5602 752 1
1601 752 1
4393 752 1
6060 752 1
6662 752 1
7181 753 1
1619 753 1
7670 754 1
6888 754 1
7314 754 1
5163 754 1
3871 754 1
7034 755 1
1547 756 1
7950 756 1
1701 756 1
7710 757 1
6200 758 1
4474 758 1
794 758 1
2348 758 1
7951 759 1
5002 759 1
5274 760 1
5382 761 1
1143 762 1
5224 762 1
897 762 1
7129 762 1
6874 762 1
6655 762 1
3919 762 1
3738 762 1
5141 762 1
6883 762 1
7173 762 1
5756 762 1
3396 762 1
1785 762 1
3582 762 1
6568 762 1
1689 762 1
4951 762 1
5569 762 1
3460 762 1
5335 762 1
4122 762 1
6863 762 1
4937 762 1
6859 762 1
2860 762 1
3176 762 1
3941 762 1
2844 763 1
3292 763 1
1297 763 1
5934 763 1
867 763 1
6605 763 1
6671 763 1
4996 763 1
3831 763 1
908 763 1
6375 764 1
3363 765 1
7952 765 1
7953 766 1
6121 766 1
3692 766 1
7954 766 1
3278 766 1
5037 766 1
3309 766 1
3819 766 1
2826 766 1
7955 766 1
6655 767 1
3478 767 1
3223 768 1
5572 768 1
6287 768 1
7956 768 1
7957 768 1
7958 768 1
5331 768 1
7959 769 1
6751 769 1
2972 769 1
7960 769 1
7961 769 1
3697 769 1
7962 769 1
1876 769 1
7963 769 1
5219 769 1
7964 769 1
7965 769 1
7353 769 1
1298 769 1
1121 769 1
3482 769 1
7966 769 1
3292 770 1
7857 770 1
906 771 1
7161 772 1
3235 772 1
7967 772 1
3363 772 1
7968 773 1
5708 773 1
7969 773 1
1495 774 1
831 775 1
3937 776 1
4376 777 1
4735 777 1
3347 777 1
7136 777 1
7970 777 1
1046 777 1
7830 777 1
7061 777 1
865 777 1
1281 777 1
5121 777 1
1015 777 1
5343 777 1
1115 777 1
3683 777 1
778 777 1
5341 777 1
6562 777 1
7523 777 1
1205 777 1
7088 777 1
7971 777 1
3672 777 1
1414 777 1
3434 777 1
1663 777 1
3175 777 1
2987 777 1
7155 777 1
1542 777 1
5151 777 1
1387 778 1
5997 778 1
865 778 1
1261 778 1
5196 778 1
3672 778 1
1467 778 1
3434 778 1
1542 778 1
5243 778 1
5085 779 1
3091 780 1
7972 780 1
7973 780 1
1143 781 1
5756 781 1
7309 781 1
5944 781 1
3582 781 1
6765 781 1
7974 781 1
6568 781 1
1689 781 1
4951 781 1
2907 781 1
5569 781 1
3460 781 1
897 781 1
7975 781 1
7129 781 1
6874 781 1
6655 781 1
3919 781 1
3738 781 1
3005 781 1
5287 781 1
6863 781 1
6883 781 1
5634 781 1
5835 781 1
7173 781 1
6859 781 1
7976 781 1
2921 781 1
6930 781 1
2860 781 1
3176 781 1
5927 781 1
3941 781 1
3414 782 1
2866 782 1
7746 782 1
4077 782 1
1138 783 1
795 784 1
7693 784 1
2221 785 1
7977 785 1
4769 785 1
1333 785 1
2258 786 1
7978 786 1
2395 787 1
4453 788 1
6768 788 1
1659 788 1
6990 788 1
2776 788 1
7979 789 1
4658 790 1
6483 790 1
2610 790 1
7181 790 1
2844 791 1
7980 792 1
1268 792 1
7981 792 1
2918 792 1
7852 792 1
978 792 1
7982 792 1
5584 793 1
809 793 1
1148 793 1
3996 793 1
5324 793 1
2197 793 1
7983 793 1
5809 793 1
7984 793 1
7985 793 1
1783 793 1
7986 794 1
2348 794 1
7717 794 1
5853 795 1
1620 795 1
6557 795 1
7987 795 1
3321 795 1
3939 795 1
1733 795 1
3374 795 1
7988 795 1
7989 795 1
6777 795 1
7660 795 1
3446 795 1
1367 795 1
7674 795 1
7990 795 1
5463 795 1
3672 795 1
4019 795 1
4086 795 1
3261 795 1
3125 795 1
7991 795 1
7676 795 1
5136 795 1
1163 795 1
6903 795 1
7675 795 1
5816 795 1
2876 795 1
3962 795 1
7992 795 1
7993 795 1
7353 796 1
5419 797 1
7994 797 1
3087 797 1
6951 798 1
7979 799 1
7065 800 1
5801 800 1
7116 800 1
4516 800 1
7697 800 1
893 800 1
6884 800 1
4976 800 1
5345 800 1
3288 800 1
6849 800 1
4026 800 1
7062 800 1
5013 800 1
3592 800 1
3346 800 1
7144 800 1
7018 800 1
1503 800 1
4063 800 1
5848 800 1
3660 800 1
6933 800 1
1032 800 1
1582 800 1
3737 800 1
5261 800 1
6943 800 1
7051 800 1
3133 800 1
7032 800 1
5544 800 1
1063 800 1
6924 800 1
3215 800 1
3857 800 1
5529 800 1
5925 800 1
5214 801 1
7995 801 1
5471 801 1
1302 801 1
6326 802 1
7996 802 1
7078 802 1
3028 803 1
7997 803 1
7998 804 1
7999 804 1
1406 804 1
2413 804 1
3253 804 1
4581 805 1
8000 806 1
1143 807 1
7135 807 1
5484 807 1
2188 807 1
6716 807 1
7722 807 1
857 807 1
4969 807 1
5137 807 1
1539 807 1
1574 807 1
8001 807 1
3756 807 1
5464 807 1
1574 808 1
5956 809 1
8002 809 1
6389 809 1
1783 809 1
1948 809 1
5158 809 1
4187 809 1
1593 810 1
5819 810 1
8003 811 1
1016 811 1
5842 812 1
8004 812 1
1849 812 1
995 812 1
2951 812 1
964 812 1
5336 812 1
1595 812 1
1424 812 1
5121 813 1
1606 814 1
7061 814 1
4079 814 1
8005 814 1
8006 814 1
7089 814 1
4184 814 1
4540 814 1
3863 814 1
7500 815 1
6162 816 1
6652 817 1
1676 818 1
8007 818 1
4832 818 1
4411 818 1
2425 818 1
4460 818 1
1745 819 1
4070 820 1
8008 820 1
1637 821 1
7972 822 1
8009 822 1
8010 822 1
3451 823 1
6909 824 1
3417 824 1
6960 825 1
2841 826 1
8011 826 1
5025 826 1
4662 827 1
5790 828 1
1643 828 1
5593 828 1
5768 828 1
1445 829 1
7332 829 1
7131 829 1
6755 829 1
4137 829 1
6794 829 1
1689 829 1
2936 829 1
2377 829 1
5611 829 1
6849 829 1
4026 829 1
3011 829 1
5228 829 1
3534 829 1
5766 829 1
3346 829 1
7144 829 1
5848 829 1
1810 829 1
5635 829 1
5066 829 1
4662 829 1
6924 829 1
6450 829 1
3857 829 1
1157 829 1
5529 829 1
4660 829 1
5273 830 1
4074 830 1
1179 831 1
3915 831 1
1593 831 1
5819 831 1
5997 832 1
3433 832 1
3488 832 1
3318 832 1
1763 832 1
5385 832 1
8012 832 1
8013 832 1
8014 832 1
901 833 1
7704 833 1
8015 834 1
5368 834 1
1683 835 1
3283 835 1
4257 836 1
2144 836 1
6317 836 1
6191 836 1
2284 836 1
5420 837 1
7777 838 1
1341 838 1
6314 838 1
6755 838 1
4137 838 1
3625 838 1
4291 838 1
5345 838 1
3480 838 1
6247 838 1
2653 838 1
8016 838 1
3346 838 1
1885 838 1
3986 838 1
8017 839 1
3997 840 1
6662 840 1
5651 841 1
8018 841 1
3843 841 1
4484 841 1
6428 842 1
4889 842 1
6038 842 1
4458 842 1
4487 842 1
1981 842 1
6637 842 1
6068 842 1
7014 842 1
2721 842 1
6753 842 1
846 842 1
5914 842 1
7251 842 1
7105 842 1
2045 842 1
5638 843 1
4565 844 1
1539 845 1
3756 845 1
1971 846 1
6428 846 1
4889 846 1
6038 846 1
4458 846 1
5474 846 1
1981 846 1
6637 846 1
7014 846 1
2721 846 1
2270 846 1
6048 846 1
7286 846 1
5914 846 1
7251 846 1
6555 846 1
7105 846 1
4554 846 1
2045 846 1
4469 847 1
7652 848 1
5324 848 1
5068 849 1
7844 849 1
1330 849 1
5999 849 1
6908 849 1
1323 849 1
6572 849 1
7845 849 1
1209 849 1
8019 850 1
970 850 1
8020 851 1
6849 852 1
5686 853 1
2027 854 1
5190 855 1
3366 856 1
5137 857 1
4004 858 1
3598 859 1
8021 859 1
8022 860 1
2897 861 1
4041 861 1
2831 861 1
8023 862 1
3020 863 1
2872 863 1
7670 863 1
8024 863 1
1406 864 1
8025 864 1
4117 865 1
1499 865 1
7670 865 1
3347 865 1
5582 865 1
1018 865 1
3445 865 1
8026 865 1
1608 865 1
6962 865 1
3196 865 1
3875 865 1
7136 865 1
5790 865 1
5809 865 1
5165 865 1
1046 865 1
6847 865 1
7695 865 1
1524 865 1
1015 865 1
1431 865 1
3276 865 1
7075 865 1
6858 865 1
5342 865 1
3729 865 1
6888 865 1
5341 865 1
6882 865 1
1287 865 1
3425 865 1
1825 865 1
3441 865 1
4921 865 1
8027 865 1
7088 865 1
4364 865 1
3193 865 1
3434 865 1
3175 865 1
7155 865 1
5549 865 1
4936 865 1
5324 865 1
1542 865 1
6001 865 1
5212 865 1
5163 865 1
1095 865 1
3871 865 1
5151 865 1
7585 866 1
2935 867 1
5649 867 1
3292 867 1
5934 867 1
3982 867 1
6671 867 1
4996 867 1
6605 867 1
7144 868 1
7059 869 1
5809 870 1
4214 870 1
8028 870 1
8029 870 1
8030 870 1
6390 870 1
5388 870 1
8031 871 1
4199 871 1
3519 871 1
7903 871 1
7296 871 1
4449 871 1
3864 872 1
8032 873 1
7951 873 1
2602 874 1
7830 875 1
3656 875 1
5165 875 1
7767 875 1
6724 875 1
3139 875 1
3577 875 1
4364 875 1
3325 875 1
1222 876 1
5835 876 1
5009 877 1
5563 877 1
6801 877 1
5039 877 1
1166 877 1
3783 877 1
7080 877 1
3439 877 1
7625 877 1
5089 877 1
1433 877 1
7077 877 1
6475 878 1
3422 879 1
1035 880 1
7630 881 1
5730 881 1
6999 881 1
4042 881 1
8033 881 1
5124 881 1
5259 881 1
2613 881 1
2847 882 1
8034 882 1
8035 882 1
5104 882 1
5221 882 1
4005 882 1
7862 882 1
8036 882 1
7863 882 1
8037 882 1
3010 882 1
8038 882 1
5852 882 1
8039 882 1
7585 883 1
8040 884 1
7066 885 1
5813 886 1
936 887 1
2854 887 1
7820 887 1
5231 888 1
8041 888 1
8042 888 1
8043 889 1
1227 889 1
2452 889 1
3493 889 1
3532 889 1
8044 889 1
3436 889 1
8045 889 1
8046 889 1
1387 890 1
8047 890 1
8048 891 1
8049 891 1
1547 892 1
7065 893 1
5801 893 1
7116 893 1
4516 893 1
7697 893 1
6755 893 1
6884 893 1
3288 893 1
7062 893 1
5013 893 1
3592 893 1
3346 893 1
1503 893 1
4063 893 1
4930 893 1
5848 893 1
1582 893 1
3737 893 1
5261 893 1
6943 893 1
3133 893 1
7032 893 1
5544 893 1
1063 893 1
3215 893 1
3857 893 1
5925 893 1
6819 894 1
4941 894 1
1485 895 1
5004 895 1
1746 896 1
5584 897 1
5231 897 1
3929 897 1
3893 897 1
6872 897 1
1143 897 1
5756 897 1
7302 897 1
3804 897 1
7113 897 1
7309 897 1
1785 897 1
5543 897 1
5278 897 1
3129 897 1
3582 897 1
6765 897 1
6568 897 1
6703 897 1
5218 897 1
6566 897 1
4951 897 1
1512 897 1
6318 897 1
2271 897 1
5683 897 1
5569 897 1
7100 897 1
7093 897 1
5335 897 1
7129 897 1
6874 897 1
7159 897 1
4122 897 1
3876 897 1
6655 897 1
3919 897 1
5418 897 1
3738 897 1
1774 897 1
6883 897 1
1572 897 1
3870 897 1
3072 897 1
7102 897 1
1793 897 1
5835 897 1
6757 897 1
5320 897 1
4937 897 1
3034 897 1
5549 897 1
7173 897 1
5527 897 1
2860 897 1
3176 897 1
6945 897 1
6628 897 1
3657 897 1
6985 897 1
3941 897 1
7140 898 1
2844 898 1
6932 898 1
2927 898 1
8050 899 1
1025 899 1
5279 899 1
6928 899 1
6721 899 1
5708 899 1
8051 899 1
1545 899 1
1467 899 1
8052 899 1
3434 899 1
6944 899 1
8053 899 1
6629 899 1
2493 900 1
5402 901 1
2844 901 1
1539 901 1
3042 901 1
8054 901 1
3049 901 1
5018 901 1
8055 901 1
6762 901 1
1067 901 1
1640 901 1
936 901 1
8056 901 1
3714 901 1
7704 901 1
8057 901 1
7297 902 1
5345 903 1
8058 903 1
6800 904 1
6915 905 1
4980 905 1
8059 906 1
3092 906 1
8060 906 1
1457 906 1
6710 906 1
8061 906 1
4095 906 1
8062 906 1
3978 906 1
5146 907 1
5983 907 1
6671 908 1
2844 908 1
3042 908 1
3049 908 1
6762 908 1
7855 908 1
4974 908 1
3395 908 1
2344 909 1
8063 910 1
5263 911 1
6443 911 1
4284 911 1
4509 911 1
7281 911 1
7305 912 1
5263 913 1
5150 913 1
6443 913 1
4284 913 1
2192 913 1
4509 913 1
7281 913 1
3636 914 1
4421 915 1
2397 915 1
1116 916 1
2491 917 1
3825 918 1
1098 918 1
6711 919 1
5929 920 1
1406 921 1
8064 921 1
4020 921 1
3246 922 1
3472 922 1
8065 923 1
6085 923 1
8066 923 1
2153 923 1
5309 923 1
8067 923 1
8068 924 1
1227 924 1
8069 925 1
8070 925 1
3392 926 1
4617 927 1
2051 927 1
2424 928 1
1642 929 1
1668 929 1
3716 929 1
6882 929 1
8071 929 1
7923 929 1
7155 929 1
3533 930 1
6800 931 1
3396 932 1
7309 932 1
7620 932 1
1000 932 1
1879 932 1
8072 932 1
5859 933 1
8073 933 1
5621 933 1
4035 933 1
3110 933 1
8074 933 1
6761 933 1
1824 933 1
5817 934 1
7730 934 1
1126 935 1
3512 935 1
3189 935 1
8075 935 1
2935 936 1
2844 936 1
6891 936 1
1807 936 1
3985 936 1
6932 936 1
1640 936 1
6917 936 1
8076 936 1
5698 936 1
3451 936 1
2856 936 1
5402 936 1
1247 936 1
5018 936 1
6762 936 1
982 936 1
8077 936 1
4974 936 1
3395 936 1
7001 936 1
3772 936 1
5782 936 1
3770 936 1
8078 936 1
6555 936 1
4556 937 1
4922 938 1
5304 938 1
6467 939 1
2933 940 1
2630 940 1
6641 941 1
3754 941 1
6818 941 1
1123 941 1
3147 941 1
5647 941 1
7072 941 1
7058 941 1
3711 941 1
2839 941 1
6692 941 1
6897 941 1
6756 941 1
1722 941 1
7742 941 1
3980 941 1
5618 941 1
1327 941 1
6664 942 1
8079 943 1
7346 943 1
8023 944 1
7297 945 1
5535 946 1
3784 947 1
6656 947 1
6631 948 1
4445 949 1
4198 949 1
2672 949 1
8080 949 1
4789 950 1
8081 951 1
6922 952 1
1950 952 1
5392 953 1
6831 954 1
3846 954 1
1600 954 1
6858 954 1
5483 954 1
3467 954 1
7155 954 1
7094 955 1
7795 955 1
1571 955 1
6379 955 1
2940 955 1
5827 955 1
3203 955 1
6722 955 1
1227 955 1
1788 955 1
5477 955 1
3680 955 1
5499 955 1
7126 955 1
7076 955 1
5097 955 1
1679 955 1
1674 955 1
5332 955 1
7098 955 1
1922 956 1
5875 956 1
2603 956 1
7117 956 1
5651 957 1
5761 958 1
4516 959 1
4662 959 1
5201 959 1
5290 960 1
2407 960 1
2165 960 1
2356 960 1
2735 960 1
3175 960 1
5156 961 1
1544 962 1
6858 962 1
8082 962 1
2413 963 1
8004 964 1
1849 964 1
1585 964 1
8083 964 1
2824 964 1
1595 964 1
1424 964 1
8084 965 1
1901 965 1
3628 966 1
2258 966 1
6098 966 1
6463 966 1
7649 966 1
7192 966 1
1981 966 1
6744 966 1
5604 966 1
6655 966 1
5848 966 1
1435 966 1
2265 966 1
4861 966 1
7713 966 1
8085 967 1
3436 967 1
1419 968 1
3647 969 1
8086 969 1
7074 969 1
6968 969 1
4531 969 1
3929 970 1
3893 970 1
6872 970 1
1143 970 1
7302 970 1
3804 970 1
7113 970 1
7309 970 1
5842 970 1
8087 970 1
5214 970 1
8088 970 1
5278 970 1
6765 970 1
8004 970 1
1689 970 1
6703 970 1
1849 970 1
7285 970 1
1222 970 1
4951 970 1
3244 970 1
6318 970 1
1495 970 1
5768 970 1
2907 970 1
7100 970 1
993 970 1
5301 970 1
7159 970 1
3876 970 1
6655 970 1
5418 970 1
1774 970 1
1435 970 1
5970 970 1
5287 970 1
8089 970 1
1572 970 1
2951 970 1
5634 970 1
7102 970 1
2680 970 1
1000 970 1
6757 970 1
5320 970 1
3784 970 1
5346 970 1
5549 970 1
1302 970 1
5375 970 1
8090 970 1
6930 970 1
2860 970 1
4946 970 1
6945 970 1
5336 970 1
6628 970 1
5962 970 1
6985 970 1
1595 970 1
3283 971 1
7297 972 1
8091 973 1
6486 973 1
4467 973 1
4238 973 1
7709 974 1
8092 974 1
2177 975 1
5550 976 1
1421 977 1
1268 978 1
2918 978 1
7852 978 1
3033 979 1
8093 979 1
8094 979 1
1085 979 1
8095 979 1
8096 980 1
6307 981 1
8097 981 1
7485 981 1
4404 981 1
2935 982 1
6891 982 1
1640 982 1
3770 982 1
8078 982 1
3366 983 1
2031 983 1
6277 984 1
8098 984 1
8099 984 1
8017 985 1
8100 986 1
1570 986 1
2872 986 1
8101 987 1
3423 988 1
4974 989 1
7680 990 1
5708 991 1
7969 991 1
8102 991 1
5730 992 1
7132 992 1
6999 992 1
7067 992 1
4937 992 1
5124 992 1
1735 992 1
1526 992 1
1947 993 1
8103 993 1
7623 993 1
3579 993 1
1796 993 1
2680 993 1
8104 993 1
6842 993 1
1048 993 1
6775 993 1
6555 993 1
6925 994 1
3295 994 1
5842 995 1
8004 995 1
1849 995 1
8083 995 1
1595 995 1
1424 995 1
6752 996 1
3091 996 1
6774 996 1
5649 996 1
4082 996 1
6915 996 1
6619 996 1
8105 996 1
7028 996 1
2999 996 1
7597 996 1
6782 996 1
7598 996 1
3807 996 1
2979 996 1
2833 996 1
1604 996 1
8106 996 1
7128 997 1
8107 997 1
3428 997 1
5352 997 1
6932 998 1
8108 999 1
8109 999 1
8110 999 1
8111 999 1
2115 999 1
8112 999 1
8087 1000 1
2249 1000 1
3244 1000 1
3865 1000 1
5970 1000 1
5287 1000 1
5634 1000 1
5346 1000 1
4946 1000 1
5336 1000 1
6904 1001 1
8113 1002 1
4418 1002 1
8114 1003 1
3819 1004 1
7919 1005 1
6800 1006 1
1767 1006 1
5862 1006 1
6859 1007 1
2711 1008 1
3224 1008 1
8115 1009 1
5174 1009 1
8116 1009 1
4403 1009 1
1673 1010 1
7886 1011 1
2486 1012 1
6931 1012 1
1362 1012 1
3390 1012 1
4214 1012 1
5152 1012 1
8117 1012 1
2784 1012 1
6192 1012 1
8118 1012 1
4452 1012 1
5928 1013 1
4240 1013 1
8119 1013 1
7630 1014 1
4117 1015 1
6872 1015 1
5258 1015 1
1668 1015 1
1608 1015 1
3875 1015 1
5790 1015 1
1555 1015 1
5165 1015 1
1046 1015 1
6847 1015 1
7075 1015 1
6858 1015 1
3683 1015 1
5341 1015 1
7106 1015 1
3441 1015 1
3672 1015 1
1414 1015 1
3434 1015 1
1663 1015 1
6870 1015 1
7155 1015 1
8120 1015 1
5625 1015 1
4936 1015 1
5212 1015 1
5126 1015 1
1095 1015 1
5151 1015 1
8121 1015 1
1410 1015 1
1542 1015 1
5763 1016 1
8122 1016 1
8123 1017 1
5562 1017 1
8124 1017 1
2126 1017 1
2196 1017 1
8125 1017 1
8126 1017 1
8127 1017 1
8128 1017 1
8129 1017 1
3422 1017 1
8130 1017 1
8131 1017 1
8132 1017 1
7587 1017 1
8133 1017 1
6962 1018 1
3425 1018 1
5324 1018 1
8134 1018 1
5765 1019 1
8135 1020 1
5721 1020 1
1466 1020 1
8136 1020 1
8137 1021 1
5173 1022 1
8138 1023 1
3499 1023 1
1426 1023 1
5829 1023 1
1612 1023 1
6932 1024 1
8139 1024 1
3379 1024 1
7025 1024 1
8140 1024 1
8141 1024 1
8142 1024 1
6928 1025 1
6721 1025 1
8051 1025 1
1545 1025 1
1467 1025 1
3434 1025 1
6944 1025 1
8143 1026 1
2366 1026 1
5750 1027 1
6373 1028 1
8144 1028 1
6066 1029 1
2916 1029 1
7630 1030 1
3472 1031 1
7065 1032 1
5801 1032 1
7116 1032 1
4516 1032 1
7697 1032 1
6755 1032 1
6884 1032 1
4976 1032 1
3288 1032 1
6849 1032 1
3592 1032 1
3346 1032 1
7144 1032 1
1503 1032 1
4063 1032 1
4930 1032 1
3737 1032 1
5261 1032 1
6943 1032 1
4994 1032 1
3133 1032 1
5544 1032 1
6924 1032 1
3857 1032 1
5529 1032 1
4026 1032 1
7018 1032 1
7051 1032 1
1063 1032 1
8145 1033 1
5298 1034 1
8146 1035 1
8147 1035 1
8148 1035 1
5598 1035 1
2442 1035 1
2070 1036 1
5983 1036 1
7769 1036 1
8149 1036 1
8150 1037 1
5485 1037 1
4540 1038 1
8151 1039 1
6264 1039 1
1330 1040 1
4995 1040 1
6572 1040 1
1649 1040 1
5068 1040 1
1246 1040 1
7900 1040 1
5241 1040 1
3773 1040 1
5999 1040 1
5869 1040 1
3981 1040 1
1754 1040 1
1170 1040 1
5739 1040 1
1323 1040 1
3758 1040 1
5883 1040 1
3128 1040 1
1769 1040 1
5958 1040 1
4194 1041 1
2046 1041 1
8152 1041 1
5809 1042 1
3860 1043 1
4730 1043 1
8153 1043 1
4001 1044 1
5718 1044 1
8089 1045 1
5757 1046 1
1553 1046 1
7766 1046 1
1608 1046 1
5790 1046 1
5165 1046 1
6724 1046 1
6847 1046 1
5768 1046 1
8154 1046 1
6858 1046 1
5314 1046 1
3441 1046 1
3577 1046 1
8155 1046 1
7155 1046 1
5324 1046 1
8156 1046 1
5163 1046 1
5151 1046 1
8157 1047 1
2680 1048 1
8104 1048 1
8158 1049 1
5922 1049 1
4973 1049 1
2842 1049 1
8159 1049 1
8160 1049 1
8161 1049 1
2919 1049 1
5734 1049 1
8162 1049 1
6747 1049 1
8024 1050 1
7178 1051 1
8163 1051 1
5596 1052 1
6819 1052 1
1547 1053 1
7164 1054 1
7716 1054 1
4761 1054 1
7161 1054 1
6805 1054 1
3235 1054 1
5159 1054 1
2875 1054 1
6558 1054 1
7098 1054 1
6867 1054 1
8164 1054 1
8165 1054 1
1704 1055 1
6639 1055 1
1678 1056 1
2848 1057 1
5484 1057 1
3038 1057 1
8166 1057 1
8167 1058 1
1703 1058 1
5390 1058 1
7529 1058 1
8168 1058 1
6416 1058 1
3221 1059 1
8169 1059 1
8170 1059 1
1520 1059 1
8171 1059 1
3177 1059 1
8172 1060 1
4830 1060 1
2482 1060 1
3342 1061 1
8101 1062 1
3333 1062 1
7065 1063 1
5801 1063 1
7116 1063 1
4516 1063 1
7697 1063 1
6884 1063 1
4976 1063 1
5345 1063 1
3288 1063 1
7062 1063 1
5013 1063 1
3592 1063 1
3346 1063 1
7018 1063 1
1503 1063 1
4063 1063 1
4930 1063 1
1582 1063 1
3737 1063 1
5261 1063 1
6943 1063 1
4994 1063 1
3133 1063 1
7032 1063 1
3215 1063 1
3857 1063 1
5925 1063 1
8173 1064 1
8174 1064 1
5687 1065 1
6082 1066 1
3122 1067 1
8175 1067 1
7004 1067 1
3113 1067 1
5619 1068 1
3312 1069 1
1227 1070 1
4474 1070 1
2348 1070 1
6290 1070 1
6719 1070 1
7766 1070 1
6200 1070 1
8176 1070 1
1697 1070 1
2529 1070 1
8114 1071 1
4039 1071 1
5947 1071 1
1693 1071 1
6350 1072 1
1297 1073 1
8177 1073 1
7961 1074 1
1143 1075 1
5768 1075 1
8178 1075 1
8179 1075 1
6859 1075 1
4567 1076 1
8180 1077 1
8181 1077 1
5503 1077 1
5203 1078 1
8182 1079 1
4546 1080 1
4169 1080 1
5841 1080 1
7555 1080 1
2115 1080 1
5208 1080 1
8183 1081 1
1485 1082 1
3114 1082 1
5004 1082 1
2026 1083 1
3836 1083 1
5973 1083 1
6754 1083 1
2748 1083 1
8184 1083 1
8185 1083 1
1928 1083 1
4779 1083 1
3617 1084 1
3629 1085 1
5152 1085 1
6376 1085 1
3224 1085 1
8186 1085 1
8187 1085 1
5423 1085 1
1710 1085 1
4551 1085 1
4004 1086 1
5411 1087 1
8188 1087 1
8189 1087 1
8190 1087 1
1588 1087 1
5234 1087 1
6768 1087 1
1659 1087 1
5639 1087 1
5620 1087 1
3864 1087 1
3574 1087 1
3122 1088 1
8191 1089 1
7894 1089 1
6891 1090 1
1596 1091 1
8192 1092 1
6679 1092 1
7056 1092 1
5894 1093 1
8193 1093 1
8194 1094 1
8195 1094 1
8196 1094 1
8197 1095 1
5165 1095 1
6847 1095 1
6858 1095 1
5151 1095 1
6227 1096 1
7062 1097 1
7032 1097 1
5120 1097 1
2808 1098 1
3825 1098 1
6655 1099 1
1558 1100 1
5533 1101 1
1469 1101 1
2992 1102 1
1109 1103 1
3566 1103 1
7798 1104 1
6023 1105 1
1812 1106 1
1143 1107 1
5109 1107 1
3095 1107 1
5481 1107 1
5919 1107 1
3205 1107 1
6960 1107 1
5444 1107 1
7057 1107 1
7160 1107 1
6991 1107 1
1683 1107 1
5484 1107 1
5303 1107 1
5628 1107 1
3639 1107 1
6798 1107 1
7179 1107 1
5729 1107 1
3386 1107 1
1561 1107 1
1758 1107 1
5949 1107 1
5773 1107 1
7102 1107 1
3546 1107 1
3826 1107 1
6859 1107 1
2188 1107 1
6555 1107 1
5847 1107 1
7640 1107 1
5427 1107 1
3843 1108 1
4810 1109 1
4502 1109 1
8198 1109 1
8199 1109 1
8200 1109 1
8201 1109 1
3566 1109 1
5431 1109 1
6960 1110 1
8202 1111 1
8089 1111 1
4660 1111 1
8203 1111 1
6655 1112 1
1435 1112 1
2265 1112 1
7114 1113 1
8204 1113 1
7086 1113 1
1545 1113 1
2850 1113 1
8205 1113 1
3337 1113 1
3417 1114 1
6854 1115 1
6312 1115 1
8206 1115 1
6931 1116 1
8207 1116 1
8208 1116 1
5604 1116 1
3817 1116 1
8209 1116 1
8210 1116 1
7324 1117 1
2232 1117 1
1805 1118 1
8211 1119 1
1197 1120 1
7803 1120 1
8212 1120 1
1298 1121 1
7962 1121 1
7964 1121 1
8213 1122 1
7585 1122 1
8214 1122 1
8215 1122 1
2267 1122 1
8216 1122 1
8217 1122 1
5049 1122 1
6641 1123 1
3754 1123 1
6818 1123 1
3147 1123 1
5647 1123 1
7072 1123 1
7058 1123 1
3711 1123 1
2839 1123 1
6692 1123 1
6897 1123 1
6756 1123 1
1722 1123 1
7742 1123 1
3980 1123 1
5618 1123 1
1327 1123 1
8218 1124 1
8219 1125 1
8220 1125 1
8221 1125 1
5375 1125 1
3512 1126 1
3189 1126 1
8075 1126 1
7061 1126 1
1281 1126 1
8222 1126 1
5622 1126 1
6768 1126 1
8223 1126 1
4537 1127 1
5143 1128 1
4640 1129 1
5649 1130 1
8106 1130 1
8224 1131 1
5668 1131 1
8225 1132 1
1813 1132 1
8226 1133 1
4349 1134 1
7034 1135 1
6947 1136 1
6863 1137 1
2918 1138 1
1268 1138 1
2348 1138 1
5721 1138 1
4596 1138 1
8227 1138 1
8228 1139 1
1409 1139 1
8229 1139 1
6201 1140 1
4343 1140 1
4211 1140 1
8230 1140 1
4505 1140 1
6785 1140 1
8231 1140 1
1371 1140 1
4966 1140 1
1793 1140 1
1895 1140 1
4282 1140 1
7232 1140 1
7566 1140 1
6622 1140 1
6598 1141 1
1296 1142 1
8232 1142 1
5584 1143 1
5231 1143 1
3929 1143 1
3893 1143 1
6872 1143 1
3388 1143 1
5756 1143 1
7005 1143 1
7302 1143 1
6886 1143 1
5254 1143 1
3804 1143 1
7113 1143 1
2848 1143 1
7309 1143 1
5109 1143 1
6774 1143 1
3095 1143 1
1326 1143 1
3108 1143 1
5917 1143 1
5214 1143 1
1785 1143 1
5944 1143 1
3880 1143 1
5278 1143 1
3945 1143 1
3582 1143 1
6765 1143 1
1218 1143 1
8233 1143 1
6716 1143 1
5464 1143 1
1265 1143 1
6568 1143 1
5481 1143 1
1689 1143 1
5919 1143 1
6738 1143 1
2963 1143 1
6703 1143 1
5351 1143 1
7135 1143 1
3205 1143 1
7285 1143 1
1370 1143 1
1251 1143 1
5218 1143 1
3827 1143 1
1222 1143 1
4951 1143 1
1298 1143 1
8234 1143 1
7722 1143 1
8235 1143 1
6960 1143 1
5444 1143 1
3244 1143 1
7057 1143 1
5477 1143 1
6987 1143 1
3235 1143 1
2908 1143 1
7160 1143 1
4100 1143 1
6318 1143 1
1683 1143 1
7805 1143 1
5389 1143 1
1495 1143 1
2271 1143 1
5484 1143 1
6806 1143 1
7061 1143 1
2907 1143 1
5683 1143 1
8236 1143 1
5303 1143 1
6979 1143 1
5628 1143 1
3460 1143 1
7100 1143 1
5224 1143 1
3639 1143 1
8237 1143 1
6798 1143 1
3831 1143 1
5597 1143 1
1377 1143 1
5187 1143 1
7179 1143 1
5335 1143 1
7129 1143 1
5301 1143 1
6573 1143 1
7159 1143 1
2348 1143 1
5729 1143 1
4122 1143 1
3876 1143 1
6710 1143 1
6655 1143 1
5246 1143 1
3386 1143 1
3919 1143 1
7731 1143 1
5418 1143 1
3738 1143 1
1561 1143 1
1479 1143 1
1758 1143 1
1774 1143 1
1435 1143 1
2918 1143 1
5970 1143 1
1579 1143 1
6768 1143 1
5949 1143 1
5773 1143 1
5287 1143 1
6863 1143 1
5627 1143 1
1659 1143 1
4382 1143 1
6883 1143 1
3808 1143 1
1572 1143 1
3870 1143 1
8238 1143 1
3072 1143 1
5634 1143 1
7102 1143 1
1793 1143 1
3348 1143 1
7297 1143 1
5835 1143 1
6757 1143 1
6696 1143 1
5446 1143 1
5320 1143 1
4937 1143 1
3784 1143 1
3546 1143 1
3826 1143 1
7658 1143 1
6743 1143 1
5549 1143 1
5087 1143 1
7173 1143 1
6859 1143 1
1302 1143 1
5188 1143 1
7976 1143 1
5375 1143 1
6656 1143 1
2921 1143 1
4111 1143 1
5384 1143 1
5030 1143 1
2927 1143 1
6930 1143 1
6804 1143 1
2860 1143 1
2188 1143 1
6830 1143 1
6835 1143 1
3176 1143 1
6945 1143 1
6628 1143 1
2820 1143 1
7118 1143 1
6555 1143 1
5927 1143 1
5847 1143 1
6985 1143 1
3941 1143 1
4996 1143 1
7640 1143 1
5427 1143 1
3333 1144 1
8101 1144 1
6655 1145 1
3261 1146 1
7675 1147 1
5853 1147 1
1620 1147 1
6557 1147 1
3939 1147 1
3374 1147 1
7674 1147 1
5463 1147 1
4019 1147 1
3261 1147 1
7676 1147 1
5136 1147 1
5553 1147 1
6903 1147 1
5799 1147 1
7660 1147 1
5584 1148 1
1783 1148 1
3996 1148 1
5324 1148 1
6496 1149 1
2258 1150 1
8239 1150 1
5871 1151 1
7338 1151 1
4912 1151 1
6095 1151 1
7315 1151 1
8240 1151 1
6670 1151 1
4663 1151 1
7294 1151 1
6464 1151 1
7301 1151 1
2575 1151 1
6505 1151 1
6340 1151 1
2287 1151 1
8241 1151 1
6688 1151 1
3513 1151 1
6426 1151 1
6346 1151 1
5123 1152 1
6855 1153 1
5103 1153 1
3952 1154 1
5726 1154 1
5523 1155 1
5593 1155 1
1689 1155 1
5790 1155 1
8242 1155 1
8243 1156 1
7332 1157 1
7131 1157 1
6755 1157 1
4137 1157 1
7548 1157 1
6794 1157 1
1689 1157 1
5611 1157 1
3011 1157 1
5228 1157 1
2658 1157 1
3534 1157 1
7144 1157 1
5848 1157 1
1810 1157 1
5544 1157 1
6924 1157 1
6450 1157 1
4822 1157 1
1516 1157 1
5529 1157 1
7061 1158 1
8244 1158 1
5963 1159 1
2805 1160 1
8245 1160 1
8246 1160 1
7666 1161 1
6634 1161 1
7669 1161 1
1836 1161 1
6960 1162 1
5816 1163 1
1733 1163 1
6777 1163 1
3446 1163 1
3672 1163 1
7992 1163 1
4086 1163 1
3125 1163 1
3120 1163 1
4611 1164 1
4734 1164 1
4410 1164 1
7201 1164 1
7415 1164 1
6029 1165 1
6801 1166 1
5039 1166 1
7080 1166 1
8247 1166 1
3439 1166 1
7625 1166 1
5089 1166 1
5549 1166 1
6803 1166 1
7777 1167 1
1365 1167 1
3346 1167 1
5848 1167 1
3056 1167 1
3986 1167 1
1516 1167 1
6590 1168 1
7324 1169 1
5068 1170 1
1246 1170 1
1330 1170 1
4995 1170 1
3773 1170 1
5999 1170 1
5739 1170 1
1323 1170 1
3758 1170 1
6572 1170 1
1649 1170 1
5883 1170 1
3128 1170 1
1769 1170 1
5726 1171 1
8040 1172 1
8248 1173 1
3241 1174 1
5906 1174 1
7217 1174 1
5636 1175 1
3984 1175 1
6670 1176 1
1981 1176 1
2258 1176 1
6915 1176 1
5356 1176 1
6664 1176 1
8249 1176 1
8250 1176 1
8251 1176 1
8252 1176 1
8253 1176 1
3451 1176 1
2979 1176 1
6402 1177 1
8254 1177 1
7363 1178 1
1388 1179 1
2048 1179 1
5675 1179 1
1296 1179 1
3006 1179 1
7580 1179 1
6588 1179 1
8255 1179 1
7272 1179 1
5243 1179 1
3915 1179 1
1946 1179 1
1593 1179 1
5819 1179 1
6655 1179 1
6386 1179 1
1435 1179 1
2265 1179 1
1685 1179 1
6609 1179 1
6555 1179 1
6737 1179 1
7713 1179 1
5397 1179 1
8256 1179 1
7309 1179 1
5351 1179 1
6996 1179 1
6975 1179 1
5110 1179 1
7620 1179 1
6953 1179 1
6989 1179 1
1879 1179 1
3978 1179 1
6576 1179 1
1483 1179 1
8257 1179 1
6622 1179 1
6608 1179 1
3490 1179 1
6824 1180 1
6486 1181 1
5121 1182 1
4473 1183 1
8258 1183 1
3702 1184 1
7034 1185 1
3134 1186 1
6957 1187 1
6785 1188 1
5351 1189 1
7593 1190 1
8259 1191 1
3886 1191 1
4114 1192 1
4253 1192 1
8260 1192 1
1787 1193 1
4992 1194 1
5668 1195 1
8051 1196 1
5734 1197 1
3764 1197 1
7885 1197 1
8261 1197 1
8262 1197 1
8263 1197 1
8218 1197 1
1442 1197 1
3554 1197 1
8264 1197 1
4980 1197 1
5477 1198 1
5878 1198 1
4474 1198 1
8265 1198 1
4056 1198 1
1659 1198 1
8266 1198 1
6990 1198 1
3829 1198 1
6768 1199 1
6990 1199 1
3315 1200 1
5997 1201 1
5454 1201 1
4374 1201 1
1227 1201 1
5210 1201 1
7850 1202 1
6874 1202 1
3919 1202 1
7851 1202 1
6685 1203 1
1655 1203 1
8267 1204 1
6519 1204 1
8268 1205 1
6562 1205 1
7297 1205 1
7775 1205 1
2815 1206 1
5918 1206 1
2813 1207 1
8269 1207 1
7104 1207 1
8270 1208 1
5932 1208 1
2395 1208 1
5068 1209 1
1330 1209 1
4295 1209 1
5999 1209 1
6908 1209 1
1323 1209 1
6572 1209 1
8271 1210 1
8272 1210 1
5151 1210 1
5822 1211 1
5777 1212 1
5466 1212 1
1566 1212 1
6624 1212 1
5502 1212 1
5153 1212 1
5483 1212 1
1742 1212 1
3399 1212 1
5064 1212 1
3870 1212 1
5880 1212 1
3262 1212 1
5447 1212 1
5598 1212 1
3864 1212 1
8273 1212 1
3081 1212 1
5789 1212 1
5750 1213 1
2943 1214 1
4576 1215 1
7500 1215 1
7127 1216 1
5443 1217 1
2792 1217 1
5459 1217 1
7915 1217 1
5112 1217 1
8274 1217 1
5559 1217 1
5887 1217 1
3339 1217 1
5909 1217 1
4851 1217 1
6455 1217 1
1554 1217 1
3789 1217 1
6683 1217 1
7074 1217 1
7351 1217 1
4531 1217 1
3870 1218 1
3784 1218 1
5077 1219 1
8275 1219 1
8242 1220 1
7088 1221 1
6872 1222 1
7113 1222 1
8256 1222 1
7309 1222 1
3676 1222 1
1689 1222 1
5351 1222 1
5864 1222 1
5160 1222 1
5835 1222 1
3978 1222 1
6830 1222 1
6835 1222 1
3884 1222 1
6211 1223 1
3820 1223 1
5690 1224 1
4608 1225 1
7929 1225 1
1656 1225 1
7640 1226 1
5825 1227 1
6290 1227 1
3966 1227 1
1719 1227 1
7766 1227 1
1788 1227 1
6200 1227 1
5165 1227 1
5477 1227 1
5499 1227 1
7585 1227 1
5061 1227 1
6691 1227 1
3662 1227 1
8276 1227 1
8277 1227 1
1530 1227 1
4381 1227 1
7795 1227 1
7076 1227 1
3953 1227 1
2348 1227 1
8278 1227 1
6708 1227 1
8279 1227 1
8176 1227 1
5721 1227 1
1697 1227 1
1414 1227 1
8085 1227 1
3275 1227 1
4374 1227 1
5042 1227 1
8280 1227 1
7155 1227 1
3493 1227 1
8281 1227 1
8282 1227 1
2957 1227 1
2529 1227 1
5049 1227 1
5332 1227 1
8283 1227 1
8284 1227 1
8285 1227 1
5363 1228 1
8286 1229 1
3247 1229 1
3020 1229 1
8287 1230 1
1414 1230 1
4927 1231 1
5203 1232 1
3329 1232 1
8288 1232 1
4526 1232 1
2349 1232 1
4336 1232 1
5152 1232 1
6376 1232 1
3224 1232 1
6123 1232 1
3156 1232 1
1545 1232 1
5423 1232 1
8289 1232 1
6020 1232 1
2115 1232 1
4116 1233 1
6402 1233 1
5967 1233 1
3510 1233 1
6273 1233 1
6835 1233 1
4308 1233 1
1409 1233 1
8290 1234 1
5870 1234 1
8291 1235 1
3647 1235 1
4473 1235 1
8292 1235 1
6968 1235 1
2420 1236 1
8293 1237 1
2131 1237 1
8294 1237 1
8295 1237 1
8296 1237 1
2082 1237 1
8297 1238 1
5966 1238 1
7338 1239 1
4306 1239 1
7315 1239 1
2030 1239 1
5474 1239 1
4155 1239 1
4487 1239 1
6021 1239 1
2575 1239 1
8298 1239 1
6505 1239 1
1905 1239 1
7286 1239 1
4732 1239 1
3513 1239 1
6426 1239 1
6346 1239 1
1381 1239 1
7315 1240 1
4796 1240 1
6180 1240 1
6720 1240 1
3183 1241 1
1609 1241 1
5565 1241 1
5899 1241 1
2984 1241 1
6714 1241 1
7714 1242 1
3255 1243 1
5121 1244 1
8299 1244 1
3457 1245 1
1678 1245 1
8300 1245 1
5068 1246 1
7900 1246 1
1330 1246 1
4995 1246 1
3773 1246 1
5999 1246 1
5739 1246 1
1323 1246 1
3758 1246 1
6572 1246 1
1649 1246 1
5883 1246 1
3128 1246 1
1769 1246 1
2856 1247 1
2935 1247 1
6891 1247 1
1640 1247 1
6917 1247 1
8301 1247 1
7001 1247 1
5782 1247 1
3770 1247 1
8078 1247 1
8096 1248 1
1631 1249 1
8302 1249 1
3985 1250 1
6872 1251 1
1689 1251 1
3272 1251 1
7285 1251 1
4951 1251 1
8235 1251 1
1495 1251 1
7061 1251 1
6845 1251 1
5159 1251 1
5664 1251 1
3718 1251 1
4921 1251 1
6655 1251 1
8303 1251 1
4364 1251 1
5970 1251 1
6768 1251 1
8304 1251 1
5634 1251 1
5371 1251 1
3784 1251 1
1802 1251 1
3897 1251 1
6767 1251 1
5927 1251 1
8020 1252 1
8305 1253 1
8306 1253 1
7658 1253 1
2196 1254 1
7887 1255 1
7111 1255 1
4962 1255 1
6335 1255 1
6705 1255 1
3069 1255 1
3126 1255 1
5713 1255 1
5448 1255 1
8307 1255 1
6947 1255 1
7073 1255 1
4683 1255 1
2075 1256 1
8308 1257 1
1406 1258 1
8309 1259 1
7874 1259 1
8310 1259 1
8311 1260 1
5860 1260 1
8312 1261 1
8313 1261 1
8314 1261 1
1542 1261 1
3638 1262 1
3160 1263 1
8315 1263 1
7076 1264 1
8316 1265 1
1370 1265 1
2908 1265 1
7061 1265 1
6979 1265 1
6655 1265 1
1435 1265 1
6859 1265 1
6930 1265 1
8317 1265 1
2918 1265 1
5477 1265 1
8318 1265 1
1298 1265 1
5207 1265 1
5975 1265 1
8319 1265 1
8320 1266 1
1482 1267 1
2348 1268 1
2918 1268 1
5721 1268 1
4596 1268 1
8227 1268 1
7852 1268 1
1368 1269 1
2599 1270 1
7121 1271 1
7176 1271 1
4929 1271 1
7579 1271 1
6108 1271 1
6084 1271 1
1359 1271 1
5121 1272 1
1330 1273 1
1452 1273 1
7146 1273 1
7148 1273 1
2833 1273 1
5900 1273 1
4765 1273 1
3127 1273 1
6522 1273 1
2999 1273 1
7597 1273 1
4771 1273 1
7598 1273 1
2976 1273 1
4070 1274 1
2258 1274 1
8321 1274 1
5006 1274 1
5997 1274 1
8322 1274 1
3224 1274 1
2776 1274 1
2803 1275 1
1413 1276 1
7081 1276 1
5131 1277 1
5484 1277 1
8323 1277 1
5290 1278 1
2882 1278 1
7128 1279 1
1391 1279 1
2651 1280 1
6701 1280 1
7061 1281 1
7523 1281 1
8324 1281 1
6768 1281 1
4262 1282 1
7849 1283 1
5920 1283 1
3529 1283 1
5942 1283 1
3097 1283 1
4939 1283 1
5542 1283 1
8325 1283 1
3569 1283 1
3801 1283 1
8326 1284 1
7639 1285 1
7518 1285 1
8327 1285 1
8328 1285 1
3750 1286 1
8329 1286 1
4662 1286 1
8330 1287 1
3496 1287 1
4977 1287 1
8331 1287 1
5324 1287 1
1499 1287 1
5582 1287 1
3445 1287 1
1431 1287 1
3425 1287 1
8332 1288 1
4506 1288 1
2740 1289 1
8333 1289 1
8051 1290 1
5121 1291 1
6934 1292 1
5533 1293 1
8334 1293 1
5893 1293 1
5492 1293 1
5146 1293 1
6845 1293 1
8335 1293 1
8336 1293 1
8337 1294 1
2875 1294 1
5277 1294 1
8338 1294 1
5296 1295 1
8232 1296 1
7713 1296 1
2844 1297 1
4023 1297 1
3042 1297 1
8339 1297 1
8340 1297 1
3292 1297 1
5934 1297 1
3831 1297 1
6605 1297 1
4996 1297 1
1370 1298 1
2908 1298 1
7061 1298 1
7962 1298 1
5219 1298 1
6863 1298 1
6859 1298 1
6693 1298 1
7577 1299 1
1689 1300 1
8341 1300 1
6809 1301 1
5214 1302 1
6765 1302 1
1689 1302 1
7285 1302 1
2907 1302 1
5970 1302 1
7995 1302 1
5634 1302 1
5471 1302 1
7295 1303 1
4672 1304 1
5919 1305 1
4382 1305 1
8057 1305 1
7322 1306 1
2844 1307 1
5351 1308 1
8342 1309 1
6467 1309 1
8343 1309 1
3758 1310 1
8344 1310 1
7148 1310 1
8345 1310 1
2833 1310 1
3525 1311 1
8346 1312 1
7086 1312 1
8205 1312 1
2080 1313 1
8347 1314 1
1346 1315 1
5750 1316 1
7588 1317 1
6971 1318 1
7694 1318 1
6605 1318 1
5264 1318 1
4115 1318 1
7430 1319 1
8101 1320 1
3333 1320 1
4783 1321 1
4840 1321 1
4414 1321 1
6144 1321 1
6988 1321 1
6113 1321 1
4800 1321 1
2193 1321 1
6043 1321 1
8348 1321 1
1338 1321 1
2836 1321 1
8349 1322 1
1732 1322 1
3944 1322 1
8350 1322 1
5068 1323 1
7844 1323 1
7900 1323 1
1330 1323 1
4995 1323 1
5241 1323 1
3773 1323 1
5999 1323 1
5869 1323 1
3981 1323 1
1754 1323 1
6908 1323 1
5739 1323 1
3758 1323 1
6572 1323 1
7845 1323 1
1649 1323 1
5883 1323 1
3128 1323 1
1769 1323 1
5958 1323 1
3214 1324 1
3189 1325 1
3934 1325 1
8351 1326 1
6641 1327 1
3754 1327 1
6818 1327 1
4083 1327 1
3147 1327 1
5647 1327 1
7072 1327 1
7058 1327 1
3711 1327 1
2839 1327 1
6692 1327 1
6897 1327 1
8352 1327 1
6756 1327 1
1722 1327 1
7742 1327 1
3980 1327 1
5618 1327 1
1617 1328 1
6350 1329 1
6555 1329 1
6752 1330 1
5068 1330 1
7844 1330 1
4082 1330 1
1575 1330 1
7148 1330 1
4995 1330 1
5241 1330 1
4295 1330 1
3773 1330 1
5999 1330 1
5869 1330 1
6619 1330 1
3981 1330 1
1754 1330 1
6908 1330 1
5739 1330 1
2999 1330 1
7597 1330 1
6782 1330 1
7598 1330 1
1604 1330 1
3758 1330 1
6572 1330 1
7845 1330 1
1649 1330 1
5883 1330 1
3128 1330 1
3451 1330 1
1769 1330 1
5958 1330 1
5223 1330 1
8353 1331 1
4023 1331 1
8354 1331 1
8355 1331 1
8356 1331 1
8357 1332 1
5538 1333 1
2221 1333 1
7977 1333 1
4769 1333 1
3905 1334 1
6886 1335 1
5609 1335 1
4023 1335 1
3945 1335 1
3535 1335 1
6686 1335 1
8358 1335 1
8359 1335 1
5475 1335 1
3226 1335 1
8360 1335 1
8361 1336 1
7280 1337 1
8362 1337 1
4070 1338 1
7534 1338 1
4783 1338 1
4840 1338 1
2524 1338 1
8363 1338 1
2345 1338 1
2261 1338 1
2688 1338 1
2164 1338 1
6144 1338 1
6993 1338 1
6988 1338 1
6113 1338 1
4591 1338 1
7022 1338 1
4800 1338 1
4736 1338 1
8364 1338 1
8365 1338 1
8366 1338 1
8367 1338 1
2193 1338 1
2562 1338 1
8368 1338 1
5736 1338 1
2531 1338 1
6380 1338 1
8348 1338 1
8369 1338 1
8370 1338 1
2085 1339 1
5085 1340 1
6314 1341 1
4247 1341 1
5345 1341 1
1365 1341 1
4865 1341 1
6495 1341 1
4030 1341 1
6817 1341 1
3320 1341 1
8371 1342 1
4973 1342 1
6596 1343 1
5215 1343 1
8372 1343 1
1603 1343 1
8373 1344 1
6748 1344 1
3235 1344 1
5281 1345 1
8374 1346 1
2549 1346 1
6425 1346 1
8375 1347 1
1740 1347 1
8376 1348 1
6655 1349 1
1435 1349 1
4997 1350 1
3343 1350 1
6916 1350 1
4854 1351 1
3694 1351 1
6069 1351 1
3075 1351 1
2495 1351 1
8377 1351 1
7150 1351 1
4827 1351 1
4532 1351 1
6932 1352 1
8378 1352 1
2816 1352 1
3484 1353 1
6800 1354 1
5002 1355 1
8379 1355 1
3342 1355 1
6469 1356 1
8380 1357 1
6965 1358 1
5632 1358 1
5772 1358 1
8381 1358 1
8382 1358 1
6633 1358 1
5571 1358 1
8383 1359 1
8384 1359 1
7121 1359 1
5795 1359 1
8385 1359 1
8386 1359 1
6015 1359 1
7176 1359 1
4929 1359 1
7579 1359 1
6108 1359 1
6084 1359 1
8387 1359 1
6207 1360 1
2005 1360 1
6903 1361 1
3694 1362 1
6931 1362 1
4049 1362 1
4214 1362 1
4188 1362 1
3817 1362 1
2784 1362 1
6192 1362 1
7353 1362 1
3041 1363 1
4418 1364 1
5204 1364 1
1798 1364 1
7215 1364 1
7777 1365 1
6314 1365 1
3346 1365 1
3056 1365 1
3986 1365 1
7131 1365 1
6755 1365 1
3837 1365 1
5345 1365 1
6247 1365 1
4984 1365 1
3853 1366 1
7675 1367 1
5853 1367 1
1620 1367 1
6557 1367 1
3939 1367 1
1733 1367 1
3374 1367 1
7660 1367 1
5463 1367 1
4019 1367 1
7676 1367 1
5136 1367 1
5553 1367 1
6903 1367 1
5799 1367 1
1526 1368 1
8388 1369 1
3743 1370 1
2908 1370 1
7061 1370 1
1435 1370 1
6863 1370 1
8389 1370 1
6859 1370 1
6348 1371 1
8230 1371 1
6785 1371 1
7645 1371 1
7157 1371 1
5121 1371 1
3227 1371 1
7332 1372 1
3534 1372 1
3346 1372 1
5529 1372 1
8173 1373 1
4104 1374 1
7588 1374 1
8017 1375 1
8123 1376 1
8390 1376 1
6592 1376 1
2994 1376 1
8391 1376 1
5395 1376 1
1490 1376 1
6565 1376 1
7309 1377 1
5624 1377 1
8392 1378 1
4150 1378 1
2070 1378 1
4267 1378 1
8393 1378 1
5378 1379 1
8394 1379 1
3458 1379 1
3598 1380 1
8395 1380 1
5649 1381 1
2673 1381 1
7315 1381 1
5474 1381 1
7230 1381 1
1441 1381 1
4718 1381 1
6744 1381 1
4423 1381 1
8396 1381 1
2575 1381 1
8397 1381 1
2656 1381 1
7318 1381 1
2320 1381 1
7291 1381 1
6688 1381 1
7286 1381 1
4732 1381 1
3513 1381 1
4883 1381 1
1940 1381 1
6877 1381 1
6555 1381 1
7795 1382 1
7132 1383 1
6130 1384 1
3361 1385 1
6577 1385 1
4144 1385 1
7412 1385 1
8398 1386 1
5426 1386 1
8399 1386 1
3327 1386 1
8400 1387 1
8401 1387 1
8047 1387 1
1542 1387 1
7502 1388 1
6655 1388 1
1435 1388 1
1499 1389 1
3425 1389 1
5324 1389 1
3764 1390 1
7128 1391 1
5996 1392 1
3112 1392 1
6795 1392 1
8402 1392 1
6864 1392 1
6801 1393 1
3782 1394 1
2413 1394 1
4073 1394 1
2344 1395 1
7026 1395 1
2350 1396 1
3863 1397 1
6867 1398 1
8403 1399 1
7085 1399 1
2050 1399 1
2013 1399 1
8404 1400 1
6655 1400 1
1571 1401 1
3495 1402 1
2876 1403 1
8405 1403 1
5812 1404 1
6639 1405 1
7369 1405 1
2258 1406 1
7887 1406 1
4957 1406 1
1747 1406 1
6705 1406 1
2406 1406 1
8406 1406 1
3253 1406 1
2136 1406 1
8407 1406 1
4933 1406 1
8408 1406 1
1442 1406 1
1673 1406 1
8409 1406 1
3007 1406 1
4020 1406 1
4660 1406 1
6947 1406 1
8410 1406 1
3999 1406 1
3185 1406 1
5356 1406 1
8089 1406 1
6733 1406 1
1746 1407 1
7382 1407 1
7003 1408 1
8411 1409 1
4116 1409 1
6402 1409 1
5967 1409 1
6273 1409 1
6835 1409 1
5274 1410 1
5165 1410 1
6724 1410 1
5768 1410 1
6858 1410 1
3441 1410 1
3577 1410 1
7818 1410 1
6863 1410 1
7155 1410 1
6898 1411 1
4402 1412 1
7946 1412 1
1857 1413 1
6882 1414 1
6904 1414 1
1517 1414 1
8412 1414 1
6626 1414 1
1689 1414 1
8413 1414 1
7106 1414 1
8414 1414 1
3434 1414 1
4662 1414 1
7839 1414 1
3656 1414 1
5706 1414 1
3740 1414 1
7155 1414 1
5163 1414 1
5151 1414 1
8415 1415 1
8416 1415 1
6575 1415 1
6854 1416 1
6744 1417 1
2258 1418 1
5699 1418 1
4067 1418 1
8417 1419 1
5616 1419 1
3157 1419 1
6887 1419 1
3910 1419 1
3442 1419 1
8418 1419 1
6563 1419 1
8419 1419 1
8420 1419 1
6705 1420 1
7008 1420 1
8421 1421 1
3575 1421 1
6768 1421 1
1659 1421 1
6932 1422 1
8422 1422 1
5456 1422 1
4242 1423 1
5842 1424 1
8004 1424 1
1849 1424 1
3702 1424 1
5336 1424 1
2824 1424 1
1595 1424 1
3634 1425 1
7662 1425 1
1893 1425 1
4770 1425 1
6639 1425 1
2592 1425 1
7349 1425 1
8423 1426 1
6575 1426 1
3338 1426 1
6217 1426 1
7128 1426 1
2925 1426 1
5010 1426 1
6241 1426 1
7044 1426 1
7050 1426 1
8107 1426 1
8138 1426 1
5191 1426 1
5829 1426 1
5280 1427 1
6198 1428 1
4856 1428 1
6800 1429 1
8424 1430 1
1499 1431 1
5582 1431 1
3445 1431 1
5267 1431 1
4098 1431 1
4977 1431 1
7612 1431 1
3425 1431 1
5549 1431 1
5324 1431 1
3680 1432 1
6486 1432 1
3664 1432 1
8425 1432 1
5009 1433 1
3783 1433 1
5563 1433 1
5089 1433 1
7077 1433 1
7592 1434 1
3628 1435 1
1924 1435 1
2048 1435 1
5675 1435 1
2258 1435 1
7309 1435 1
3129 1435 1
5868 1435 1
8426 1435 1
7285 1435 1
6098 1435 1
6463 1435 1
8427 1435 1
7580 1435 1
5477 1435 1
2908 1435 1
2398 1435 1
7620 1435 1
6588 1435 1
7649 1435 1
7266 1435 1
2271 1435 1
8428 1435 1
7061 1435 1
6979 1435 1
3170 1435 1
5243 1435 1
1946 1435 1
2348 1435 1
6655 1435 1
6386 1435 1
5848 1435 1
3156 1435 1
1774 1435 1
2265 1435 1
2918 1435 1
6768 1435 1
2205 1435 1
6863 1435 1
1659 1435 1
4861 1435 1
1685 1435 1
3784 1435 1
3978 1435 1
8429 1435 1
6859 1435 1
6609 1435 1
6930 1435 1
8072 1435 1
6737 1435 1
6990 1435 1
6608 1435 1
3490 1435 1
7713 1435 1
5938 1435 1
7148 1436 1
2833 1436 1
5900 1436 1
7597 1436 1
1452 1436 1
3114 1437 1
7907 1437 1
8430 1438 1
8017 1438 1
5993 1439 1
6812 1440 1
7338 1441 1
8431 1441 1
6829 1441 1
1974 1441 1
4718 1441 1
6021 1441 1
3146 1441 1
7037 1441 1
4439 1441 1
8432 1441 1
8433 1441 1
2287 1441 1
6412 1441 1
6670 1441 1
7876 1442 1
6915 1442 1
7132 1442 1
2979 1442 1
4417 1442 1
2888 1442 1
7213 1443 1
5623 1443 1
7315 1443 1
2881 1443 1
8434 1444 1
6755 1445 1
6794 1445 1
2936 1445 1
3011 1445 1
7144 1445 1
5848 1445 1
5635 1445 1
5066 1445 1
6924 1445 1
3857 1445 1
1516 1445 1
5529 1445 1
8435 1446 1
7434 1446 1
8436 1446 1
2076 1446 1
8437 1446 1
2656 1446 1
7312 1446 1
8438 1446 1
3637 1446 1
7149 1446 1
3612 1446 1
7338 1446 1
7315 1446 1
4718 1446 1
5238 1446 1
6180 1446 1
4408 1446 1
4466 1446 1
6021 1446 1
8439 1447 1
7975 1447 1
6122 1448 1
7905 1448 1
8424 1448 1
6201 1449 1
4505 1449 1
8231 1449 1
4282 1449 1
7232 1449 1
4343 1449 1
4966 1449 1
8440 1450 1
4872 1450 1
5823 1450 1
8441 1451 1
7148 1452 1
2833 1452 1
5900 1452 1
3127 1452 1
2999 1452 1
7597 1452 1
2976 1452 1
7146 1452 1
4062 1453 1
3059 1453 1
1515 1453 1
3610 1453 1
6591 1453 1
7800 1453 1
5017 1453 1
5627 1453 1
5606 1453 1
5177 1453 1
7068 1454 1
8220 1454 1
4091 1455 1
8442 1455 1
6932 1456 1
8060 1457 1
6710 1457 1
3978 1457 1
7615 1458 1
5526 1459 1
2902 1459 1
3345 1460 1
1485 1461 1
3114 1461 1
5156 1462 1
2452 1463 1
3493 1463 1
5217 1464 1
1828 1465 1
8135 1466 1
6400 1467 1
6928 1467 1
6721 1467 1
6376 1467 1
3224 1467 1
8051 1467 1
1545 1467 1
3434 1467 1
6235 1467 1
6944 1467 1
3452 1467 1
8443 1467 1
2662 1467 1
6629 1467 1
7128 1468 1
8444 1468 1
8445 1468 1
7069 1468 1
3340 1468 1
8446 1468 1
2811 1468 1
6927 1468 1
4080 1468 1
5896 1468 1
3408 1468 1
8063 1468 1
2859 1469 1
5533 1469 1
3622 1469 1
5950 1469 1
8447 1469 1
8448 1469 1
1475 1469 1
8449 1469 1
8450 1469 1
8451 1470 1
5868 1470 1
7184 1470 1
1689 1470 1
7620 1470 1
8452 1470 1
4828 1470 1
5243 1470 1
5978 1470 1
3034 1470 1
8453 1470 1
8454 1470 1
3855 1470 1
3500 1470 1
8455 1471 1
5556 1471 1
8456 1471 1
7056 1472 1
6986 1473 1
2407 1474 1
8425 1474 1
6951 1474 1
8457 1475 1
5405 1476 1
4293 1476 1
8458 1477 1
1542 1477 1
1828 1478 1
3388 1479 1
6661 1479 1
3827 1479 1
1495 1479 1
5187 1479 1
6573 1479 1
6655 1479 1
6768 1479 1
5547 1479 1
6859 1479 1
5927 1479 1
3533 1480 1
8459 1480 1
3698 1480 1
7568 1481 1
8460 1481 1
8461 1481 1
8462 1481 1
6349 1481 1
8463 1481 1
8464 1481 1
8465 1482 1
8256 1483 1
3006 1483 1
5110 1483 1
3978 1483 1
7324 1484 1
8466 1485 1
3114 1485 1
3905 1485 1
8467 1485 1
7188 1486 1
7208 1486 1
8468 1486 1
4718 1486 1
6136 1486 1
3114 1487 1
2188 1488 1
8469 1489 1
6825 1489 1
2994 1490 1
4041 1491 1
4237 1492 1
6701 1493 1
4390 1493 1
5274 1494 1
5165 1494 1
5768 1494 1
6858 1494 1
5351 1495 1
7285 1495 1
3827 1495 1
7143 1495 1
5187 1495 1
6573 1495 1
6655 1495 1
6768 1495 1
5547 1495 1
8470 1495 1
6859 1495 1
4111 1495 1
8471 1495 1
8472 1495 1
5835 1495 1
7747 1495 1
8473 1495 1
5927 1495 1
8474 1495 1
8475 1495 1
8412 1496 1
6800 1497 1
3461 1497 1
3524 1498 1
3601 1498 1
5582 1499 1
3445 1499 1
4098 1499 1
3276 1499 1
7612 1499 1
3425 1499 1
2033 1499 1
6636 1499 1
5257 1499 1
8476 1499 1
7052 1499 1
5915 1499 1
5324 1499 1
7031 1499 1
6796 1500 1
7769 1500 1
2959 1500 1
1545 1501 1
8477 1502 1
8478 1502 1
8479 1502 1
8480 1502 1
8481 1502 1
8482 1502 1
3831 1502 1
8483 1502 1
8484 1502 1
5703 1502 1
8485 1502 1
7065 1503 1
5801 1503 1
7116 1503 1
4516 1503 1
7697 1503 1
6755 1503 1
6884 1503 1
4976 1503 1
5345 1503 1
3288 1503 1
6849 1503 1
4026 1503 1
7062 1503 1
5013 1503 1
3592 1503 1
3346 1503 1
7144 1503 1
7018 1503 1
4063 1503 1
4930 1503 1
5848 1503 1
3660 1503 1
6933 1503 1
1582 1503 1
3737 1503 1
5261 1503 1
6943 1503 1
4994 1503 1
7051 1503 1
3133 1503 1
7032 1503 1
5544 1503 1
6924 1503 1
3215 1503 1
3857 1503 1
5529 1503 1
5925 1503 1
3433 1504 1
2848 1505 1
4377 1506 1
5228 1507 1
6664 1508 1
5972 1509 1
5364 1510 1
7682 1511 1
5543 1512 1
6765 1512 1
5218 1512 1
3034 1512 1
6515 1512 1
6830 1512 1
6945 1512 1
4035 1513 1
7743 1513 1
7186 1513 1
8390 1514 1
6565 1514 1
7800 1515 1
5606 1515 1
5177 1515 1
4062 1515 1
3059 1515 1
5012 1515 1
3610 1515 1
6591 1515 1
3831 1515 1
5017 1515 1
5627 1515 1
3714 1515 1
7332 1516 1
7131 1516 1
6755 1516 1
4137 1516 1
6794 1516 1
1689 1516 1
2936 1516 1
5611 1516 1
6849 1516 1
4026 1516 1
3011 1516 1
5228 1516 1
2658 1516 1
3534 1516 1
3346 1516 1
7144 1516 1
1810 1516 1
5635 1516 1
5066 1516 1
6924 1516 1
6450 1516 1
3857 1516 1
5529 1516 1
6933 1516 1
6889 1516 1
8486 1517 1
8487 1517 1
1640 1517 1
3113 1517 1
7856 1517 1
6605 1517 1
4996 1517 1
2935 1517 1
6917 1517 1
6671 1517 1
3830 1517 1
3816 1518 1
6038 1518 1
4458 1518 1
5474 1518 1
1981 1518 1
7014 1518 1
2721 1518 1
6753 1518 1
5914 1518 1
6049 1518 1
7972 1518 1
6290 1519 1
4587 1519 1
3623 1519 1
6812 1520 1
7338 1521 1
7140 1521 1
8488 1522 1
2700 1522 1
1909 1523 1
3945 1523 1
3347 1524 1
8020 1524 1
1825 1524 1
3441 1524 1
5212 1524 1
6902 1524 1
5163 1524 1
8489 1524 1
6932 1525 1
7005 1526 1
2897 1526 1
2963 1526 1
5730 1526 1
6664 1526 1
7132 1526 1
5176 1526 1
2893 1526 1
8490 1526 1
5246 1526 1
6999 1526 1
8491 1526 1
7297 1526 1
7067 1526 1
8492 1526 1
4937 1526 1
8033 1526 1
5124 1526 1
6555 1526 1
4935 1527 1
4997 1527 1
2823 1527 1
5298 1528 1
8493 1528 1
5056 1528 1
5864 1529 1
5165 1530 1
7155 1530 1
5151 1530 1
7834 1530 1
5298 1531 1
8494 1532 1
3020 1532 1
8495 1533 1
6265 1533 1
8496 1533 1
7529 1534 1
3457 1535 1
3224 1536 1
4551 1536 1
8497 1537 1
7893 1538 1
5900 1538 1
7704 1539 1
3756 1539 1
1574 1539 1
8001 1539 1
6800 1540 1
8498 1541 1
6605 1541 1
3353 1542 1
1668 1542 1
7273 1542 1
8499 1542 1
1555 1542 1
2631 1542 1
5343 1542 1
3683 1542 1
6888 1542 1
5341 1542 1
7106 1542 1
7088 1542 1
3672 1542 1
3422 1542 1
3434 1542 1
1663 1542 1
7155 1542 1
5290 1543 1
7285 1543 1
2349 1543 1
8500 1543 1
8501 1544 1
5590 1544 1
5256 1545 1
6928 1545 1
6721 1545 1
3224 1545 1
8051 1545 1
3434 1545 1
6944 1545 1
6629 1545 1
7114 1545 1
3206 1545 1
4590 1545 1
2677 1545 1
7086 1545 1
5098 1545 1
5423 1545 1
2850 1545 1
8502 1545 1
8205 1545 1
3452 1545 1
3337 1545 1
3502 1545 1
8503 1546 1
6664 1546 1
7000 1547 1
5762 1547 1
7172 1547 1
8504 1547 1
3643 1548 1
6605 1549 1
2816 1549 1
6555 1549 1
5366 1549 1
5934 1549 1
2999 1549 1
6671 1549 1
2935 1549 1
6891 1549 1
6679 1549 1
2930 1549 1
5248 1549 1
3169 1549 1
7867 1549 1
4996 1549 1
7217 1550 1
7938 1551 1
5135 1552 1
8020 1552 1
5344 1552 1
7012 1552 1
8154 1553 1
8155 1553 1
2792 1554 1
5459 1554 1
7915 1554 1
5112 1554 1
6096 1554 1
5559 1554 1
5887 1554 1
3339 1554 1
5909 1554 1
4851 1554 1
6455 1554 1
3789 1554 1
6683 1554 1
7074 1554 1
4531 1554 1
7670 1555 1
8069 1555 1
6888 1555 1
6882 1555 1
8505 1555 1
7155 1555 1
6822 1555 1
3367 1555 1
3271 1555 1
5151 1555 1
5156 1556 1
8506 1557 1
8507 1558 1
3582 1558 1
5378 1558 1
8394 1558 1
3458 1558 1
5121 1559 1
8096 1559 1
8508 1559 1
3299 1559 1
6776 1560 1
6800 1560 1
3095 1561 1
5481 1561 1
5919 1561 1
3205 1561 1
6960 1561 1
5444 1561 1
7057 1561 1
7160 1561 1
1683 1561 1
5484 1561 1
5303 1561 1
5628 1561 1
6798 1561 1
7179 1561 1
5729 1561 1
3386 1561 1
1758 1561 1
5949 1561 1
5773 1561 1
7102 1561 1
3546 1561 1
3826 1561 1
6859 1561 1
2188 1561 1
6555 1561 1
5847 1561 1
7640 1561 1
5427 1561 1
8509 1562 1
3421 1563 1
3070 1564 1
4091 1565 1
8510 1565 1
2298 1565 1
3391 1565 1
5777 1566 1
5466 1566 1
5153 1566 1
5483 1566 1
1742 1566 1
3399 1566 1
5064 1566 1
3870 1566 1
5880 1566 1
3262 1566 1
5447 1566 1
5598 1566 1
3081 1566 1
5789 1566 1
5849 1567 1
8511 1567 1
8512 1567 1
4662 1567 1
8513 1568 1
4552 1568 1
8514 1568 1
8353 1569 1
8355 1569 1
7172 1569 1
7000 1569 1
8100 1570 1
2872 1570 1
7795 1571 1
8515 1571 1
5231 1572 1
3929 1572 1
3893 1572 1
6872 1572 1
3804 1572 1
7113 1572 1
7309 1572 1
5278 1572 1
6765 1572 1
1689 1572 1
6703 1572 1
5218 1572 1
4951 1572 1
6318 1572 1
5389 1572 1
2271 1572 1
5683 1572 1
7100 1572 1
7093 1572 1
7129 1572 1
5301 1572 1
7159 1572 1
1774 1572 1
3870 1572 1
3072 1572 1
7102 1572 1
1793 1572 1
5835 1572 1
6757 1572 1
5549 1572 1
7173 1572 1
6945 1572 1
6628 1572 1
7118 1572 1
6985 1572 1
8035 1573 1
7899 1574 1
8001 1574 1
3756 1574 1
4295 1575 1
6572 1575 1
6354 1575 1
5714 1576 1
5288 1576 1
7687 1576 1
5866 1576 1
5648 1576 1
7338 1577 1
3825 1578 1
8516 1579 1
2912 1580 1
8211 1581 1
7065 1582 1
5801 1582 1
7116 1582 1
4516 1582 1
7697 1582 1
6884 1582 1
4976 1582 1
3288 1582 1
7062 1582 1
5013 1582 1
3592 1582 1
3346 1582 1
7018 1582 1
4063 1582 1
4930 1582 1
3737 1582 1
5261 1582 1
6943 1582 1
3133 1582 1
7032 1582 1
3215 1582 1
3857 1582 1
5925 1582 1
5942 1583 1
3956 1584 1
7829 1584 1
5028 1584 1
8088 1585 1
5962 1585 1
7529 1586 1
2158 1586 1
8517 1586 1
3627 1586 1
8518 1587 1
6004 1587 1
7049 1587 1
3274 1587 1
8519 1587 1
4576 1587 1
6750 1587 1
8188 1588 1
8520 1588 1
8190 1588 1
7155 1588 1
8521 1588 1
5930 1589 1
5694 1590 1
5663 1590 1
7380 1590 1
7602 1591 1
5952 1591 1
5411 1592 1
3809 1592 1
7061 1592 1
5062 1592 1
5234 1592 1
6768 1592 1
6790 1592 1
1659 1592 1
7002 1592 1
5620 1592 1
3915 1593 1
5938 1593 1
5819 1593 1
4620 1593 1
7713 1593 1
7061 1594 1
5020 1594 1
5842 1595 1
8004 1595 1
1849 1595 1
8083 1595 1
2951 1595 1
4946 1595 1
5336 1595 1
2824 1595 1
7297 1596 1
8522 1596 1
8523 1596 1
8524 1597 1
5287 1597 1
5652 1597 1
8353 1598 1
6825 1599 1
6831 1600 1
3846 1600 1
7123 1600 1
6858 1600 1
5483 1600 1
6331 1600 1
5560 1601 1
1613 1601 1
3997 1601 1
5602 1601 1
4393 1601 1
6060 1601 1
6662 1601 1
6627 1602 1
8372 1603 1
5215 1603 1
4982 1603 1
5629 1603 1
8525 1603 1
6774 1604 1
4082 1604 1
2833 1604 1
6619 1604 1
7028 1604 1
2999 1604 1
7597 1604 1
6782 1604 1
7598 1604 1
6572 1604 1
3451 1604 1
2979 1604 1
7820 1605 1
5360 1606 1
7559 1606 1
8526 1606 1
4079 1606 1
6327 1606 1
3678 1606 1
7089 1606 1
3970 1606 1
8527 1606 1
6344 1606 1
3863 1606 1
4993 1606 1
1859 1606 1
1859 1607 1
5165 1608 1
7075 1608 1
5341 1608 1
7106 1608 1
7088 1608 1
6870 1608 1
7155 1608 1
4936 1608 1
5126 1608 1
6667 1608 1
5151 1608 1
3183 1609 1
5565 1609 1
5899 1609 1
2984 1609 1
6714 1609 1
8528 1610 1
8529 1611 1
5772 1611 1
8530 1611 1
5995 1611 1
8531 1611 1
8382 1611 1
8532 1611 1
5802 1612 1
4176 1612 1
8533 1612 1
5191 1612 1
3499 1612 1
5829 1612 1
3118 1612 1
5560 1613 1
3997 1613 1
5602 1613 1
4393 1613 1
6060 1613 1
6662 1613 1
6503 1614 1
7036 1614 1
1822 1614 1
8534 1615 1
5283 1616 1
8535 1617 1
8536 1617 1
8537 1617 1
6059 1618 1
8538 1619 1
7675 1620 1
6557 1620 1
8539 1620 1
3939 1620 1
1733 1620 1
3374 1620 1
7660 1620 1
5463 1620 1
4019 1620 1
5799 1620 1
3404 1621 1
6837 1621 1
8540 1621 1
3784 1621 1
5770 1621 1
5317 1621 1
5858 1621 1
7273 1622 1
2391 1623 1
8541 1623 1
4756 1624 1
7208 1624 1
2673 1624 1
2006 1624 1
1947 1625 1
8542 1625 1
3557 1626 1
8543 1626 1
5466 1627 1
8544 1627 1
7066 1627 1
5598 1627 1
6868 1627 1
3864 1627 1
2354 1628 1
3515 1628 1
6561 1628 1
4244 1628 1
8545 1628 1
3425 1628 1
8476 1628 1
6793 1628 1
7031 1628 1
6636 1628 1
3672 1629 1
8546 1630 1
7146 1630 1
2999 1630 1
8547 1630 1
8548 1630 1
3191 1630 1
6570 1631 1
7732 1631 1
5280 1631 1
8549 1631 1
6693 1631 1
5750 1632 1
5105 1632 1
5632 1633 1
4004 1633 1
6250 1634 1
2706 1634 1
3224 1635 1
5697 1636 1
8550 1637 1
5959 1637 1
8551 1637 1
8552 1637 1
3099 1637 1
3068 1637 1
8553 1637 1
8554 1637 1
8555 1637 1
4725 1637 1
3140 1638 1
8556 1638 1
4540 1638 1
8176 1639 1
6910 1639 1
2935 1640 1
2856 1640 1
2844 1640 1
3770 1640 1
7324 1641 1
4426 1642 1
8557 1642 1
3685 1642 1
6785 1642 1
5062 1642 1
8071 1642 1
5706 1642 1
8558 1642 1
8559 1642 1
5593 1643 1
1689 1643 1
5790 1643 1
5768 1643 1
6858 1643 1
7155 1643 1
6227 1644 1
5836 1645 1
5901 1646 1
6281 1647 1
3128 1648 1
8560 1648 1
5068 1649 1
7900 1649 1
4995 1649 1
5241 1649 1
3773 1649 1
5999 1649 1
5869 1649 1
3981 1649 1
1754 1649 1
5739 1649 1
3758 1649 1
6572 1649 1
5883 1649 1
3128 1649 1
1769 1649 1
3483 1650 1
7670 1651 1
7136 1651 1
8561 1651 1
5342 1651 1
8562 1651 1
4364 1651 1
1663 1651 1
5151 1651 1
3994 1651 1
7732 1652 1
2808 1652 1
8563 1653 1
4002 1653 1
5644 1654 1
8564 1654 1
7941 1655 1
5989 1655 1
3896 1655 1
6685 1655 1
7470 1656 1
8565 1657 1
4117 1658 1
5859 1658 1
6251 1658 1
2199 1658 1
5879 1659 1
7685 1659 1
4951 1659 1
3114 1659 1
4474 1659 1
7061 1659 1
8566 1659 1
5878 1659 1
2407 1659 1
4453 1659 1
6655 1659 1
5225 1659 1
6859 1659 1
6520 1659 1
2776 1659 1
5411 1659 1
6847 1659 1
6749 1659 1
5062 1659 1
3922 1659 1
5234 1659 1
6768 1659 1
5855 1659 1
6790 1659 1
8266 1659 1
3784 1659 1
7002 1659 1
5620 1659 1
2384 1659 1
3864 1659 1
8567 1660 1
5919 1660 1
4382 1660 1
3329 1661 1
7718 1661 1
4011 1662 1
5719 1662 1
8568 1662 1
5163 1663 1
7670 1663 1
7136 1663 1
5790 1663 1
5342 1663 1
8569 1663 1
3672 1663 1
3193 1663 1
8570 1663 1
5346 1663 1
5151 1663 1
2301 1664 1
5668 1664 1
2801 1665 1
2074 1666 1
8571 1666 1
1857 1667 1
8572 1667 1
8573 1667 1
1950 1667 1
8574 1667 1
7887 1667 1
5595 1667 1
8575 1667 1
8576 1667 1
6947 1667 1
7923 1668 1
7155 1668 1
5156 1669 1
4262 1670 1
8577 1670 1
2789 1670 1
6123 1670 1
8578 1670 1
7324 1670 1
8579 1671 1
4703 1671 1
6000 1672 1
1749 1673 1
5792 1673 1
8580 1673 1
8581 1674 1
1679 1674 1
8582 1674 1
7795 1674 1
8583 1674 1
8584 1675 1
8033 1675 1
5124 1675 1
6784 1675 1
4832 1676 1
4411 1676 1
8007 1676 1
4460 1676 1
8585 1677 1
7005 1678 1
8586 1678 1
1717 1678 1
8587 1678 1
8581 1679 1
8582 1679 1
5075 1679 1
6860 1679 1
6942 1679 1
4139 1680 1
4966 1680 1
2395 1681 1
6265 1681 1
5385 1682 1
5109 1683 1
3095 1683 1
8588 1683 1
5481 1683 1
3205 1683 1
6960 1683 1
5444 1683 1
7057 1683 1
7160 1683 1
6991 1683 1
5303 1683 1
7791 1683 1
3639 1683 1
6798 1683 1
5243 1683 1
7179 1683 1
5729 1683 1
1758 1683 1
5949 1683 1
5773 1683 1
3546 1683 1
3826 1683 1
6930 1683 1
2188 1683 1
5847 1683 1
5427 1683 1
2935 1684 1
6932 1684 1
3831 1684 1
7856 1684 1
2816 1684 1
4996 1684 1
6605 1684 1
6588 1685 1
7272 1685 1
5243 1685 1
6655 1685 1
2265 1685 1
2748 1686 1
3907 1687 1
5972 1688 1
5231 1689 1
3929 1689 1
3893 1689 1
6872 1689 1
7332 1689 1
5756 1689 1
5254 1689 1
3804 1689 1
7113 1689 1
6604 1689 1
7309 1689 1
1785 1689 1
8589 1689 1
3582 1689 1
5868 1689 1
6568 1689 1
7184 1689 1
5181 1689 1
5790 1689 1
6703 1689 1
7285 1689 1
4951 1689 1
8341 1689 1
5611 1689 1
6318 1689 1
6849 1689 1
5864 1689 1
8590 1689 1
7620 1689 1
7063 1689 1
2271 1689 1
5228 1689 1
2907 1689 1
5683 1689 1
5569 1689 1
5437 1689 1
3460 1689 1
7100 1689 1
5224 1689 1
5243 1689 1
7144 1689 1
5335 1689 1
7129 1689 1
5301 1689 1
7159 1689 1
3876 1689 1
6655 1689 1
5418 1689 1
5848 1689 1
3738 1689 1
5467 1689 1
7271 1689 1
6863 1689 1
1810 1689 1
3818 1689 1
3870 1689 1
3072 1689 1
5978 1689 1
7102 1689 1
5835 1689 1
6757 1689 1
8591 1689 1
7155 1689 1
5941 1689 1
5320 1689 1
6515 1689 1
5549 1689 1
7173 1689 1
6859 1689 1
6930 1689 1
5066 1689 1
3855 1689 1
3176 1689 1
6924 1689 1
6628 1689 1
6450 1689 1
7118 1689 1
5927 1689 1
6985 1689 1
3941 1689 1
5529 1689 1
8592 1689 1
8430 1690 1
8593 1690 1
5325 1691 1
8594 1692 1
5935 1692 1
4248 1692 1
8595 1692 1
4039 1693 1
1955 1693 1
8596 1693 1
8597 1693 1
4686 1693 1
5947 1693 1
8598 1694 1
4038 1694 1
7263 1694 1
6348 1694 1
4808 1694 1
8599 1694 1
4697 1694 1
2572 1694 1
6332 1694 1
6486 1694 1
4523 1694 1
7220 1694 1
6436 1694 1
6037 1694 1
7262 1694 1
8600 1694 1
6370 1695 1
8561 1696 1
8601 1696 1
5151 1696 1
6966 1696 1
6204 1696 1
6290 1697 1
7766 1697 1
4587 1697 1
8283 1697 1
7630 1698 1
8602 1699 1
8603 1700 1
8604 1701 1
8605 1701 1
8606 1702 1
3459 1702 1
5390 1703 1
8168 1703 1
6416 1703 1
6639 1704 1
8073 1705 1
1824 1705 1
6587 1705 1
5621 1705 1
4092 1705 1
7186 1705 1
8074 1705 1
5651 1706 1
8607 1706 1
4001 1706 1
7631 1706 1
8564 1706 1
6373 1707 1
8608 1707 1
6957 1708 1
5902 1709 1
3629 1710 1
8609 1710 1
8445 1711 1
4672 1711 1
8610 1711 1
4228 1712 1
2019 1712 1
4935 1713 1
8611 1714 1
5452 1714 1
3326 1715 1
8612 1716 1
3020 1716 1
8613 1716 1
2800 1717 1
8242 1718 1
6290 1719 1
4381 1719 1
8176 1719 1
5721 1719 1
2115 1720 1
3886 1721 1
8614 1721 1
4662 1721 1
6641 1722 1
3754 1722 1
6818 1722 1
3147 1722 1
5647 1722 1
7072 1722 1
7058 1722 1
3711 1722 1
2839 1722 1
6692 1722 1
6897 1722 1
6756 1722 1
7742 1722 1
3980 1722 1
5618 1722 1
6624 1723 1
8615 1724 1
8352 1725 1
7222 1726 1
2651 1726 1
4814 1726 1
5406 1726 1
2246 1726 1
4487 1726 1
3671 1726 1
2257 1726 1
8616 1726 1
4837 1726 1
7413 1726 1
2916 1727 1
8315 1727 1
3902 1728 1
6665 1729 1
8617 1729 1
8618 1729 1
3007 1730 1
5877 1731 1
7759 1732 1
8619 1732 1
3944 1732 1
3723 1732 1
6605 1732 1
7297 1732 1
6555 1732 1
7675 1733 1
5816 1733 1
5853 1733 1
3939 1733 1
6777 1733 1
3446 1733 1
3962 1733 1
8620 1733 1
5463 1733 1
4019 1733 1
4086 1733 1
3261 1733 1
3125 1733 1
5136 1733 1
3201 1733 1
3120 1733 1
5799 1733 1
7288 1734 1
4453 1734 1
7382 1734 1
4289 1734 1
8621 1734 1
7265 1734 1
2874 1734 1
8622 1734 1
8623 1734 1
4773 1734 1
2630 1734 1
2258 1735 1
8624 1735 1
6193 1735 1
2449 1735 1
8625 1735 1
6859 1735 1
5188 1735 1
7713 1735 1
5643 1736 1
5722 1737 1
7611 1738 1
3422 1738 1
8626 1739 1
8142 1739 1
8375 1740 1
5971 1741 1
6580 1741 1
5777 1742 1
5466 1742 1
6624 1742 1
5153 1742 1
5483 1742 1
3399 1742 1
5064 1742 1
3870 1742 1
5880 1742 1
3262 1742 1
5447 1742 1
5598 1742 1
3081 1742 1
5789 1742 1
3262 1743 1
6608 1744 1
5405 1745 1
4293 1745 1
3656 1745 1
8627 1745 1
8628 1745 1
4011 1745 1
8629 1745 1
2875 1746 1
7168 1747 1
3565 1748 1
8630 1749 1
4660 1749 1
8410 1749 1
3481 1750 1
6598 1750 1
5636 1751 1
8631 1751 1
6960 1752 1
3204 1752 1
5836 1753 1
5068 1754 1
7900 1754 1
5241 1754 1
5869 1754 1
3981 1754 1
6572 1754 1
5958 1754 1
6705 1755 1
4498 1755 1
8632 1755 1
6148 1755 1
6737 1756 1
7667 1757 1
3095 1758 1
5481 1758 1
5919 1758 1
3205 1758 1
6960 1758 1
5444 1758 1
7057 1758 1
7160 1758 1
6991 1758 1
5484 1758 1
5303 1758 1
5628 1758 1
3639 1758 1
6798 1758 1
7179 1758 1
5729 1758 1
3386 1758 1
5949 1758 1
5773 1758 1
7102 1758 1
3546 1758 1
3826 1758 1
6859 1758 1
2188 1758 1
6555 1758 1
5847 1758 1
7640 1758 1
5427 1758 1
5111 1759 1
5686 1759 1
8633 1759 1
2313 1759 1
2514 1760 1
3114 1761 1
8634 1761 1
8635 1762 1
3297 1762 1
5721 1762 1
6620 1763 1
3165 1763 1
8636 1763 1
7495 1764 1
4356 1764 1
2808 1764 1
8637 1765 1
8638 1765 1
4850 1765 1
6612 1766 1
2963 1767 1
5147 1767 1
6800 1767 1
6555 1767 1
5862 1767 1
7315 1768 1
5068 1769 1
4995 1769 1
3773 1769 1
5999 1769 1
5739 1769 1
3758 1769 1
6572 1769 1
5883 1769 1
3128 1769 1
6932 1770 1
2268 1771 1
7295 1772 1
2399 1773 1
8639 1773 1
2552 1773 1
8640 1773 1
8641 1773 1
3907 1773 1
8642 1774 1
2271 1774 1
5584 1774 1
5231 1774 1
3929 1774 1
3893 1774 1
6872 1774 1
7302 1774 1
3804 1774 1
7113 1774 1
7309 1774 1
5543 1774 1
5278 1774 1
6765 1774 1
6703 1774 1
5351 1774 1
4951 1774 1
6318 1774 1
5683 1774 1
7100 1774 1
7093 1774 1
7129 1774 1
7159 1774 1
3876 1774 1
6655 1774 1
5418 1774 1
3870 1774 1
3072 1774 1
7102 1774 1
1793 1774 1
6757 1774 1
5320 1774 1
3034 1774 1
5549 1774 1
7173 1774 1
6945 1774 1
6628 1774 1
7118 1774 1
6622 1774 1
6608 1774 1
6985 1774 1
5006 1775 1
8643 1775 1
8082 1776 1
7061 1777 1
7760 1777 1
3722 1778 1
2266 1779 1
8644 1779 1
8645 1779 1
8646 1780 1
5631 1780 1
8647 1780 1
6971 1781 1
8648 1781 1
7694 1781 1
6605 1781 1
7456 1782 1
7217 1782 1
8649 1782 1
7458 1782 1
5584 1783 1
8084 1783 1
7983 1783 1
5809 1783 1
1901 1783 1
7985 1783 1
3996 1783 1
8650 1783 1
4899 1783 1
5324 1783 1
2767 1783 1
2197 1783 1
3484 1784 1
8651 1784 1
5756 1785 1
3582 1785 1
6568 1785 1
4951 1785 1
5569 1785 1
3460 1785 1
5224 1785 1
5335 1785 1
7129 1785 1
6874 1785 1
4122 1785 1
6655 1785 1
3919 1785 1
3738 1785 1
6863 1785 1
6883 1785 1
5835 1785 1
4937 1785 1
7173 1785 1
6859 1785 1
6656 1785 1
2860 1785 1
3176 1785 1
3941 1785 1
5552 1786 1
8652 1786 1
8653 1787 1
8654 1787 1
6655 1787 1
8655 1787 1
8656 1787 1
3910 1788 1
5477 1788 1
5499 1788 1
6691 1788 1
7061 1788 1
7795 1788 1
7076 1788 1
6895 1788 1
7797 1788 1
8657 1788 1
5332 1788 1
3249 1788 1
7003 1789 1
8658 1789 1
8256 1790 1
3978 1790 1
8659 1791 1
5156 1792 1
7129 1793 1
6622 1793 1
6957 1793 1
5231 1793 1
3929 1793 1
3893 1793 1
6872 1793 1
3804 1793 1
7113 1793 1
5278 1793 1
6703 1793 1
5218 1793 1
4951 1793 1
6318 1793 1
5389 1793 1
2271 1793 1
7100 1793 1
7093 1793 1
7159 1793 1
3876 1793 1
5418 1793 1
7102 1793 1
6757 1793 1
5549 1793 1
7173 1793 1
6945 1793 1
6628 1793 1
7118 1793 1
6985 1793 1
7729 1794 1
8660 1794 1
3369 1794 1
8661 1795 1
8103 1796 1
2680 1796 1
4382 1797 1
4418 1798 1
5204 1798 1
7215 1798 1
5818 1799 1
2090 1800 1
6960 1800 1
8662 1800 1
4118 1801 1
8663 1801 1
7129 1801 1
6845 1802 1
5159 1802 1
4921 1802 1
4364 1802 1
5371 1802 1
8664 1803 1
8665 1803 1
7324 1803 1
8666 1804 1
8667 1804 1
6867 1804 1
5981 1805 1
8668 1805 1
2473 1806 1
8669 1806 1
5507 1807 1
3495 1808 1
8670 1809 1
6371 1809 1
2360 1809 1
7332 1810 1
5228 1810 1
7144 1810 1
5848 1810 1
5066 1810 1
6450 1810 1
5529 1810 1
6650 1811 1
8671 1812 1
8672 1812 1
3972 1812 1
8673 1812 1
1835 1813 1
8674 1813 1
6110 1813 1
8388 1813 1
6151 1813 1
8675 1813 1
8676 1813 1
8677 1813 1
8678 1813 1
4454 1813 1
8679 1813 1
2701 1813 1
7297 1813 1
6131 1813 1
8680 1813 1
2149 1813 1
8681 1813 1
2166 1813 1
5597 1814 1
2407 1814 1
5859 1815 1
4035 1815 1
6761 1815 1
2379 1816 1
8682 1817 1
4282 1818 1
5006 1819 1
7919 1820 1
8683 1821 1
3290 1821 1
8431 1822 1
7291 1822 1
6877 1822 1
2837 1822 1
4912 1822 1
6505 1822 1
3513 1822 1
6346 1822 1
7203 1823 1
6845 1823 1
5159 1823 1
4457 1823 1
5905 1823 1
2834 1823 1
7835 1824 1
8073 1824 1
6587 1824 1
5055 1824 1
5621 1824 1
4092 1824 1
7186 1824 1
8074 1824 1
6761 1824 1
3347 1825 1
8684 1826 1
5123 1826 1
8456 1826 1
8685 1826 1
5845 1826 1
3167 1827 1
2938 1828 1
8686 1828 1
8687 1828 1
8688 1828 1
7155 1829 1
8689 1829 1
6209 1830 1
4437 1831 1
6949 1831 1
2023 1831 1
4740 1831 1
7491 1831 1
8690 1832 1
6989 1832 1
4861 1833 1
8085 1834 1
3436 1834 1
2297 1835 1
8691 1835 1
5650 1835 1
6634 1836 1
2242 1837 1
8692 1837 1
2035 1837 1
2199 1838 1
3234 1839 1
7338 1840 1
7321 1840 1
2694 1840 1
4156 1840 1
4766 1840 1
7213 1840 1
8693 1840 1
7020 1840 1
2062 1840 1
7312 1840 1
7304 1840 1
4512 1840 1
7255 1840 1
4466 1840 1
2173 1840 1
5052 1840 1
6907 1840 1
5868 1841 1
3034 1841 1
3500 1841 1
4511 1842 1
8694 1843 1
8695 1844 1
8696 1844 1
8697 1845 1
2630 1845 1
8698 1846 1
8699 1846 1
6598 1847 1
6998 1848 1
5842 1849 1
8004 1849 1
2951 1849 1
5336 1849 1
2824 1849 1
6784 1850 1
2606 1851 1
3375 1851 1
5873 1851 1
8429 1851 1
8700 1852 1
7920 1853 1
6639 1853 1
6176 1853 1
6892 1854 1
7272 1854 1
4675 1854 1
6247 1855 1
8701 1856 1
1950 1857 1
7584 1858 1
8702 1858 1
8526 1859 1
4079 1859 1
7089 1859 1
6344 1859 1
3863 1859 1
7404 1860 1
8023 1861 1
2230 1862 1
8703 1862 1
7324 1862 1
7315 1863 1
8704 1863 1
4473 1863 1
4531 1863 1
6281 1863 1
4430 1864 1
5900 1864 1
2794 1864 1
7346 1864 1
8548 1864 1
2786 1864 1
6284 1865 1
5054 1866 1
8705 1866 1
5021 1866 1
2019 1866 1
8706 1866 1
8707 1867 1
8708 1867 1
7931 1867 1
3701 1868 1
2427 1868 1
8709 1869 1
4401 1869 1
6479 1869 1
2006 1869 1
6436 1869 1
6024 1869 1
8710 1869 1
6657 1869 1
6372 1869 1
8711 1870 1
3878 1871 1
8712 1871 1
8713 1871 1
7789 1872 1
6931 1873 1
3505 1873 1
1876 1873 1
7377 1874 1
3621 1874 1
6151 1874 1
7495 1875 1
6768 1876 1
5359 1877 1
6337 1877 1
8714 1878 1
7648 1878 1
5351 1879 1
7620 1879 1
6622 1879 1
6608 1879 1
5159 1880 1
4921 1880 1
8715 1880 1
8509 1881 1
8716 1881 1
6475 1882 1
8717 1882 1
8718 1882 1
5192 1883 1
6509 1884 1
7777 1885 1
8719 1885 1
3480 1885 1
3986 1885 1
8720 1886 1
8721 1887 1
8722 1887 1
8723 1887 1
5328 1887 1
8724 1887 1
7324 1888 1
6473 1889 1
7460 1890 1
4349 1891 1
2589 1892 1
8725 1892 1
5492 1892 1
3634 1893 1
4770 1893 1
2592 1893 1
7349 1893 1
2226 1894 1
6201 1895 1
6606 1895 1
7298 1895 1
2500 1895 1
7563 1895 1
6744 1895 1
4473 1895 1
4904 1895 1
4423 1895 1
6486 1895 1
4966 1895 1
6622 1895 1
2233 1895 1
4466 1895 1
8726 1896 1
4992 1896 1
5001 1896 1
5397 1897 1
6436 1897 1
6372 1897 1
6312 1898 1
2636 1899 1
8727 1899 1
4449 1899 1
8728 1900 1
8084 1901 1
6389 1901 1
8729 1901 1
6430 1902 1
8730 1903 1
7321 1903 1
1981 1903 1
6104 1903 1
4250 1903 1
7304 1903 1
4759 1903 1
8731 1903 1
7149 1903 1
8732 1903 1
8733 1904 1
7363 1904 1
7338 1905 1
3990 1905 1
3091 1905 1
2746 1905 1
3630 1905 1
7315 1905 1
4555 1905 1
4487 1905 1
7218 1905 1
4622 1905 1
7301 1905 1
2575 1905 1
7211 1905 1
7318 1905 1
8734 1905 1
7311 1905 1
7248 1905 1
7291 1905 1
5910 1905 1
7286 1905 1
3513 1905 1
6426 1905 1
1940 1905 1
3280 1906 1
6581 1907 1
2456 1908 1
4682 1908 1
6250 1908 1
3795 1908 1
4879 1908 1
4512 1908 1
8735 1909 1
7324 1910 1
4816 1911 1
3793 1912 1
7288 1913 1
6670 1914 1
8188 1915 1
4410 1916 1
6499 1916 1
8736 1916 1
7324 1917 1
6441 1918 1
7324 1919 1
6236 1920 1
8737 1920 1
6466 1920 1
4472 1920 1
5271 1920 1
2545 1921 1
2280 1922 1
2603 1922 1
2129 1922 1
2873 1922 1
8738 1922 1
2162 1923 1
8426 1924 1
3170 1924 1
6655 1924 1
2265 1924 1
7540 1925 1
4037 1925 1
8739 1926 1
6128 1927 1
2195 1927 1
2748 1928 1
8740 1928 1
8602 1928 1
8185 1928 1
4779 1928 1
2744 1928 1
7003 1929 1
4531 1930 1
4670 1931 1
5758 1932 1
3415 1932 1
7422 1933 1
6639 1934 1
8741 1934 1
5145 1935 1
4636 1935 1
8742 1935 1
3947 1935 1
8743 1936 1
6932 1937 1
2259 1937 1
8744 1937 1
6808 1938 1
7369 1939 1
8745 1940 1
7338 1940 1
3091 1940 1
4912 1940 1
6352 1940 1
8746 1940 1
5833 1940 1
8747 1940 1
2575 1940 1
2490 1940 1
8081 1940 1
2593 1940 1
7286 1940 1
3513 1940 1
6426 1940 1
8748 1940 1
5875 1941 1
2703 1941 1
4450 1942 1
6242 1943 1
8749 1943 1
7012 1943 1
2383 1944 1
7509 1944 1
8750 1945 1
5675 1946 1
6588 1946 1
7272 1946 1
8751 1946 1
4614 1946 1
5243 1946 1
6655 1946 1
6386 1946 1
2265 1946 1
2547 1946 1
8752 1946 1
6555 1946 1
6737 1946 1
8753 1947 1
2680 1947 1
4504 1948 1
4349 1948 1
8002 1948 1
6389 1948 1
5158 1948 1
4187 1948 1
8754 1948 1
2165 1949 1
8755 1950 1
6922 1950 1
8756 1950 1
8757 1951 1
5206 1951 1
2770 1951 1
8443 1951 1
7211 1952 1
6421 1953 1
6319 1953 1
6380 1953 1
8758 1954 1
8759 1954 1
4816 1954 1
4039 1955 1
8596 1955 1
8760 1956 1
7277 1957 1
8761 1958 1
8258 1959 1
4228 1960 1
7527 1960 1
6873 1961 1
4536 1961 1
6434 1962 1
8762 1962 1
8763 1962 1
6743 1963 1
8764 1963 1
5687 1963 1
4701 1964 1
8765 1964 1
8210 1965 1
7208 1966 1
8468 1966 1
8437 1966 1
5081 1966 1
6136 1966 1
7211 1966 1
8766 1966 1
4271 1966 1
2792 1967 1
5459 1967 1
6096 1967 1
5887 1967 1
3339 1967 1
4203 1967 1
5909 1967 1
4851 1967 1
2402 1967 1
4821 1967 1
3859 1967 1
6455 1967 1
4900 1967 1
3789 1967 1
7351 1967 1
4531 1967 1
4232 1968 1
8767 1969 1
2764 1970 1
6428 1971 1
5474 1971 1
1981 1971 1
6753 1971 1
2270 1971 1
5914 1971 1
6555 1971 1
8768 1972 1
4195 1973 1
2708 1973 1
4743 1973 1
8769 1973 1
8770 1973 1
8623 1973 1
8771 1974 1
4718 1974 1
4439 1974 1
8772 1974 1
6426 1974 1
8773 1974 1
2012 1975 1
6932 1976 1
4466 1977 1
2651 1978 1
6701 1978 1
3151 1978 1
4432 1978 1
4320 1979 1
3674 1980 1
3628 1981 1
3908 1981 1
3990 1981 1
6428 1981 1
6049 1981 1
4023 1981 1
4889 1981 1
6377 1981 1
5868 1981 1
6038 1981 1
4458 1981 1
5474 1981 1
4814 1981 1
6657 1981 1
6098 1981 1
6463 1981 1
4487 1981 1
7192 1981 1
8774 1981 1
8775 1981 1
6637 1981 1
6068 1981 1
5604 1981 1
4250 1981 1
7014 1981 1
5848 1981 1
2265 1981 1
4861 1981 1
2537 1981 1
4759 1981 1
3637 1981 1
5914 1981 1
4466 1981 1
6555 1981 1
7105 1981 1
5026 1981 1
8776 1981 1
5793 1982 1
6412 1982 1
3265 1983 1
4333 1984 1
2517 1984 1
2312 1984 1
7334 1984 1
4159 1984 1
5458 1985 1
6475 1985 1
8777 1985 1
4167 1986 1
8778 1986 1
4676 1987 1
2467 1987 1
4771 1988 1
6430 1989 1
3522 1990 1
8779 1990 1
6467 1990 1
5121 1991 1
2080 1991 1
7471 1991 1
7472 1991 1
4638 1991 1
8780 1992 1
8781 1993 1
6304 1994 1
6351 1995 1
2718 1996 1
2659 1996 1
8782 1997 1
8209 1997 1
8783 1997 1
8022 1998 1
7180 1999 1
3876 1999 1
5760 1999 1
7167 2000 1
8784 2000 1
8735 2000 1
8461 2001 1
5929 2002 1
6084 2002 1
4992 2003 1
3621 2004 1
6151 2004 1
7377 2004 1
7196 2004 1
6027 2005 1
6207 2005 1
8785 2005 1
8786 2005 1
8787 2005 1
7315 2006 1
2541 2006 1
4718 2006 1
6180 2006 1
4356 2006 1
2676 2006 1
3637 2006 1
4466 2006 1
8788 2007 1
8789 2007 1
6337 2008 1
8790 2009 1
8791 2010 1
8792 2010 1
8747 2010 1
6198 2011 1
4856 2011 1
6098 2012 1
2115 2012 1
8793 2013 1
8794 2014 1
8795 2014 1
3158 2014 1
6239 2014 1
8796 2014 1
8797 2014 1
2182 2015 1
8798 2016 1
7321 2017 1
2207 2017 1
6045 2017 1
7133 2017 1
3483 2018 1
2845 2019 1
8799 2019 1
6433 2019 1
4228 2019 1
2748 2019 1
8800 2019 1
4593 2019 1
7869 2019 1
8801 2019 1
7527 2019 1
6162 2019 1
8802 2019 1
8185 2019 1
8803 2019 1
2501 2019 1
8804 2019 1
8805 2019 1
4657 2019 1
8806 2019 1
2389 2019 1
8807 2019 1
8808 2019 1
8705 2019 1
8809 2019 1
5021 2019 1
7382 2019 1
3363 2019 1
8810 2019 1
8811 2019 1
4779 2019 1
2361 2019 1
2744 2019 1
2079 2020 1
7812 2020 1
2674 2021 1
6048 2021 1
8812 2022 1
4437 2023 1
7491 2023 1
8813 2023 1
6496 2024 1
2203 2024 1
4244 2024 1
3065 2024 1
7455 2024 1
4830 2024 1
6793 2024 1
4518 2025 1
8814 2025 1
5973 2026 1
7210 2026 1
6754 2026 1
3836 2026 1
4673 2027 1
3475 2028 1
8815 2029 1
8816 2029 1
6111 2030 1
7291 2030 1
3366 2031 1
8817 2032 1
4907 2032 1
4244 2033 1
3065 2033 1
3691 2034 1
7399 2034 1
2242 2035 1
8692 2035 1
7369 2035 1
8506 2036 1
7543 2036 1
2247 2037 1
6456 2038 1
4258 2038 1
7233 2038 1
8818 2039 1
5474 2040 1
8819 2040 1
8820 2040 1
7286 2040 1
7338 2040 1
4912 2040 1
3513 2040 1
8326 2041 1
7338 2042 1
4718 2042 1
6021 2042 1
5238 2042 1
4567 2042 1
2558 2043 1
7254 2044 1
6428 2045 1
4889 2045 1
6038 2045 1
4458 2045 1
4487 2045 1
6637 2045 1
6068 2045 1
7014 2045 1
2721 2045 1
7251 2045 1
6555 2045 1
7105 2045 1
4873 2046 1
8152 2046 1
7324 2047 1
5675 2048 1
7580 2048 1
6588 2048 1
7272 2048 1
5243 2048 1
6655 2048 1
6386 2048 1
2265 2048 1
6555 2048 1
6737 2048 1
5357 2049 1
2707 2049 1
8821 2049 1
8403 2050 1
4556 2051 1
4319 2051 1
6544 2051 1
7316 2052 1
2347 2052 1
7369 2052 1
8065 2053 1
6376 2053 1
8822 2053 1
2115 2053 1
3322 2054 1
6150 2055 1
8823 2056 1
7584 2056 1
6022 2056 1
6467 2057 1
8824 2058 1
4578 2058 1
6356 2059 1
8825 2060 1
7354 2060 1
4188 2060 1
7452 2061 1
5540 2061 1
5121 2061 1
5073 2061 1
7138 2061 1
7453 2061 1
3083 2061 1
3918 2061 1
7312 2062 1
3612 2063 1
6114 2064 1
6098 2064 1
3992 2064 1
6277 2065 1
8826 2066 1
8029 2066 1
4556 2067 1
8827 2067 1
8828 2067 1
8829 2068 1
4262 2069 1
8392 2070 1
8830 2070 1
7369 2071 1
7242 2072 1
2535 2072 1
6755 2073 1
5727 2073 1
5209 2073 1
4662 2073 1
8831 2074 1
8832 2074 1
8833 2074 1
3797 2074 1
8585 2074 1
8571 2074 1
8834 2075 1
8835 2075 1
8836 2075 1
8837 2075 1
8838 2075 1
8839 2075 1
8840 2075 1
8841 2075 1
7213 2076 1
2881 2076 1
8842 2076 1
8843 2076 1
7496 2076 1
7315 2076 1
8844 2077 1
2160 2077 1
4824 2078 1
2791 2079 1
8845 2079 1
7812 2079 1
6467 2079 1
8846 2079 1
8563 2080 1
5121 2080 1
2376 2080 1
6448 2080 1
2612 2080 1
4638 2080 1
6074 2080 1
3603 2080 1
7162 2080 1
6657 2080 1
8847 2081 1
8848 2081 1
8849 2082 1
8296 2082 1
2131 2082 1
3369 2083 1
6467 2084 1
8850 2085 1
2272 2085 1
8851 2085 1
8852 2085 1
8853 2085 1
2419 2085 1
7407 2085 1
2295 2085 1
8854 2085 1
4320 2085 1
4531 2086 1
4367 2087 1
4495 2087 1
6545 2088 1
4801 2088 1
8855 2089 1
4558 2089 1
8856 2089 1
2342 2090 1
7087 2091 1
4908 2091 1
4762 2092 1
8857 2092 1
6197 2093 1
4172 2094 1
4820 2094 1
2133 2094 1
8858 2094 1
4322 2094 1
8859 2094 1
4418 2094 1
5204 2094 1
7324 2095 1
7303 2096 1
2718 2097 1
2210 2098 1
7190 2098 1
4353 2098 1
5058 2098 1
7214 2098 1
7948 2098 1
6139 2098 1
8860 2099 1
5333 2099 1
8861 2099 1
4345 2099 1
5425 2100 1
6463 2101 1
7256 2101 1
4735 2101 1
6902 2101 1
5163 2101 1
2718 2101 1
2309 2101 1
3684 2102 1
8862 2103 1
8863 2103 1
7500 2103 1
2447 2104 1
6381 2105 1
4687 2106 1
8864 2106 1
8865 2107 1
4074 2107 1
4281 2107 1
6372 2108 1
6205 2108 1
5861 2109 1
2535 2110 1
5085 2111 1
8866 2112 1
4457 2113 1
7146 2114 1
5592 2115 1
8867 2115 1
4471 2115 1
8868 2115 1
7216 2115 1
3156 2115 1
5423 2115 1
8650 2115 1
3565 2115 1
6418 2115 1
2677 2115 1
6376 2115 1
2711 2115 1
4848 2115 1
6235 2115 1
6617 2115 1
4076 2115 1
4686 2115 1
6976 2115 1
6098 2115 1
8869 2115 1
3863 2115 1
5203 2115 1
8870 2115 1
5152 2115 1
8871 2115 1
7382 2115 1
8872 2115 1
8873 2115 1
4551 2115 1
4731 2116 1
6479 2116 1
4629 2117 1
8383 2118 1
7225 2119 1
6657 2119 1
2992 2119 1
6970 2119 1
7188 2119 1
7516 2120 1
2479 2121 1
4524 2121 1
5728 2121 1
4238 2122 1
6198 2123 1
4856 2123 1
8874 2124 1
5257 2124 1
3525 2124 1
8875 2124 1
7338 2125 1
8876 2125 1
6104 2125 1
2575 2125 1
8877 2125 1
8878 2126 1
8023 2127 1
6484 2128 1
6018 2128 1
6039 2128 1
5875 2129 1
2280 2129 1
2603 2129 1
8879 2129 1
2873 2129 1
8880 2130 1
8881 2130 1
6700 2130 1
8882 2130 1
8883 2130 1
5603 2130 1
8293 2131 1
5538 2132 1
4619 2133 1
7748 2133 1
8858 2133 1
7749 2133 1
4322 2133 1
4968 2133 1
5204 2133 1
3381 2134 1
6203 2134 1
5442 2134 1
2348 2135 1
4933 2136 1
2774 2137 1
5582 2138 1
4940 2139 1
7169 2140 1
4614 2140 1
7200 2140 1
8884 2140 1
6467 2141 1
3483 2142 1
8885 2142 1
5636 2143 1
8886 2143 1
4257 2144 1
7007 2144 1
6317 2144 1
6191 2144 1
8887 2144 1
2284 2144 1
6467 2145 1
5668 2146 1
8888 2147 1
7406 2147 1
2348 2148 1
8889 2149 1
4943 2150 1
7261 2150 1
6508 2150 1
4346 2150 1
8890 2150 1
8891 2151 1
3782 2152 1
6085 2153 1
8066 2153 1
7217 2154 1
7034 2155 1
7577 2156 1
7361 2156 1
8892 2157 1
8893 2158 1
7034 2159 1
6445 2160 1
8023 2161 1
6931 2162 1
8894 2162 1
6287 2162 1
5795 2163 1
2524 2164 1
6113 2164 1
4591 2164 1
6380 2164 1
8895 2164 1
5290 2165 1
2170 2165 1
5414 2165 1
4453 2165 1
2356 2165 1
7382 2165 1
2735 2165 1
3175 2165 1
4472 2165 1
8182 2165 1
6282 2165 1
2776 2165 1
4537 2165 1
8680 2166 1
4448 2167 1
8896 2168 1
7269 2168 1
2367 2168 1
7252 2168 1
8897 2169 1
7286 2169 1
8898 2169 1
6976 2170 1
6098 2170 1
7447 2170 1
6162 2170 1
5450 2170 1
4289 2171 1
7265 2171 1
6719 2172 1
2456 2173 1
6250 2173 1
4512 2173 1
8899 2174 1
7785 2174 1
8900 2174 1
8901 2174 1
8902 2174 1
4711 2175 1
4285 2176 1
2275 2176 1
4767 2177 1
7421 2178 1
6471 2178 1
4101 2179 1
8903 2179 1
2561 2180 1
8904 2180 1
8905 2181 1
3918 2182 1
8906 2182 1
6355 2183 1
2452 2183 1
3493 2183 1
6519 2184 1
8907 2184 1
2382 2184 1
5257 2185 1
8908 2185 1
8909 2186 1
2917 2186 1
4262 2187 1
2848 2188 1
5109 2188 1
3095 2188 1
6716 2188 1
5464 2188 1
5481 2188 1
5919 2188 1
7135 2188 1
3205 2188 1
7722 2188 1
6960 2188 1
5444 2188 1
7057 2188 1
7160 2188 1
5484 2188 1
5303 2188 1
5628 2188 1
3639 2188 1
6798 2188 1
7179 2188 1
5729 2188 1
5949 2188 1
5773 2188 1
7102 2188 1
3546 2188 1
3826 2188 1
6859 2188 1
6555 2188 1
5847 2188 1
7640 2188 1
5427 2188 1
7382 2189 1
4124 2189 1
7265 2189 1
4860 2189 1
8865 2190 1
8910 2190 1
2236 2191 1
5263 2192 1
5150 2192 1
6443 2192 1
4284 2192 1
4509 2192 1
7281 2192 1
4783 2193 1
4840 2193 1
6144 2193 1
6988 2193 1
6113 2193 1
4800 2193 1
6380 2193 1
6321 2194 1
6128 2195 1
8911 2196 1
8002 2197 1
6881 2197 1
6389 2197 1
8912 2197 1
5159 2198 1
4117 2199 1
5859 2199 1
4465 2199 1
5067 2199 1
8700 2199 1
8913 2199 1
6986 2199 1
7401 2199 1
3303 2199 1
7310 2200 1
4141 2201 1
4619 2201 1
4820 2201 1
8914 2201 1
8361 2202 1
2654 2202 1
3614 2202 1
5351 2202 1
8915 2202 1
2560 2202 1
8916 2202 1
3848 2202 1
8917 2202 1
6256 2202 1
3416 2202 1
8918 2202 1
8919 2202 1
8920 2203 1
6231 2203 1
4743 2204 1
6655 2205 1
3050 2206 1
8921 2206 1
5186 2206 1
7321 2207 1
6045 2207 1
7133 2207 1
4282 2208 1
8922 2209 1
7365 2209 1
8923 2209 1
3285 2209 1
8924 2209 1
8925 2209 1
6171 2209 1
8926 2209 1
8927 2209 1
8708 2210 1
8928 2210 1
7190 2210 1
4353 2210 1
6351 2210 1
5058 2210 1
4684 2210 1
2873 2210 1
7214 2210 1
7948 2210 1
6139 2210 1
5260 2211 1
4911 2212 1
6257 2212 1
7180 2212 1
2642 2212 1
5532 2212 1
7725 2212 1
3490 2212 1
6496 2213 1
2630 2214 1
6893 2215 1
7188 2216 1
6225 2216 1
6834 2216 1
6657 2216 1
2734 2216 1
5485 2217 1
4530 2217 1
8929 2217 1
4320 2218 1
2873 2219 1
7815 2220 1
7324 2220 1
7369 2220 1
7977 2221 1
4769 2221 1
8830 2222 1
7550 2223 1
8930 2224 1
7568 2224 1
7005 2225 1
5702 2225 1
5246 2225 1
7297 2225 1
3241 2226 1
5591 2227 1
8931 2228 1
6932 2228 1
8932 2228 1
8933 2228 1
6486 2229 1
8934 2229 1
8703 2230 1
5110 2231 1
8935 2232 1
8936 2232 1
8937 2233 1
2599 2234 1
5164 2235 1
8938 2236 1
5918 2236 1
8939 2237 1
4173 2237 1
4293 2238 1
5991 2238 1
5559 2239 1
3080 2240 1
7342 2241 1
6639 2241 1
8692 2242 1
8940 2243 1
4127 2243 1
4728 2243 1
8941 2243 1
8453 2244 1
4306 2245 1
6834 2245 1
4836 2245 1
6688 2245 1
2404 2246 1
2651 2246 1
5723 2246 1
4814 2246 1
4578 2246 1
6890 2246 1
4487 2246 1
3671 2246 1
2257 2246 1
6486 2246 1
4380 2246 1
4837 2246 1
4850 2246 1
7112 2246 1
7413 2246 1
7105 2246 1
4954 2247 1
4735 2247 1
3073 2248 1
8942 2249 1
8019 2249 1
3283 2249 1
3888 2250 1
8943 2251 1
4200 2251 1
6701 2252 1
4294 2253 1
8711 2253 1
5702 2254 1
5614 2255 1
8944 2255 1
5537 2255 1
2899 2255 1
7324 2256 1
6808 2257 1
6832 2257 1
7222 2257 1
4071 2257 1
2404 2257 1
5723 2257 1
5406 2257 1
7503 2257 1
4578 2257 1
6159 2257 1
3671 2257 1
6854 2257 1
6486 2257 1
4424 2257 1
5691 2257 1
4380 2257 1
4837 2257 1
6654 2257 1
7105 2257 1
6823 2257 1
3628 2258 1
6744 2258 1
6655 2258 1
2935 2258 1
2844 2258 1
8945 2258 1
3235 2258 1
3472 2258 1
6833 2258 1
4996 2258 1
7713 2258 1
8946 2258 1
8947 2258 1
8948 2258 1
3880 2258 1
5868 2258 1
4067 2258 1
8054 2258 1
5018 2258 1
6932 2258 1
6664 2258 1
5699 2258 1
7649 2258 1
8949 2258 1
8950 2258 1
6839 2258 1
6859 2258 1
7820 2258 1
3141 2258 1
6699 2258 1
8744 2259 1
3493 2260 1
2688 2261 1
6144 2261 1
6988 2261 1
6113 2261 1
4736 2261 1
8951 2261 1
2562 2261 1
6380 2261 1
3084 2262 1
6013 2262 1
8952 2263 1
8953 2263 1
4907 2263 1
8728 2264 1
8954 2265 1
5675 2265 1
2761 2265 1
3129 2265 1
5868 2265 1
8426 2265 1
6098 2265 1
6463 2265 1
5477 2265 1
6588 2265 1
8428 2265 1
7272 2265 1
3170 2265 1
5243 2265 1
5604 2265 1
6655 2265 1
6386 2265 1
3156 2265 1
4861 2265 1
3148 2265 1
2537 2265 1
8429 2265 1
8072 2265 1
3234 2265 1
8955 2265 1
3293 2265 1
8645 2266 1
5879 2267 1
6768 2267 1
8956 2267 1
6990 2267 1
8214 2267 1
8957 2267 1
3137 2268 1
8958 2268 1
3071 2269 1
3816 2270 1
6428 2270 1
6038 2270 1
4458 2270 1
5474 2270 1
4487 2270 1
6048 2270 1
7286 2270 1
7251 2270 1
6555 2270 1
7105 2270 1
4554 2270 1
5231 2271 1
6329 2271 1
7180 2271 1
5351 2271 1
7266 2271 1
6006 2271 1
4189 2271 1
3282 2271 1
3490 2271 1
3929 2271 1
3893 2271 1
6872 2271 1
7302 2271 1
3804 2271 1
7113 2271 1
5278 2271 1
6765 2271 1
6703 2271 1
5218 2271 1
4951 2271 1
6318 2271 1
5389 2271 1
5683 2271 1
7100 2271 1
7093 2271 1
7129 2271 1
5301 2271 1
7159 2271 1
3876 2271 1
6655 2271 1
5418 2271 1
8959 2271 1
3870 2271 1
3072 2271 1
6989 2271 1
7102 2271 1
5835 2271 1
6757 2271 1
7317 2271 1
5320 2271 1
5549 2271 1
7173 2271 1
6945 2271 1
6628 2271 1
7118 2271 1
6622 2271 1
6608 2271 1
6985 2271 1
8850 2272 1
2419 2272 1
7631 2273 1
7280 2274 1
8960 2275 1
4285 2275 1
7487 2275 1
7488 2275 1
8961 2275 1
7489 2275 1
4673 2275 1
4249 2276 1
4238 2277 1
7321 2278 1
2292 2279 1
8101 2280 1
5875 2280 1
2603 2280 1
4387 2280 1
2873 2280 1
3333 2280 1
7415 2281 1
7785 2282 1
4608 2283 1
4257 2284 1
6317 2284 1
6191 2284 1
5164 2285 1
3040 2286 1
6225 2287 1
3917 2287 1
7338 2287 1
8431 2287 1
6834 2287 1
6829 2287 1
7326 2287 1
3146 2287 1
4439 2287 1
3658 2287 1
7301 2287 1
6412 2287 1
5286 2287 1
7286 2287 1
3513 2287 1
6426 2287 1
2731 2287 1
4841 2287 1
6283 2288 1
6306 2288 1
8962 2288 1
7809 2288 1
6284 2288 1
7188 2289 1
2689 2289 1
8963 2289 1
6970 2289 1
2774 2290 1
8964 2291 1
6149 2292 1
8965 2292 1
8966 2292 1
8967 2292 1
2386 2292 1
8968 2293 1
6932 2293 1
8969 2294 1
3156 2295 1
2419 2295 1
4320 2295 1
7313 2296 1
8691 2297 1
5650 2297 1
4091 2298 1
8510 2298 1
3391 2298 1
6458 2299 1
4431 2300 1
8970 2301 1
5668 2301 1
4363 2301 1
2466 2302 1
2791 2303 1
8845 2303 1
8971 2304 1
8972 2304 1
5538 2305 1
7594 2305 1
6187 2305 1
8285 2306 1
7096 2307 1
8973 2308 1
6902 2309 1
2736 2310 1
2613 2310 1
4506 2311 1
4333 2312 1
2517 2312 1
7334 2312 1
4159 2312 1
3581 2313 1
8974 2313 1
5686 2313 1
5727 2314 1
6727 2315 1
6122 2316 1
8975 2316 1
5848 2317 1
7476 2318 1
4048 2318 1
8976 2318 1
2456 2319 1
8839 2319 1
7301 2320 1
4189 2321 1
5174 2322 1
4183 2323 1
5749 2324 1
6355 2325 1
3493 2325 1
3480 2326 1
4408 2327 1
8977 2328 1
4709 2328 1
6279 2328 1
3729 2328 1
4785 2328 1
3790 2328 1
4262 2329 1
7180 2330 1
2642 2330 1
8978 2331 1
5653 2331 1
8905 2332 1
4046 2332 1
7280 2333 1
8979 2334 1
2729 2334 1
4254 2334 1
8980 2334 1
6467 2334 1
8981 2334 1
7226 2335 1
8982 2335 1
4771 2336 1
5204 2337 1
3885 2337 1
8983 2338 1
8984 2338 1
4325 2338 1
6664 2339 1
8985 2340 1
8320 2341 1
8986 2342 1
5601 2343 1
4494 2343 1
7026 2344 1
8987 2345 1
8369 2345 1
2688 2345 1
8988 2345 1
8951 2345 1
6380 2345 1
2456 2346 1
7316 2347 1
8989 2348 1
6200 2348 1
4474 2348 1
8990 2348 1
3845 2348 1
2432 2348 1
7110 2348 1
5255 2348 1
8991 2348 1
6655 2348 1
2918 2348 1
6768 2348 1
3422 2348 1
5721 2348 1
4596 2348 1
8992 2348 1
8993 2348 1
8227 2348 1
5527 2348 1
7742 2348 1
6930 2348 1
7717 2348 1
5754 2348 1
3864 2348 1
8994 2348 1
6618 2348 1
8995 2349 1
6020 2349 1
8996 2349 1
6909 2350 1
3495 2350 1
8798 2351 1
4295 2352 1
2647 2352 1
8997 2353 1
4556 2353 1
3515 2354 1
8545 2354 1
8998 2354 1
6948 2355 1
5290 2356 1
2407 2356 1
2735 2356 1
8999 2356 1
3175 2356 1
9000 2357 1
5168 2357 1
9001 2358 1
5821 2358 1
6023 2359 1
5637 2359 1
8670 2360 1
6371 2360 1
5741 2360 1
9002 2361 1
6029 2361 1
6162 2361 1
4259 2361 1
7428 2361 1
8971 2361 1
8728 2362 1
3891 2362 1
9003 2362 1
6932 2363 1
9004 2363 1
4172 2364 1
4750 2365 1
8143 2366 1
9005 2366 1
6467 2366 1
8896 2367 1
7252 2367 1
6737 2368 1
4701 2369 1
7315 2370 1
5238 2370 1
2656 2370 1
7234 2370 1
4466 2370 1
8819 2371 1
9006 2371 1
6932 2372 1
4674 2373 1
5362 2373 1
5582 2374 1
9007 2374 1
5870 2374 1
9008 2375 1
6657 2376 1
5121 2376 1
3918 2376 1
5848 2377 1
6408 2377 1
4619 2378 1
5204 2378 1
7748 2378 1
7749 2378 1
5619 2378 1
7404 2379 1
4306 2380 1
4490 2380 1
4135 2380 1
7230 2380 1
6472 2380 1
6998 2380 1
5935 2381 1
2428 2381 1
9009 2381 1
6519 2382 1
7509 2383 1
5411 2384 1
3809 2384 1
7061 2384 1
5062 2384 1
3922 2384 1
5234 2384 1
6768 2384 1
9010 2384 1
6790 2384 1
7002 2384 1
5620 2384 1
3542 2384 1
3538 2384 1
4845 2385 1
4641 2385 1
7236 2385 1
4468 2385 1
9011 2386 1
6149 2386 1
6422 2387 1
4227 2387 1
3314 2388 1
9012 2388 1
6270 2388 1
3798 2388 1
6467 2388 1
4712 2388 1
9013 2389 1
7527 2390 1
4149 2390 1
8541 2391 1
4933 2391 1
9014 2392 1
2700 2392 1
9015 2393 1
5412 2393 1
5313 2393 1
4214 2394 1
9016 2395 1
6663 2395 1
9017 2395 1
5632 2395 1
9018 2395 1
6821 2395 1
9019 2395 1
9020 2395 1
9021 2396 1
4421 2397 1
2607 2397 1
3129 2398 1
6655 2398 1
8639 2399 1
2552 2399 1
7741 2400 1
2771 2400 1
3694 2401 1
6069 2401 1
4370 2401 1
2495 2401 1
8377 2401 1
7260 2401 1
4827 2401 1
4532 2401 1
5443 2402 1
2792 2402 1
5459 2402 1
6096 2402 1
5887 2402 1
3339 2402 1
4203 2402 1
5909 2402 1
4821 2402 1
3859 2402 1
6455 2402 1
4900 2402 1
3789 2402 1
7351 2402 1
4531 2402 1
5061 2403 1
6808 2404 1
6832 2404 1
4071 2404 1
9022 2404 1
5723 2404 1
7503 2404 1
4578 2404 1
5165 2404 1
6159 2404 1
6854 2404 1
6486 2404 1
4424 2404 1
5691 2404 1
9023 2404 1
4380 2404 1
4377 2404 1
4180 2404 1
4356 2404 1
6654 2404 1
7413 2404 1
6823 2404 1
7255 2405 1
5818 2406 1
7810 2407 1
5290 2407 1
7353 2407 1
9024 2407 1
9025 2407 1
9026 2407 1
8425 2407 1
6951 2407 1
7401 2407 1
9027 2408 1
3067 2409 1
5610 2409 1
2432 2410 1
5255 2410 1
4542 2411 1
6162 2411 1
9028 2411 1
6297 2412 1
9029 2412 1
2551 2412 1
7324 2412 1
9030 2413 1
3253 2413 1
2986 2413 1
9031 2413 1
9032 2413 1
2473 2413 1
5934 2413 1
2951 2413 1
9033 2413 1
7343 2414 1
9034 2415 1
7158 2415 1
4358 2415 1
6932 2416 1
6334 2416 1
9035 2416 1
9036 2417 1
7814 2418 1
4320 2419 1
8850 2419 1
3762 2420 1
9037 2420 1
9038 2420 1
9039 2420 1
7020 2421 1
9040 2422 1
6026 2423 1
5614 2424 1
9041 2424 1
9042 2424 1
2899 2424 1
9043 2424 1
4209 2424 1
8007 2425 1
4594 2426 1
9044 2426 1
3051 2426 1
3701 2427 1
9009 2428 1
3599 2429 1
9045 2430 1
7391 2431 1
8994 2432 1
6446 2433 1
6515 2433 1
6830 2433 1
3654 2434 1
6885 2434 1
2811 2434 1
6321 2435 1
4306 2436 1
5474 2436 1
6867 2437 1
4794 2438 1
2761 2439 1
4210 2440 1
4240 2440 1
8119 2440 1
5092 2440 1
6098 2441 1
9046 2442 1
2782 2442 1
5721 2442 1
9047 2442 1
3074 2442 1
7369 2443 1
7849 2444 1
3529 2444 1
6330 2445 1
4860 2445 1
9048 2446 1
5392 2447 1
6578 2447 1
7122 2448 1
5171 2448 1
8625 2449 1
5392 2450 1
8985 2451 1
2829 2452 1
9049 2452 1
6355 2452 1
9050 2452 1
8085 2452 1
3493 2452 1
8044 2452 1
9051 2452 1
3436 2452 1
3169 2453 1
9052 2453 1
8385 2454 1
2943 2455 1
9053 2455 1
4906 2456 1
7321 2456 1
9054 2456 1
7182 2456 1
4682 2456 1
6250 2456 1
8693 2456 1
6288 2456 1
3795 2456 1
3948 2456 1
7020 2456 1
9055 2456 1
4527 2456 1
7312 2456 1
6488 2456 1
7304 2456 1
3873 2456 1
4512 2456 1
7255 2456 1
5052 2456 1
6907 2456 1
4879 2456 1
7829 2457 1
2509 2458 1
7324 2458 1
8501 2458 1
6352 2459 1
6589 2460 1
6145 2461 1
5631 2461 1
9056 2461 1
9009 2462 1
6151 2463 1
7196 2463 1
7745 2464 1
4880 2464 1
2532 2464 1
4823 2465 1
9057 2465 1
9045 2465 1
9058 2466 1
6639 2466 1
9027 2466 1
5582 2467 1
4676 2467 1
4998 2468 1
4078 2469 1
6470 2470 1
9059 2470 1
2776 2470 1
5668 2471 1
6187 2472 1
9060 2473 1
9061 2473 1
8669 2473 1
7314 2474 1
8456 2475 1
7585 2476 1
5044 2476 1
3573 2476 1
7223 2476 1
7431 2477 1
3708 2477 1
9062 2478 1
9063 2478 1
9064 2478 1
9065 2478 1
4003 2478 1
4524 2479 1
5728 2479 1
7745 2480 1
7644 2480 1
4624 2480 1
4880 2480 1
2532 2480 1
3381 2481 1
9066 2482 1
9067 2482 1
9068 2483 1
2756 2483 1
9069 2484 1
6009 2484 1
9070 2484 1
6467 2485 1
6931 2486 1
5152 2486 1
9071 2486 1
8117 2486 1
8118 2486 1
4452 2486 1
6403 2487 1
5230 2487 1
6076 2487 1
6364 2487 1
9072 2488 1
9073 2489 1
8746 2490 1
4704 2490 1
9074 2491 1
9075 2491 1
6536 2491 1
7223 2491 1
7259 2491 1
4827 2491 1
6467 2492 1
9076 2493 1
4992 2493 1
9077 2493 1
2541 2494 1
4854 2495 1
3694 2495 1
6069 2495 1
3075 2495 1
4370 2495 1
7150 2495 1
7043 2495 1
6362 2495 1
4827 2495 1
4532 2495 1
4034 2496 1
7641 2497 1
4243 2497 1
6245 2497 1
2672 2497 1
6398 2497 1
7207 2497 1
8431 2498 1
6005 2499 1
2862 2500 1
6550 2500 1
4160 2500 1
6744 2500 1
4423 2500 1
6486 2500 1
4466 2500 1
5037 2501 1
4085 2502 1
4746 2502 1
2780 2502 1
6011 2502 1
9078 2502 1
9079 2503 1
9080 2504 1
6528 2505 1
5612 2505 1
2614 2505 1
9081 2505 1
6091 2505 1
3665 2506 1
6327 2506 1
7338 2507 1
6932 2508 1
7204 2509 1
5890 2510 1
7265 2510 1
4743 2510 1
3122 2511 1
6172 2512 1
6024 2512 1
9082 2512 1
6355 2513 1
3493 2513 1
5121 2514 1
9083 2514 1
3159 2515 1
3828 2515 1
9030 2515 1
3812 2515 1
7946 2515 1
6813 2515 1
6281 2515 1
9084 2515 1
7485 2516 1
4333 2517 1
7334 2517 1
5457 2518 1
6316 2518 1
9085 2518 1
7300 2518 1
4260 2518 1
3938 2519 1
4371 2520 1
9086 2520 1
8830 2521 1
4318 2522 1
6932 2523 1
6547 2523 1
9087 2524 1
5709 2524 1
6113 2524 1
9088 2524 1
6380 2524 1
6754 2525 1
4992 2526 1
8994 2527 1
4211 2528 1
2672 2528 1
4780 2528 1
9089 2528 1
2778 2528 1
6290 2529 1
6200 2529 1
4474 2529 1
4587 2529 1
9090 2530 1
6544 2530 1
7022 2530 1
9091 2530 1
4783 2531 1
2562 2531 1
7745 2532 1
4624 2532 1
4880 2532 1
2778 2533 1
3146 2534 1
7242 2535 1
9092 2535 1
9093 2535 1
9094 2535 1
9095 2535 1
4874 2535 1
2714 2535 1
4409 2535 1
9096 2535 1
6430 2536 1
5868 2537 1
6098 2537 1
6463 2537 1
7192 2537 1
5604 2537 1
4285 2538 1
4470 2539 1
6168 2540 1
3990 2541 1
9097 2541 1
7315 2541 1
2937 2541 1
6021 2541 1
5238 2541 1
4473 2541 1
4238 2541 1
6180 2541 1
4466 2541 1
4531 2541 1
3612 2541 1
9098 2541 1
6122 2542 1
6158 2542 1
9099 2542 1
9100 2543 1
7369 2543 1
6250 2544 1
3873 2544 1
8056 2545 1
9101 2545 1
9102 2545 1
6122 2546 1
9103 2546 1
7169 2547 1
7872 2547 1
8751 2547 1
4614 2547 1
9104 2547 1
9105 2547 1
8752 2547 1
9106 2547 1
9107 2547 1
6321 2548 1
4756 2549 1
9108 2549 1
4538 2549 1
2755 2549 1
6425 2549 1
6844 2549 1
4846 2550 1
9109 2550 1
6130 2550 1
7939 2551 1
8639 2552 1
7804 2553 1
8920 2554 1
6463 2555 1
4782 2555 1
4992 2556 1
2944 2557 1
8678 2557 1
7459 2558 1
7199 2558 1
7180 2558 1
9110 2558 1
9111 2558 1
7328 2558 1
9112 2558 1
5947 2559 1
3614 2560 1
4275 2560 1
2974 2560 1
6256 2560 1
8918 2560 1
9113 2560 1
6890 2561 1
9114 2561 1
2688 2562 1
6144 2562 1
6421 2562 1
6988 2562 1
6113 2562 1
4736 2562 1
8951 2562 1
6380 2562 1
6326 2563 1
7158 2564 1
9115 2565 1
7044 2565 1
6542 2566 1
4567 2567 1
7162 2568 1
4966 2569 1
7232 2569 1
7313 2569 1
4903 2570 1
6225 2571 1
9116 2571 1
4808 2572 1
6486 2572 1
7369 2573 1
7369 2574 1
7338 2575 1
9117 2575 1
4912 2575 1
6352 2575 1
7315 2575 1
4334 2575 1
7230 2575 1
4487 2575 1
4663 2575 1
6026 2575 1
6744 2575 1
4423 2575 1
6340 2575 1
7286 2575 1
4732 2575 1
6426 2575 1
6877 2575 1
9118 2575 1
4719 2576 1
6518 2577 1
7432 2577 1
8952 2578 1
8953 2578 1
3886 2579 1
5653 2580 1
4262 2581 1
7456 2582 1
7457 2582 1
7458 2582 1
7393 2583 1
2643 2583 1
2610 2584 1
6509 2585 1
9119 2586 1
9022 2586 1
4206 2586 1
4424 2586 1
9120 2586 1
2656 2587 1
2733 2588 1
8725 2589 1
5492 2589 1
7217 2590 1
4531 2591 1
3634 2592 1
4770 2592 1
7349 2592 1
6253 2593 1
2913 2593 1
3800 2593 1
8081 2593 1
8748 2593 1
7227 2593 1
6470 2594 1
8777 2595 1
7527 2596 1
9121 2597 1
6050 2597 1
7272 2597 1
4824 2597 1
5635 2598 1
9122 2599 1
9123 2599 1
4286 2599 1
6932 2599 1
4016 2599 1
9124 2599 1
9125 2599 1
9126 2599 1
9127 2599 1
2917 2599 1
2717 2600 1
9128 2600 1
8839 2600 1
6931 2601 1
4214 2601 1
9129 2602 1
6199 2602 1
9130 2602 1
5875 2603 1
4179 2603 1
2873 2603 1
7329 2604 1
6434 2605 1
3375 2606 1
9131 2607 1
9132 2608 1
6541 2608 1
3614 2609 1
9133 2609 1
9134 2609 1
5099 2610 1
7181 2610 1
7369 2610 1
6500 2611 1
3990 2612 1
5121 2612 1
3927 2612 1
5238 2612 1
9135 2612 1
6180 2612 1
4638 2612 1
4356 2612 1
4466 2612 1
3612 2612 1
6544 2613 1
6999 2613 1
4042 2613 1
4937 2613 1
2736 2613 1
6528 2614 1
5612 2614 1
5060 2614 1
7324 2614 1
9081 2614 1
6091 2614 1
9136 2615 1
9137 2615 1
6158 2616 1
9138 2616 1
2626 2617 1
6581 2617 1
2663 2618 1
6529 2618 1
9139 2618 1
9140 2618 1
5538 2618 1
4753 2618 1
7594 2618 1
5292 2618 1
3836 2618 1
6187 2618 1
4215 2618 1
6494 2618 1
6035 2618 1
5921 2619 1
5540 2620 1
7324 2621 1
5562 2622 1
2945 2623 1
7206 2623 1
5457 2623 1
6316 2623 1
7300 2623 1
4860 2624 1
2783 2625 1
9141 2626 1
9142 2626 1
9143 2627 1
9144 2628 1
4181 2629 1
7288 2630 1
6462 2630 1
9145 2630 1
4289 2630 1
4208 2630 1
7265 2630 1
9146 2630 1
2933 2630 1
8556 2631 1
9147 2631 1
6116 2631 1
6434 2632 1
9148 2632 1
6550 2633 1
5833 2634 1
4975 2635 1
8727 2636 1
4449 2636 1
7296 2636 1
6486 2637 1
2718 2638 1
6941 2639 1
4576 2640 1
6161 2641 1
4911 2642 1
6257 2642 1
7180 2642 1
5532 2642 1
7725 2642 1
3490 2642 1
4282 2643 1
2823 2644 1
6162 2645 1
3421 2646 1
4295 2647 1
7338 2648 1
3990 2648 1
7315 2648 1
4718 2648 1
4238 2648 1
9149 2648 1
4860 2649 1
3877 2650 1
4004 2650 1
6701 2651 1
3151 2651 1
3671 2651 1
9150 2651 1
9151 2651 1
4837 2651 1
4432 2651 1
4850 2651 1
7112 2651 1
7413 2651 1
8829 2652 1
4137 2653 1
3625 2653 1
6247 2653 1
4865 2653 1
9152 2654 1
4608 2655 1
7315 2656 1
4487 2656 1
3637 2656 1
4161 2656 1
7101 2656 1
7286 2656 1
7149 2656 1
3990 2656 1
2673 2656 1
4718 2656 1
6021 2656 1
4238 2656 1
6180 2656 1
4408 2656 1
4466 2656 1
5125 2657 1
6755 2658 1
7548 2658 1
6794 2658 1
5611 2658 1
3011 2658 1
3346 2658 1
7144 2658 1
5848 2658 1
5635 2658 1
5066 2658 1
6924 2658 1
4822 2658 1
5529 2658 1
6282 2659 1
9153 2659 1
8739 2659 1
6098 2660 1
9154 2661 1
4200 2661 1
4590 2662 1
2677 2662 1
9139 2663 1
9155 2664 1
6639 2664 1
7324 2665 1
2687 2666 1
6508 2667 1
4795 2668 1
4681 2669 1
8906 2670 1
9156 2671 1
7369 2671 1
7641 2672 1
4243 2672 1
4445 2672 1
4211 2672 1
6245 2672 1
9143 2672 1
4198 2672 1
9157 2672 1
4780 2672 1
9089 2672 1
2778 2672 1
7647 2672 1
7207 2672 1
6225 2673 1
3990 2673 1
4841 2673 1
7315 2673 1
8468 2673 1
4723 2673 1
6834 2673 1
5849 2673 1
5238 2673 1
4238 2673 1
4408 2673 1
7286 2673 1
9158 2673 1
4466 2673 1
3612 2673 1
6048 2674 1
9159 2674 1
8650 2675 1
4756 2676 1
4841 2676 1
7208 2676 1
5935 2676 1
9160 2676 1
4718 2676 1
3658 2676 1
6136 2676 1
4356 2676 1
7162 2676 1
3629 2677 1
4590 2677 1
4336 2677 1
6376 2677 1
6235 2677 1
7312 2678 1
7304 2678 1
7149 2678 1
9161 2679 1
9162 2679 1
7123 2679 1
8753 2680 1
8103 2680 1
7623 2680 1
3579 2680 1
6842 2680 1
6775 2680 1
7288 2681 1
7928 2682 1
4682 2683 1
6533 2684 1
6470 2685 1
7158 2686 1
4421 2687 1
4783 2688 1
6439 2688 1
6988 2688 1
6113 2688 1
4736 2688 1
8951 2688 1
6380 2688 1
6937 2688 1
9163 2688 1
7225 2689 1
4616 2689 1
4399 2689 1
9164 2689 1
3964 2689 1
2992 2689 1
8963 2689 1
6500 2689 1
5127 2689 1
6970 2689 1
7338 2690 1
4487 2690 1
7326 2690 1
7037 2690 1
6426 2690 1
9165 2691 1
6750 2691 1
9166 2691 1
6288 2692 1
4314 2692 1
4522 2692 1
6337 2692 1
4717 2693 1
4212 2693 1
9167 2693 1
4586 2694 1
6250 2694 1
4531 2694 1
9168 2695 1
6313 2695 1
8579 2695 1
7663 2695 1
9169 2695 1
9170 2695 1
9171 2695 1
9172 2695 1
8086 2696 1
5041 2697 1
4860 2698 1
3621 2699 1
9173 2700 1
9174 2700 1
4366 2701 1
9175 2701 1
8833 2702 1
9176 2702 1
9177 2703 1
5875 2703 1
8020 2703 1
9178 2703 1
9179 2703 1
4735 2703 1
9180 2703 1
7944 2704 1
9181 2705 1
7324 2705 1
6250 2706 1
6381 2707 1
6865 2707 1
5357 2707 1
9182 2708 1
2776 2708 1
3598 2709 1
4332 2710 1
9074 2711 1
6418 2711 1
5152 2711 1
9183 2711 1
9184 2711 1
6376 2711 1
9185 2711 1
4673 2711 1
7242 2712 1
9186 2712 1
9187 2712 1
5048 2713 1
9188 2713 1
7509 2713 1
4409 2714 1
9096 2714 1
2874 2715 1
6755 2716 1
4137 2716 1
5345 2716 1
6495 2716 1
9189 2717 1
7400 2718 1
6986 2718 1
4589 2718 1
9190 2718 1
5993 2718 1
9191 2718 1
7382 2718 1
4735 2718 1
9192 2718 1
9193 2718 1
3763 2718 1
9194 2718 1
6902 2718 1
9195 2718 1
4881 2719 1
9196 2719 1
7209 2719 1
3449 2719 1
9192 2720 1
6428 2721 1
6049 2721 1
4889 2721 1
6038 2721 1
4458 2721 1
5474 2721 1
4487 2721 1
6068 2721 1
6048 2721 1
7105 2721 1
3200 2722 1
9197 2722 1
3637 2723 1
4559 2724 1
6467 2725 1
9198 2726 1
3466 2727 1
9199 2727 1
4270 2727 1
7403 2727 1
3691 2728 1
8980 2729 1
9200 2730 1
2744 2730 1
3146 2731 1
6995 2731 1
5875 2732 1
6053 2733 1
7568 2733 1
7419 2734 1
9201 2734 1
6524 2735 1
5290 2735 1
9202 2735 1
9203 2735 1
3856 2735 1
3270 2735 1
4735 2735 1
3175 2735 1
6999 2736 1
4937 2736 1
6430 2737 1
9204 2738 1
5450 2738 1
6544 2739 1
9205 2739 1
6489 2739 1
9206 2740 1
9207 2740 1
2986 2740 1
5558 2740 1
9208 2741 1
9209 2741 1
4992 2741 1
5382 2742 1
7210 2743 1
4752 2743 1
9210 2743 1
6770 2743 1
3836 2743 1
9200 2744 1
9211 2745 1
7208 2745 1
9212 2745 1
7315 2746 1
7286 2746 1
4998 2747 1
8185 2748 1
7370 2748 1
4779 2748 1
7438 2749 1
4751 2750 1
9213 2751 1
4992 2751 1
9214 2752 1
4954 2753 1
9215 2753 1
4729 2754 1
4212 2754 1
4756 2755 1
9108 2755 1
6425 2755 1
6844 2755 1
9216 2756 1
9068 2756 1
3635 2756 1
6519 2757 1
4790 2758 1
3524 2758 1
4374 2759 1
6090 2760 1
7012 2760 1
4945 2761 1
3784 2761 1
9217 2761 1
5998 2762 1
8548 2763 1
9218 2764 1
9219 2765 1
6639 2765 1
6422 2766 1
9220 2767 1
9221 2767 1
6389 2767 1
9222 2767 1
4793 2768 1
3888 2768 1
4690 2768 1
4861 2769 1
5206 2770 1
9223 2771 1
5492 2772 1
8316 2773 1
9224 2774 1
9225 2774 1
4992 2774 1
9226 2774 1
9227 2775 1
6976 2776 1
6098 2776 1
9228 2776 1
6162 2776 1
4453 2776 1
6017 2776 1
9059 2776 1
9229 2776 1
6520 2776 1
9230 2776 1
9231 2777 1
4211 2778 1
9232 2778 1
4780 2778 1
9089 2778 1
4262 2779 1
6011 2780 1
9078 2780 1
6487 2781 1
3074 2782 1
9046 2782 1
6542 2783 1
9233 2783 1
6192 2784 1
6372 2785 1
3146 2785 1
2794 2786 1
7346 2786 1
7064 2787 1
4648 2788 1
9234 2789 1
3427 2790 1
8845 2791 1
5459 2792 1
6096 2792 1
5887 2792 1
3339 2792 1
4203 2792 1
5909 2792 1
4851 2792 1
4821 2792 1
3859 2792 1
6455 2792 1
4900 2792 1
3789 2792 1
7351 2792 1
4531 2792 1
7369 2793 1
4430 2794 1
6260 2795 1
5533 2796 1
5146 2796 1
5795 2797 1
2966 2798 1
4992 2798 1
9188 2799 1
3641 2800 1
8671 2801 1
9235 2801 1
3285 2801 1
8585 2801 1
9236 2801 1
9237 2802 1
5012 2802 1
8081 2802 1
5424 2802 1
9238 2803 1
9239 2803 1
3459 2803 1
6979 2804 1
9240 2805 1
7369 2805 1
7529 2805 1
8246 2805 1
6744 2806 1
4423 2806 1
5425 2807 1
6119 2807 1
4948 2807 1
9241 2808 1
7495 2808 1
5623 2808 1
7074 2808 1
6281 2808 1
4531 2808 1
5121 2808 1
9242 2809 1
3422 2809 1
2851 2810 1
4080 2811 1
5896 2811 1
3408 2811 1
7297 2812 1
8269 2813 1
8219 2814 1
5918 2815 1
4537 2815 1
2935 2816 1
5699 2816 1
5366 2816 1
5934 2816 1
3831 2816 1
7856 2816 1
6605 2816 1
9243 2816 1
7297 2816 1
6671 2816 1
4996 2816 1
5316 2817 1
3575 2818 1
4756 2819 1
9108 2819 1
9244 2819 1
6844 2819 1
5919 2820 1
3205 2820 1
5452 2820 1
6798 2820 1
5773 2820 1
6859 2820 1
6555 2820 1
5847 2820 1
5811 2821 1
5527 2822 1
8087 2823 1
5184 2823 1
5768 2823 1
5231 2823 1
4935 2823 1
4997 2823 1
5842 2824 1
8004 2824 1
2951 2824 1
5336 2824 1
9245 2825 1
8432 2825 1
9246 2825 1
6075 2825 1
3692 2826 1
7717 2826 1
4081 2826 1
9247 2827 1
5316 2828 1
6355 2829 1
9248 2830 1
9249 2831 1
9250 2831 1
5690 2831 1
4041 2831 1
6334 2832 1
6752 2833 1
3091 2833 1
4082 2833 1
7146 2833 1
7148 2833 1
5818 2833 1
5900 2833 1
6619 2833 1
3127 2833 1
7028 2833 1
2999 2833 1
7597 2833 1
6572 2833 1
3807 2833 1
3451 2833 1
2976 2833 1
2979 2833 1
5905 2834 1
6845 2834 1
5159 2834 1
5664 2834 1
6345 2834 1
3316 2835 1
2975 2835 1
6043 2836 1
3917 2837 1
6681 2837 1
5649 2837 1
6778 2837 1
9251 2837 1
7585 2838 1
6641 2839 1
3754 2839 1
6818 2839 1
3147 2839 1
5647 2839 1
7072 2839 1
7058 2839 1
3711 2839 1
6692 2839 1
6897 2839 1
6756 2839 1
7742 2839 1
3980 2839 1
5618 2839 1
4771 2840 1
8011 2841 1
5018 2841 1
6264 2841 1
5025 2841 1
7820 2841 1
7005 2842 1
4973 2842 1
3569 2843 1
5402 2844 1
5649 2844 1
4023 2844 1
3042 2844 1
9252 2844 1
3985 2844 1
9253 2844 1
7855 2844 1
4974 2844 1
7856 2844 1
9254 2844 1
9255 2844 1
7704 2844 1
4996 2844 1
3292 2844 1
6605 2844 1
7860 2844 1
5959 2844 1
3260 2844 1
3395 2844 1
6671 2844 1
6555 2844 1
8809 2845 1
7265 2845 1
8770 2845 1
9256 2845 1
3222 2846 1
5149 2846 1
6569 2847 1
7960 2847 1
3969 2848 1
6651 2848 1
5131 2848 1
7722 2848 1
5484 2848 1
3038 2848 1
8323 2848 1
3772 2848 1
8166 2848 1
6824 2848 1
5345 2849 1
3337 2850 1
3206 2850 1
3502 2850 1
8205 2850 1
7580 2851 1
7581 2851 1
7583 2851 1
9257 2851 1
3669 2851 1
9258 2851 1
9259 2851 1
3144 2851 1
7056 2852 1
6605 2853 1
9260 2854 1
9261 2854 1
7820 2854 1
3749 2854 1
9262 2854 1
6932 2855 1
9263 2855 1
2922 2855 1
2935 2856 1
3042 2856 1
6917 2856 1
3770 2856 1
6555 2856 1
5222 2857 1
3203 2858 1
3622 2859 1
5950 2859 1
6872 2860 1
5756 2860 1
3129 2860 1
3582 2860 1
6765 2860 1
6568 2860 1
7285 2860 1
4951 2860 1
5569 2860 1
5335 2860 1
7129 2860 1
6874 2860 1
4122 2860 1
6655 2860 1
3919 2860 1
3738 2860 1
6883 2860 1
5436 2860 1
5835 2860 1
4937 2860 1
2921 2860 1
3657 2860 1
3941 2860 1
3784 2861 1
8694 2862 1
8843 2862 1
9162 2862 1
8556 2863 1
4540 2863 1
3140 2863 1
6543 2863 1
9264 2863 1
3433 2864 1
6891 2865 1
3896 2865 1
3965 2865 1
6679 2865 1
2930 2865 1
3437 2865 1
5248 2865 1
3169 2865 1
2999 2865 1
4095 2865 1
3844 2865 1
6555 2865 1
7867 2865 1
3414 2866 1
7746 2866 1
4077 2866 1
5330 2867 1
8000 2868 1
7932 2868 1
3880 2869 1
9265 2869 1
7047 2870 1
3884 2871 1
9266 2872 1
8100 2872 1
5875 2873 1
8928 2873 1
9267 2873 1
4195 2874 1
9268 2874 1
4453 2874 1
7265 2874 1
4773 2874 1
6383 2875 1
8988 2875 1
6727 2875 1
7161 2875 1
3911 2875 1
9269 2875 1
5044 2875 1
5217 2875 1
8996 2875 1
4595 2875 1
4070 2875 1
2905 2875 1
6867 2875 1
5306 2876 1
6684 2876 1
6635 2876 1
3253 2876 1
3736 2876 1
5545 2876 1
9270 2876 1
7820 2876 1
6779 2877 1
7310 2878 1
3586 2878 1
5173 2879 1
2905 2880 1
6867 2880 1
7732 2881 1
9160 2881 1
6693 2881 1
7162 2881 1
4472 2882 1
8020 2883 1
7369 2884 1
3851 2885 1
9271 2886 1
5496 2886 1
6386 2886 1
4953 2886 1
6743 2886 1
5848 2887 1
4660 2887 1
9272 2888 1
9273 2888 1
9274 2888 1
9275 2888 1
4516 2889 1
4003 2890 1
9276 2891 1
9277 2892 1
6575 2892 1
9278 2892 1
9279 2893 1
5325 2893 1
2963 2893 1
8983 2894 1
5402 2895 1
9280 2895 1
5023 2895 1
5681 2895 1
4095 2895 1
3428 2896 1
2977 2897 1
5690 2897 1
4041 2897 1
3690 2898 1
9281 2899 1
9043 2899 1
9282 2899 1
4209 2899 1
8509 2900 1
7144 2901 1
9283 2902 1
9284 2902 1
9285 2903 1
3691 2904 1
9286 2905 1
6162 2905 1
5665 2905 1
9287 2905 1
3363 2905 1
6867 2905 1
4232 2905 1
9288 2906 1
6281 2906 1
9289 2907 1
6765 2907 1
7285 2907 1
9290 2907 1
5335 2907 1
5133 2907 1
5970 2907 1
3784 2907 1
6930 2907 1
5634 2907 1
3198 2907 1
6859 2907 1
9291 2907 1
5477 2908 1
6979 2908 1
6655 2908 1
2918 2908 1
6859 2908 1
6930 2908 1
5085 2909 1
9292 2910 1
5527 2911 1
5735 2912 1
7417 2912 1
6253 2913 1
4328 2913 1
4629 2913 1
7846 2914 1
6584 2914 1
7936 2915 1
6066 2916 1
9293 2916 1
9294 2917 1
9295 2917 1
9296 2917 1
9297 2917 1
5477 2918 1
6979 2918 1
6655 2918 1
6859 2918 1
6930 2918 1
7852 2918 1
7123 2918 1
6768 2918 1
5721 2918 1
4596 2918 1
8227 2918 1
9298 2919 1
6723 2920 1
9299 2920 1
5756 2921 1
3582 2921 1
6568 2921 1
4951 2921 1
5569 2921 1
3460 2921 1
5335 2921 1
7129 2921 1
6655 2921 1
3738 2921 1
6863 2921 1
4937 2921 1
9263 2922 1
9300 2923 1
6608 2924 1
7879 2925 1
5010 2925 1
6241 2925 1
9301 2925 1
6575 2925 1
7044 2925 1
6217 2925 1
5557 2925 1
3139 2926 1
6775 2927 1
7005 2927 1
6774 2927 1
5636 2927 1
2963 2927 1
9302 2927 1
3268 2927 1
3830 2927 1
9303 2927 1
5246 2927 1
7837 2927 1
7297 2927 1
3880 2927 1
9304 2927 1
4973 2927 1
6555 2927 1
9305 2928 1
4957 2929 1
6891 2930 1
3896 2930 1
3965 2930 1
6679 2930 1
3437 2930 1
5248 2930 1
3169 2930 1
2999 2930 1
4095 2930 1
3844 2930 1
6555 2930 1
7867 2930 1
5594 2931 1
6066 2932 1
9306 2933 1
3784 2934 1
5527 2934 1
9307 2934 1
6982 2935 1
6891 2935 1
4023 2935 1
3042 2935 1
3160 2935 1
5699 2935 1
3292 2935 1
9308 2935 1
5366 2935 1
6917 2935 1
5934 2935 1
3831 2935 1
7001 2935 1
6605 2935 1
5782 2935 1
3770 2935 1
6671 2935 1
6842 2935 1
6555 2935 1
4996 2935 1
6755 2936 1
6794 2936 1
3011 2936 1
7144 2936 1
5848 2936 1
5635 2936 1
5066 2936 1
6924 2936 1
3857 2936 1
5529 2936 1
9309 2937 1
9310 2937 1
6880 2937 1
3117 2937 1
9311 2938 1
2942 2938 1
7280 2938 1
9312 2938 1
7403 2939 1
7795 2940 1
7094 2940 1
7070 2940 1
3884 2941 1
9313 2942 1
9314 2942 1
9315 2942 1
9311 2942 1
4093 2943 1
4109 2943 1
6656 2943 1
3657 2943 1
9316 2944 1
9317 2944 1
7206 2945 1
5457 2945 1
6316 2945 1
7300 2945 1
5159 2946 1
7428 2947 1
7936 2948 1
3957 2948 1
9318 2948 1
3310 2949 1
8331 2949 1
5368 2949 1
3173 2949 1
5981 2949 1
9319 2949 1
5840 2950 1
3273 2950 1
9320 2951 1
5842 2951 1
8004 2951 1
9321 2951 1
9322 2951 1
9061 2951 1
9323 2951 1
8083 2951 1
4091 2951 1
9324 2951 1
9325 2951 1
4946 2951 1
5336 2951 1
8481 2951 1
9326 2952 1
3433 2953 1
6845 2954 1
9327 2954 1
3255 2955 1
2977 2956 1
6556 2956 1
9328 2956 1
6691 2957 1
3153 2958 1
7634 2958 1
5983 2959 1
6796 2959 1
7769 2959 1
9074 2960 1
9329 2961 1
6932 2962 1
7005 2963 1
6774 2963 1
3880 2963 1
7779 2963 1
3830 2963 1
6710 2963 1
6655 2963 1
5246 2963 1
7297 2963 1
6859 2963 1
6775 2963 1
6555 2963 1
4996 2963 1
4634 2964 1
8583 2964 1
7158 2965 1
9330 2966 1
6858 2967 1
5483 2967 1
7155 2967 1
6699 2968 1
3671 2969 1
3008 2969 1
6541 2970 1
4173 2971 1
7961 2972 1
6800 2973 1
6256 2974 1
9113 2974 1
3316 2975 1
9331 2975 1
9332 2975 1
4434 2975 1
3514 2975 1
7146 2976 1
7148 2976 1
5900 2976 1
4765 2976 1
3127 2976 1
6522 2976 1
2999 2976 1
7597 2976 1
5690 2977 1
4041 2977 1
3704 2978 1
5066 2978 1
5544 2978 1
6752 2979 1
3091 2979 1
6774 2979 1
4082 2979 1
5818 2979 1
6915 2979 1
6619 2979 1
3058 2979 1
7028 2979 1
9333 2979 1
2999 2979 1
7597 2979 1
7598 2979 1
6572 2979 1
3807 2979 1
3451 2979 1
3528 2979 1
9334 2980 1
6774 2981 1
7653 2981 1
5200 2981 1
6873 2981 1
5854 2981 1
4262 2982 1
7034 2983 1
9318 2983 1
3183 2984 1
5565 2984 1
5899 2984 1
6714 2984 1
5025 2985 1
7775 2985 1
9335 2986 1
9061 2986 1
9336 2986 1
9337 2987 1
5165 2987 1
5812 2987 1
5191 2987 1
3499 2987 1
7155 2987 1
5829 2987 1
9338 2988 1
6898 2989 1
9339 2989 1
5224 2989 1
5753 2989 1
5368 2989 1
6098 2990 1
3596 2991 1
7225 2992 1
9340 2992 1
7188 2992 1
5550 2993 1
6592 2994 1
8391 2994 1
5395 2994 1
9341 2995 1
3303 2995 1
3879 2996 1
3784 2997 1
9342 2998 1
6033 2998 1
3148 2998 1
6752 2999 1
3091 2999 1
6891 2999 1
6774 2999 1
4082 2999 1
3896 2999 1
7146 2999 1
7148 2999 1
5818 2999 1
3965 2999 1
6679 2999 1
5900 2999 1
3437 2999 1
5248 2999 1
6619 2999 1
4765 2999 1
3127 2999 1
7028 2999 1
6522 2999 1
3169 2999 1
7597 2999 1
3844 2999 1
5403 2999 1
6572 2999 1
3807 2999 1
3451 2999 1
6555 2999 1
7867 2999 1
5651 3000 1
8607 3000 1
4516 3001 1
9343 3001 1
4843 3002 1
5815 3002 1
5310 3002 1
5081 3002 1
4354 3002 1
5688 3002 1
5803 3002 1
5825 3003 1
7818 3004 1
8973 3005 1
9344 3005 1
6765 3005 1
9345 3005 1
9346 3005 1
3072 3005 1
9347 3005 1
8256 3006 1
6996 3006 1
6975 3006 1
5110 3006 1
6953 3006 1
3978 3006 1
9348 3006 1
4957 3007 1
5071 3007 1
9349 3007 1
3671 3008 1
7369 3009 1
9350 3010 1
7131 3011 1
6755 3011 1
4137 3011 1
6794 3011 1
5611 3011 1
7144 3011 1
9351 3011 1
5848 3011 1
5635 3011 1
5066 3011 1
6924 3011 1
3857 3011 1
4822 3011 1
5529 3011 1
4686 3012 1
6932 3013 1
7124 3013 1
5962 3014 1
3233 3015 1
9352 3015 1
3581 3016 1
7285 3017 1
4341 3017 1
9353 3017 1
5045 3018 1
9354 3019 1
9355 3020 1
8286 3020 1
7155 3020 1
5573 3020 1
3945 3020 1
6555 3020 1
8376 3021 1
7128 3022 1
9356 3023 1
3235 3023 1
5420 3023 1
5246 3024 1
3937 3024 1
3265 3025 1
6281 3026 1
7848 3027 1
9357 3028 1
9358 3028 1
9359 3028 1
5171 3028 1
6784 3028 1
4282 3029 1
5338 3030 1
5588 3030 1
9360 3030 1
5386 3030 1
5988 3030 1
3879 3030 1
5497 3030 1
5732 3030 1
9361 3031 1
5517 3031 1
5822 3031 1
8040 3032 1
7742 3032 1
9362 3033 1
6872 3034 1
7302 3034 1
5214 3034 1
5543 3034 1
5278 3034 1
6765 3034 1
5868 3034 1
5218 3034 1
7093 3034 1
5160 3034 1
5634 3034 1
9363 3034 1
6830 3034 1
6945 3034 1
3500 3034 1
4672 3035 1
9364 3036 1
9365 3036 1
9366 3037 1
3459 3037 1
3705 3037 1
5484 3038 1
8166 3038 1
7061 3039 1
5528 3039 1
9367 3039 1
9368 3040 1
6310 3040 1
9369 3040 1
9370 3040 1
4942 3040 1
9371 3041 1
3559 3041 1
4023 3042 1
7855 3042 1
5934 3042 1
4974 3042 1
3982 3042 1
3395 3042 1
7856 3042 1
6605 3042 1
4996 3042 1
8256 3043 1
9372 3043 1
3978 3043 1
4672 3044 1
5062 3045 1
7848 3046 1
9373 3046 1
7158 3047 1
9374 3048 1
3341 3049 1
5018 3049 1
3772 3049 1
5186 3050 1
8921 3050 1
5511 3050 1
4594 3051 1
9044 3051 1
9375 3052 1
9376 3052 1
4402 3052 1
9377 3052 1
4814 3053 1
7771 3054 1
4503 3054 1
5477 3054 1
6768 3054 1
4568 3054 1
5041 3055 1
7777 3056 1
5345 3056 1
3346 3056 1
3986 3056 1
6612 3057 1
9333 3058 1
4062 3059 1
5012 3059 1
3610 3059 1
6591 3059 1
3831 3059 1
5805 3059 1
7800 3059 1
5017 3059 1
5627 3059 1
3714 3059 1
5606 3059 1
5679 3059 1
5177 3059 1
7838 3060 1
9378 3060 1
6915 3060 1
9379 3060 1
9380 3061 1
5426 3062 1
8399 3062 1
5747 3063 1
8465 3064 1
4244 3065 1
7455 3065 1
4830 3065 1
6932 3066 1
5613 3067 1
5610 3067 1
3381 3067 1
3580 3068 1
6705 3069 1
8790 3069 1
7887 3069 1
7111 3069 1
4962 3069 1
5077 3069 1
6335 3069 1
3126 3069 1
5713 3069 1
5448 3069 1
8307 3069 1
9381 3069 1
6947 3069 1
8275 3069 1
3197 3069 1
7073 3069 1
4683 3069 1
3784 3070 1
3731 3070 1
6623 3071 1
5584 3072 1
5231 3072 1
3929 3072 1
3893 3072 1
6872 3072 1
7302 3072 1
5254 3072 1
3804 3072 1
7113 3072 1
7309 3072 1
5278 3072 1
6703 3072 1
5351 3072 1
5218 3072 1
4951 3072 1
6318 3072 1
5389 3072 1
5683 3072 1
7100 3072 1
7093 3072 1
7129 3072 1
5301 3072 1
7159 3072 1
3876 3072 1
5418 3072 1
3870 3072 1
7102 3072 1
5835 3072 1
6757 3072 1
5320 3072 1
5549 3072 1
6945 3072 1
6628 3072 1
6985 3072 1
7394 3073 1
9046 3074 1
5721 3074 1
4854 3075 1
3694 3075 1
8377 3075 1
7150 3075 1
4827 3075 1
4532 3075 1
8647 3076 1
6851 3077 1
5466 3078 1
7066 3078 1
7045 3078 1
5598 3078 1
6868 3078 1
3864 3078 1
6743 3079 1
8764 3079 1
9382 3080 1
6318 3080 1
3441 3080 1
5777 3081 1
5466 3081 1
6624 3081 1
5502 3081 1
5153 3081 1
5483 3081 1
3399 3081 1
5064 3081 1
3870 3081 1
5880 3081 1
3262 3081 1
5447 3081 1
5598 3081 1
5789 3081 1
9383 3082 1
9384 3082 1
9385 3082 1
7315 3083 1
7452 3083 1
5540 3083 1
9386 3083 1
5121 3083 1
5073 3083 1
9387 3083 1
7138 3083 1
7453 3083 1
3918 3083 1
6013 3084 1
7030 3085 1
5598 3085 1
9388 3086 1
8375 3086 1
5566 3086 1
5328 3086 1
6772 3087 1
9389 3087 1
5194 3088 1
4402 3089 1
5283 3090 1
6752 3091 1
6774 3091 1
6352 3091 1
8746 3091 1
6619 3091 1
9390 3091 1
8747 3091 1
7597 3091 1
6782 3091 1
3807 3091 1
8081 3091 1
7286 3091 1
3451 3091 1
6972 3091 1
8748 3091 1
6444 3092 1
7280 3092 1
6710 3092 1
3978 3092 1
9391 3092 1
7460 3092 1
7631 3093 1
7609 3094 1
9392 3094 1
5109 3095 1
5481 3095 1
5919 3095 1
3205 3095 1
6960 3095 1
5444 3095 1
7057 3095 1
7160 3095 1
6991 3095 1
5484 3095 1
5303 3095 1
5628 3095 1
3639 3095 1
6798 3095 1
7179 3095 1
5729 3095 1
3386 3095 1
5949 3095 1
5773 3095 1
7102 3095 1
3546 3095 1
3826 3095 1
6859 3095 1
6555 3095 1
5847 3095 1
7640 3095 1
5427 3095 1
6175 3096 1
6259 3096 1
4226 3096 1
9393 3096 1
4939 3097 1
5542 3097 1
8325 3097 1
3529 3097 1
3569 3097 1
3801 3097 1
3891 3098 1
9394 3099 1
5589 3099 1
9395 3099 1
9396 3099 1
3250 3100 1
5895 3101 1
8276 3102 1
9397 3103 1
3810 3103 1
7265 3103 1
4743 3103 1
6825 3104 1
5550 3105 1
8254 3106 1
6669 3107 1
3893 3108 1
6930 3108 1
3189 3109 1
7061 3109 1
4053 3109 1
6768 3109 1
6587 3110 1
5621 3110 1
4035 3110 1
9398 3110 1
6761 3110 1
5536 3111 1
6924 3111 1
5529 3111 1
5996 3112 1
6795 3112 1
8402 3112 1
6864 3112 1
7960 3113 1
9399 3113 1
8175 3113 1
9400 3114 1
3902 3114 1
4474 3114 1
7061 3114 1
8634 3114 1
5878 3114 1
6567 3114 1
9401 3114 1
7092 3114 1
9402 3114 1
3322 3114 1
3905 3114 1
5004 3114 1
7760 3114 1
4920 3114 1
8467 3114 1
9403 3114 1
6685 3115 1
3541 3116 1
5725 3117 1
6298 3117 1
4768 3117 1
6855 3117 1
3898 3117 1
4721 3117 1
6281 3117 1
9404 3118 1
9405 3118 1
8467 3119 1
3962 3120 1
7992 3120 1
4086 3120 1
5816 3120 1
3321 3120 1
6777 3120 1
3446 3120 1
6461 3121 1
4931 3121 1
5192 3121 1
3713 3121 1
9037 3122 1
9406 3122 1
9407 3122 1
3977 3122 1
4485 3122 1
7021 3122 1
8175 3122 1
3448 3122 1
4640 3122 1
6932 3123 1
3283 3123 1
3837 3124 1
5816 3125 1
6777 3125 1
3446 3125 1
7992 3125 1
7887 3126 1
7111 3126 1
4962 3126 1
6335 3126 1
6705 3126 1
5713 3126 1
5448 3126 1
8307 3126 1
6947 3126 1
7073 3126 1
4683 3126 1
7146 3127 1
7148 3127 1
5900 3127 1
7597 3127 1
5068 3128 1
4995 3128 1
3773 3128 1
5999 3128 1
5739 3128 1
3758 3128 1
6572 3128 1
5883 3128 1
8560 3128 1
6765 3129 1
3370 3129 1
6874 3129 1
4122 3129 1
6655 3129 1
3919 3129 1
8072 3129 1
3176 3129 1
3657 3129 1
9408 3130 1
6608 3131 1
8286 3132 1
7065 3133 1
5801 3133 1
7116 3133 1
4516 3133 1
7697 3133 1
6755 3133 1
5345 3133 1
3288 3133 1
7062 3133 1
5013 3133 1
3592 3133 1
3346 3133 1
7018 3133 1
4063 3133 1
4930 3133 1
3737 3133 1
5261 3133 1
6943 3133 1
7032 3133 1
5544 3133 1
4662 3133 1
3215 3133 1
5925 3133 1
4067 3134 1
4060 3134 1
5202 3134 1
7599 3135 1
9409 3136 1
7324 3136 1
6639 3137 1
9410 3137 1
4992 3137 1
8958 3137 1
8380 3138 1
5165 3139 1
7767 3139 1
6724 3139 1
3577 3139 1
3325 3139 1
8556 3140 1
6543 3140 1
4540 3140 1
4067 3141 1
8950 3141 1
3472 3141 1
6330 3142 1
4384 3143 1
9411 3143 1
7581 3144 1
7583 3144 1
9412 3145 1
9413 3145 1
9414 3146 1
8431 3146 1
9415 3146 1
6479 3146 1
6412 3146 1
6995 3146 1
6436 3146 1
6688 3146 1
3513 3146 1
6426 3146 1
7338 3146 1
9416 3146 1
4841 3146 1
6372 3146 1
6670 3146 1
6829 3146 1
4439 3146 1
3658 3146 1
7301 3146 1
4238 3146 1
6641 3147 1
3754 3147 1
6818 3147 1
5647 3147 1
7072 3147 1
7058 3147 1
3711 3147 1
6692 3147 1
6897 3147 1
6756 3147 1
7742 3147 1
3980 3147 1
5618 3147 1
9342 3148 1
6033 3148 1
9417 3148 1
6655 3148 1
9418 3148 1
9419 3148 1
9420 3148 1
9421 3148 1
3420 3149 1
5848 3149 1
7036 3150 1
6701 3151 1
9422 3151 1
4859 3151 1
4671 3151 1
9423 3151 1
9424 3151 1
6816 3152 1
5550 3153 1
7634 3153 1
6629 3154 1
7180 3155 1
5203 3156 1
6409 3156 1
4076 3156 1
5085 3156 1
6098 3156 1
6457 3156 1
7049 3156 1
5591 3156 1
3389 3156 1
4720 3156 1
5929 3156 1
6526 3156 1
9425 3156 1
7171 3156 1
9426 3156 1
6655 3156 1
5046 3156 1
9427 3156 1
6108 3156 1
6084 3156 1
4320 3156 1
3234 3156 1
4537 3156 1
3293 3156 1
6023 3156 1
4048 3156 1
3442 3157 1
7754 3157 1
3249 3157 1
8797 3158 1
6813 3159 1
5008 3160 1
9428 3160 1
7961 3161 1
4682 3162 1
6250 3162 1
4879 3162 1
9276 3163 1
7063 3163 1
9429 3164 1
9430 3164 1
5020 3164 1
6620 3165 1
8636 3165 1
7121 3166 1
5663 3166 1
7176 3166 1
4929 3166 1
7579 3166 1
6108 3166 1
6084 3166 1
7028 3167 1
6633 3167 1
3254 3167 1
7773 3168 1
8497 3168 1
9431 3168 1
5040 3168 1
9432 3168 1
5571 3168 1
5596 3168 1
6891 3169 1
3896 3169 1
7148 3169 1
3965 3169 1
6679 3169 1
3437 3169 1
5248 3169 1
4095 3169 1
3844 3169 1
9052 3169 1
6555 3169 1
7867 3169 1
9433 3169 1
8426 3170 1
6655 3170 1
5231 3171 1
4699 3172 1
6719 3172 1
3310 3173 1
5402 3174 1
4005 3174 1
5023 3174 1
7820 3174 1
9434 3174 1
7042 3175 1
5290 3175 1
9202 3175 1
9435 3175 1
3856 3175 1
5341 3175 1
7106 3175 1
3270 3175 1
4735 3175 1
8999 3175 1
9079 3175 1
5217 3175 1
7155 3175 1
5756 3176 1
3582 3176 1
6765 3176 1
6568 3176 1
4951 3176 1
3244 3176 1
5569 3176 1
5335 3176 1
7129 3176 1
6874 3176 1
4122 3176 1
6655 3176 1
3495 3176 1
3919 3176 1
3738 3176 1
5287 3176 1
6883 3176 1
5835 3176 1
9436 3176 1
6835 3176 1
3657 3176 1
3941 3176 1
8169 3177 1
8170 3177 1
3408 3178 1
7871 3179 1
7873 3179 1
3313 3180 1
7795 3180 1
3567 3180 1
9331 3180 1
9437 3180 1
4115 3181 1
6971 3181 1
7640 3182 1
5565 3183 1
5899 3183 1
6714 3183 1
5822 3184 1
5356 3185 1
6573 3186 1
3742 3187 1
9305 3188 1
8188 3189 1
5195 3189 1
9438 3189 1
5208 3189 1
7585 3189 1
8075 3189 1
9439 3189 1
8223 3189 1
4118 3190 1
8663 3190 1
7129 3190 1
8546 3191 1
7158 3192 1
3994 3193 1
8021 3193 1
3434 3194 1
6776 3195 1
6800 3195 1
6962 3196 1
5809 3196 1
5324 3196 1
5163 3196 1
3441 3196 1
5077 3197 1
8275 3197 1
5634 3198 1
8089 3199 1
6281 3199 1
9440 3200 1
9197 3200 1
5853 3201 1
3374 3201 1
7660 3201 1
5463 3201 1
4019 3201 1
5553 3201 1
6903 3201 1
7676 3201 1
5136 3201 1
3972 3202 1
6722 3203 1
9441 3203 1
7795 3203 1
6960 3204 1
5109 3205 1
5481 3205 1
5919 3205 1
6960 3205 1
5444 3205 1
7057 3205 1
7160 3205 1
5484 3205 1
5303 3205 1
5628 3205 1
3639 3205 1
6798 3205 1
7179 3205 1
5729 3205 1
3386 3205 1
5949 3205 1
5773 3205 1
7102 3205 1
3546 3205 1
3826 3205 1
6859 3205 1
6555 3205 1
5847 3205 1
7640 3205 1
5427 3205 1
5098 3206 1
7748 3206 1
8205 3206 1
3452 3206 1
3337 3206 1
5672 3207 1
5121 3208 1
5018 3209 1
3772 3209 1
4678 3210 1
4656 3210 1
3843 3210 1
6281 3210 1
7890 3211 1
6962 3212 1
7763 3212 1
6800 3213 1
9442 3214 1
5717 3214 1
7065 3215 1
5801 3215 1
7116 3215 1
7697 3215 1
6755 3215 1
6884 3215 1
4976 3215 1
5345 3215 1
3288 3215 1
6849 3215 1
4026 3215 1
7062 3215 1
5013 3215 1
3592 3215 1
3346 3215 1
7144 3215 1
7018 3215 1
4063 3215 1
4930 3215 1
5848 3215 1
3660 3215 1
6933 3215 1
3737 3215 1
5261 3215 1
6943 3215 1
4994 3215 1
7051 3215 1
7032 3215 1
5544 3215 1
6924 3215 1
3857 3215 1
5529 3215 1
5925 3215 1
8465 3216 1
5874 3216 1
5714 3217 1
5288 3217 1
7687 3217 1
5866 3217 1
3455 3218 1
5147 3219 1
6800 3219 1
8985 3220 1
9443 3221 1
9444 3222 1
7956 3223 1
3329 3224 1
5423 3224 1
4368 3224 1
3277 3224 1
3565 3224 1
4590 3224 1
6373 3224 1
6376 3224 1
6660 3224 1
6617 3224 1
6188 3224 1
3629 3224 1
6949 3224 1
8609 3224 1
9445 3224 1
5257 3224 1
8872 3224 1
4551 3224 1
9446 3224 1
8288 3224 1
7529 3224 1
5124 3225 1
6886 3226 1
5609 3226 1
4023 3226 1
3535 3226 1
8358 3226 1
5475 3226 1
7263 3227 1
6486 3227 1
5029 3228 1
5822 3229 1
4387 3230 1
9447 3230 1
5352 3231 1
6960 3232 1
7706 3233 1
4020 3233 1
9448 3234 1
6655 3234 1
3293 3234 1
4070 3235 1
5825 3235 1
3511 3235 1
9449 3235 1
9450 3235 1
6661 3235 1
6098 3235 1
3717 3235 1
9451 3235 1
6655 3235 1
6807 3235 1
6369 3235 1
5384 3235 1
5037 3235 1
6768 3235 1
6859 3235 1
3238 3236 1
9452 3237 1
7003 3237 1
7975 3237 1
6645 3237 1
5082 3238 1
7112 3239 1
5982 3239 1
4705 3240 1
7217 3241 1
8017 3242 1
7068 3242 1
7038 3243 1
5756 3244 1
6765 3244 1
5287 3244 1
6859 3244 1
6930 3244 1
6993 3245 1
9453 3245 1
3472 3246 1
8286 3247 1
7417 3248 1
3910 3249 1
7817 3249 1
3442 3249 1
7754 3249 1
3748 3249 1
9162 3249 1
9454 3250 1
9455 3250 1
9456 3250 1
6737 3250 1
6461 3251 1
5288 3252 1
9457 3252 1
9458 3252 1
9459 3252 1
9460 3252 1
9461 3252 1
9462 3252 1
7998 3253 1
7999 3253 1
3955 3253 1
5040 3254 1
9463 3255 1
3764 3255 1
9464 3255 1
3821 3255 1
3506 3255 1
5595 3255 1
8063 3255 1
5814 3256 1
8790 3257 1
3825 3258 1
7320 3259 1
6437 3259 1
6467 3259 1
4478 3259 1
8105 3260 1
6557 3261 1
3939 3261 1
7660 3261 1
7674 3261 1
5463 3261 1
4019 3261 1
6903 3261 1
5777 3262 1
5466 3262 1
6624 3262 1
5502 3262 1
5153 3262 1
5483 3262 1
3399 3262 1
5064 3262 1
3870 3262 1
5447 3262 1
5598 3262 1
5789 3262 1
6932 3263 1
4311 3264 1
9465 3264 1
7132 3265 1
5246 3265 1
9466 3265 1
6979 3266 1
3969 3267 1
5018 3267 1
9467 3268 1
5636 3268 1
9468 3268 1
9469 3268 1
6775 3268 1
3363 3269 1
9470 3269 1
9471 3270 1
7012 3270 1
8505 3271 1
6822 3271 1
9472 3272 1
9473 3272 1
5385 3272 1
5840 3273 1
4459 3274 1
9474 3274 1
4576 3274 1
6750 3274 1
5332 3275 1
9475 3275 1
8347 3275 1
5582 3276 1
7612 3276 1
3425 3276 1
5324 3276 1
3565 3277 1
6660 3277 1
9476 3277 1
6617 3277 1
7954 3278 1
9477 3279 1
9446 3279 1
8701 3280 1
5576 3281 1
5527 3281 1
7180 3282 1
7266 3282 1
4189 3282 1
6989 3282 1
7317 3282 1
6622 3282 1
6608 3282 1
7718 3283 1
6932 3283 1
5069 3283 1
9478 3283 1
5668 3284 1
8922 3285 1
3380 3285 1
8556 3286 1
9479 3287 1
7369 3287 1
7065 3288 1
5801 3288 1
7116 3288 1
4516 3288 1
7697 3288 1
6755 3288 1
6884 3288 1
4976 3288 1
5345 3288 1
6849 3288 1
4026 3288 1
7062 3288 1
5013 3288 1
3592 3288 1
3346 3288 1
7144 3288 1
7018 3288 1
4063 3288 1
4930 3288 1
5848 3288 1
3660 3288 1
6933 3288 1
3737 3288 1
5261 3288 1
6943 3288 1
7051 3288 1
7032 3288 1
5544 3288 1
6924 3288 1
3857 3288 1
5529 3288 1
5925 3288 1
6586 3289 1
7128 3290 1
4517 3290 1
6553 3291 1
6633 3291 1
5699 3292 1
4996 3292 1
3982 3292 1
9480 3292 1
7049 3293 1
7171 3293 1
6655 3293 1
8429 3293 1
8816 3294 1
9481 3294 1
6925 3295 1
3702 3296 1
9482 3296 1
6298 3297 1
4789 3297 1
9483 3297 1
3843 3297 1
9484 3297 1
7208 3298 1
5121 3299 1
8096 3299 1
9439 3300 1
3366 3301 1
8524 3302 1
5484 3302 1
5263 3303 1
9485 3304 1
5771 3304 1
9486 3304 1
9487 3305 1
7061 3305 1
3581 3306 1
5686 3306 1
4678 3307 1
6104 3308 1
4250 3308 1
9488 3308 1
7955 3309 1
9489 3310 1
8331 3310 1
8393 3311 1
5344 3312 1
4011 3313 1
3567 3313 1
9331 3313 1
5381 3313 1
3514 3313 1
9012 3314 1
6270 3314 1
3798 3314 1
4712 3314 1
5676 3315 1
9272 3315 1
9331 3316 1
4434 3316 1
3514 3316 1
5573 3317 1
9490 3317 1
4961 3318 1
6541 3319 1
4731 3319 1
6479 3319 1
6823 3319 1
6314 3320 1
4247 3320 1
3625 3320 1
5345 3320 1
6510 3320 1
4865 3320 1
6495 3320 1
6817 3320 1
5816 3321 1
3446 3321 1
3672 3321 1
4086 3321 1
3902 3322 1
8566 3322 1
5878 3322 1
9491 3322 1
6990 3322 1
3829 3322 1
3422 3323 1
4363 3323 1
3680 3324 1
5156 3324 1
3656 3325 1
5165 3325 1
7767 3325 1
6724 3325 1
3577 3325 1
9283 3326 1
6258 3327 1
5426 3327 1
8399 3327 1
4004 3328 1
3629 3329 1
4336 3329 1
6376 3329 1
5423 3329 1
4473 3330 1
9492 3331 1
3404 3331 1
3533 3332 1
7612 3333 1
6875 3333 1
8101 3333 1
5750 3334 1
8233 3335 1
6806 3335 1
5627 3335 1
3995 3336 1
9493 3336 1
3502 3337 1
8205 3337 1
6241 3338 1
6575 3338 1
7044 3338 1
5557 3338 1
5459 3339 1
6096 3339 1
5887 3339 1
4203 3339 1
5909 3339 1
4851 3339 1
3859 3339 1
6455 3339 1
4900 3339 1
3789 3339 1
7351 3339 1
4531 3339 1
5896 3340 1
6762 3341 1
3456 3341 1
9494 3341 1
9495 3342 1
3498 3343 1
4997 3343 1
6916 3343 1
3529 3344 1
4110 3345 1
6849 3346 1
7062 3346 1
3534 3346 1
7144 3346 1
5848 3346 1
6924 3346 1
5529 3346 1
7777 3346 1
3480 3346 1
3986 3346 1
7065 3346 1
5801 3346 1
7116 3346 1
4516 3346 1
7697 3346 1
6755 3346 1
6884 3346 1
6794 3346 1
4976 3346 1
5345 3346 1
7778 3346 1
4026 3346 1
5013 3346 1
3592 3346 1
4063 3346 1
4930 3346 1
3660 3346 1
6933 3346 1
3737 3346 1
5261 3346 1
6943 3346 1
7051 3346 1
7715 3346 1
7032 3346 1
5544 3346 1
3857 3346 1
5925 3346 1
7670 3347 1
7088 3347 1
5212 3347 1
5163 3347 1
6738 3348 1
5452 3348 1
6987 3348 1
5484 3348 1
7658 3348 1
6859 3348 1
6930 3348 1
6555 3348 1
5111 3349 1
3581 3349 1
8974 3349 1
5686 3349 1
5016 3349 1
5747 3350 1
8424 3351 1
7369 3352 1
9496 3353 1
5509 3354 1
5133 3355 1
3784 3355 1
3459 3356 1
6720 3357 1
7529 3358 1
7975 3359 1
8849 3360 1
6932 3360 1
8296 3360 1
6932 3361 1
6577 3361 1
7412 3361 1
5005 3362 1
4070 3363 1
4224 3363 1
5142 3363 1
7755 3363 1
4909 3363 1
6209 3363 1
6162 3363 1
9470 3363 1
5340 3363 1
6867 3363 1
7034 3364 1
9497 3365 1
4001 3366 1
9498 3366 1
9499 3366 1
9500 3366 1
8199 3366 1
9501 3366 1
6822 3367 1
3454 3368 1
9502 3369 1
5280 3369 1
6655 3370 1
6952 3371 1
7658 3371 1
3673 3372 1
4109 3372 1
9503 3372 1
3507 3372 1
3601 3373 1
7675 3374 1
5853 3374 1
6557 3374 1
3939 3374 1
7660 3374 1
5463 3374 1
4019 3374 1
7676 3374 1
5136 3374 1
5553 3374 1
6903 3374 1
5799 3374 1
5873 3375 1
8429 3375 1
5351 3376 1
6005 3377 1
5771 3378 1
8142 3379 1
3896 3380 1
5613 3381 1
7115 3381 1
5174 3381 1
7897 3381 1
9504 3381 1
5610 3381 1
6204 3381 1
6203 3381 1
5442 3381 1
9505 3381 1
9506 3382 1
9507 3382 1
9285 3382 1
7972 3383 1
4014 3384 1
4002 3384 1
3691 3385 1
5109 3386 1
5481 3386 1
6960 3386 1
5444 3386 1
7057 3386 1
7160 3386 1
6991 3386 1
5303 3386 1
5628 3386 1
3639 3386 1
6798 3386 1
7179 3386 1
5729 3386 1
5949 3386 1
5773 3386 1
7102 3386 1
7297 3386 1
3546 3386 1
3826 3386 1
5847 3386 1
7640 3386 1
5427 3386 1
5402 3387 1
9508 3387 1
6573 3388 1
6655 3388 1
5547 3388 1
6859 3388 1
4111 3388 1
5927 3388 1
7476 3389 1
6023 3389 1
4711 3389 1
9509 3390 1
9510 3390 1
9511 3390 1
4452 3390 1
9512 3390 1
4091 3391 1
4516 3392 1
3700 3392 1
9513 3393 1
7606 3394 1
7855 3395 1
4974 3395 1
7860 3395 1
6555 3395 1
9514 3395 1
9515 3396 1
7620 3396 1
9516 3396 1
3712 3396 1
9517 3396 1
3543 3396 1
6622 3396 1
6883 3396 1
3966 3397 1
6708 3397 1
3493 3397 1
8974 3398 1
5777 3399 1
5466 3399 1
6624 3399 1
5153 3399 1
5483 3399 1
5064 3399 1
3870 3399 1
5880 3399 1
5447 3399 1
5598 3399 1
7324 3400 1
9129 3401 1
6199 3401 1
4556 3401 1
5222 3402 1
5114 3403 1
6837 3404 1
8540 3404 1
3784 3404 1
5770 3404 1
5317 3404 1
5858 3404 1
5822 3405 1
9518 3405 1
5826 3406 1
8545 3407 1
7128 3408 1
8969 3408 1
6927 3408 1
4427 3409 1
5940 3409 1
6655 3409 1
9519 3409 1
4138 3410 1
6024 3410 1
9520 3411 1
8585 3412 1
5061 3413 1
9521 3413 1
5049 3413 1
7746 3414 1
4077 3414 1
7402 3415 1
3614 3416 1
6256 3416 1
7019 3417 1
9522 3417 1
3726 3417 1
8661 3417 1
6434 3417 1
9523 3417 1
3932 3417 1
6816 3417 1
9524 3417 1
5374 3417 1
7175 3418 1
5728 3419 1
6755 3420 1
6849 3420 1
5848 3420 1
4662 3420 1
5529 3420 1
9525 3421 1
9526 3421 1
3506 3421 1
9527 3421 1
9528 3422 1
9529 3422 1
7611 3422 1
4587 3422 1
9530 3422 1
7280 3422 1
6888 3422 1
6573 3422 1
4569 3422 1
9531 3422 1
4363 3422 1
7717 3422 1
3768 3422 1
3557 3423 1
7104 3424 1
5582 3425 1
3445 3425 1
9532 3425 1
4098 3425 1
6636 3425 1
6926 3425 1
7052 3425 1
6793 3425 1
7031 3425 1
6962 3425 1
9533 3425 1
5324 3425 1
9534 3425 1
5257 3425 1
5163 3425 1
6636 3426 1
9535 3427 1
6390 3427 1
9536 3428 1
5352 3428 1
6443 3429 1
5651 3430 1
5392 3431 1
6578 3431 1
9537 3431 1
9538 3431 1
9539 3431 1
5454 3432 1
9540 3433 1
9541 3433 1
4590 3434 1
6928 3434 1
6721 3434 1
8051 3434 1
6944 3434 1
6629 3434 1
3672 3434 1
7155 3434 1
5997 3434 1
8126 3435 1
3966 3436 1
3493 3436 1
9051 3436 1
6891 3437 1
3896 3437 1
3965 3437 1
6679 3437 1
5248 3437 1
3844 3437 1
6555 3437 1
7867 3437 1
6426 3438 1
6801 3439 1
3783 3439 1
7080 3439 1
7625 3439 1
5089 3439 1
7077 3439 1
6803 3439 1
9542 3440 1
6733 3440 1
4117 3441 1
5344 3441 1
7314 3441 1
5163 3441 1
5212 3441 1
7670 3441 1
5274 3441 1
5790 3441 1
5165 3441 1
6724 3441 1
5768 3441 1
7075 3441 1
6858 3441 1
5341 3441 1
7106 3441 1
3577 3441 1
5287 3441 1
6870 3441 1
7155 3441 1
4936 3441 1
5324 3441 1
5151 3441 1
3910 3442 1
7754 3442 1
6563 3442 1
7905 3443 1
9543 3443 1
9544 3444 1
6222 3444 1
5583 3444 1
5582 3445 1
7612 3445 1
5324 3445 1
5870 3445 1
5816 3446 1
6777 3446 1
9545 3446 1
3672 3446 1
7992 3446 1
4086 3446 1
6616 3447 1
3977 3448 1
7021 3448 1
4640 3448 1
6698 3449 1
4881 3449 1
6184 3449 1
9196 3449 1
7209 3449 1
6120 3449 1
9546 3449 1
9547 3449 1
7665 3450 1
7597 3451 1
6572 3451 1
6752 3451 1
6774 3451 1
4082 3451 1
7028 3451 1
6782 3451 1
3456 3451 1
7114 3452 1
7086 3452 1
5098 3452 1
8205 3452 1
3643 3453 1
9548 3453 1
9549 3454 1
9550 3455 1
6772 3455 1
9551 3455 1
9552 3456 1
7160 3456 1
8300 3457 1
9553 3457 1
5378 3458 1
8394 3458 1
8606 3459 1
9238 3459 1
9554 3459 1
9555 3459 1
5584 3460 1
5756 3460 1
3582 3460 1
6568 3460 1
4951 3460 1
7881 3460 1
3974 3460 1
5569 3460 1
5224 3460 1
5335 3460 1
7129 3460 1
6655 3460 1
3738 3460 1
6863 3460 1
6883 3460 1
8476 3460 1
5835 3460 1
4937 3460 1
7173 3460 1
6859 3460 1
9556 3460 1
5927 3460 1
9557 3460 1
3941 3460 1
6800 3461 1
5814 3462 1
5686 3462 1
5879 3463 1
8352 3464 1
6800 3465 1
7403 3466 1
9558 3467 1
8441 3468 1
3835 3468 1
9559 3468 1
4576 3469 1
5344 3470 1
6211 3471 1
7056 3471 1
3880 3472 1
9560 3472 1
6932 3473 1
7322 3474 1
5731 3475 1
4262 3476 1
6708 3477 1
6655 3478 1
5634 3479 1
7777 3480 1
9561 3480 1
4291 3480 1
9562 3480 1
3986 3480 1
9563 3481 1
7961 3482 1
7964 3482 1
9564 3483 1
9565 3483 1
9566 3483 1
9567 3483 1
9568 3483 1
6639 3483 1
7154 3483 1
8885 3483 1
8651 3484 1
9569 3485 1
4778 3485 1
9570 3486 1
7128 3486 1
9571 3486 1
7677 3487 1
5385 3488 1
8741 3489 1
4911 3490 1
6329 3490 1
7180 3490 1
5351 3490 1
7266 3490 1
6006 3490 1
3915 3490 1
5532 3490 1
6655 3490 1
4189 3490 1
9572 3490 1
6989 3490 1
4928 3490 1
7317 3490 1
6622 3490 1
6608 3490 1
4715 3490 1
9385 3491 1
7549 3492 1
6942 3492 1
4797 3492 1
9573 3492 1
5712 3492 1
5240 3492 1
4238 3492 1
3966 3493 1
9049 3493 1
9574 3493 1
7285 3493 1
6355 3493 1
4402 3493 1
7661 3493 1
7585 3493 1
5061 3493 1
9575 3493 1
9576 3493 1
9577 3493 1
9578 3493 1
9579 3493 1
6580 3493 1
8085 3493 1
9008 3493 1
9051 3493 1
6627 3493 1
5049 3493 1
8045 3493 1
7202 3494 1
6909 3495 1
5569 3495 1
3615 3495 1
8330 3496 1
6990 3497 1
5231 3498 1
7184 3498 1
6539 3498 1
4997 3498 1
5885 3498 1
4610 3498 1
6916 3498 1
5191 3499 1
5829 3499 1
9580 3499 1
5868 3500 1
9581 3501 1
6971 3501 1
5264 3501 1
7086 3502 1
5142 3503 1
6680 3504 1
9582 3504 1
9583 3505 1
5535 3505 1
6863 3505 1
6768 3505 1
6879 3505 1
9584 3505 1
9463 3506 1
3821 3506 1
4109 3507 1
5267 3508 1
9333 3509 1
9585 3509 1
7417 3510 1
9586 3511 1
9587 3511 1
9588 3511 1
9589 3511 1
8075 3512 1
5871 3513 1
7338 3513 1
7277 3513 1
4334 3513 1
8431 3513 1
5474 3513 1
7230 3513 1
6829 3513 1
4663 3513 1
4439 3513 1
9590 3513 1
6340 3513 1
7292 3513 1
4732 3513 1
6426 3513 1
5828 3513 1
6877 3513 1
4996 3513 1
6225 3513 1
3658 3513 1
7315 3513 1
7291 3513 1
7286 3513 1
4011 3514 1
3567 3514 1
9331 3514 1
5267 3515 1
8545 3515 1
5159 3516 1
6891 3517 1
4985 3518 1
7071 3518 1
7306 3518 1
5823 3518 1
9591 3518 1
3571 3518 1
7296 3519 1
4449 3519 1
5344 3520 1
9592 3520 1
8243 3520 1
9144 3521 1
8779 3522 1
3611 3523 1
4790 3524 1
9593 3524 1
9594 3524 1
9595 3524 1
5257 3525 1
8875 3525 1
4489 3526 1
7373 3526 1
7122 3526 1
5512 3526 1
5720 3526 1
7327 3526 1
7153 3526 1
4413 3526 1
7307 3526 1
5041 3526 1
6174 3526 1
4655 3526 1
7166 3526 1
6181 3526 1
6078 3526 1
5634 3527 1
7764 3528 1
7597 3528 1
7849 3529 1
5542 3529 1
6655 3529 1
5347 3529 1
4939 3529 1
8325 3529 1
3784 3529 1
3897 3529 1
7727 3530 1
4598 3530 1
5046 3531 1
8046 3532 1
6681 3533 1
6550 3533 1
4160 3533 1
4108 3533 1
6744 3533 1
5878 3533 1
6486 3533 1
7092 3533 1
3825 3533 1
5477 3533 1
4474 3533 1
4466 3533 1
5901 3533 1
9596 3533 1
7332 3534 1
7131 3534 1
4137 3534 1
5775 3534 1
5611 3534 1
3787 3534 1
7062 3534 1
5766 3534 1
7144 3534 1
5848 3534 1
4508 3534 1
5575 3534 1
7096 3534 1
7715 3534 1
5581 3534 1
5066 3534 1
4662 3534 1
6924 3534 1
6886 3535 1
5609 3535 1
4023 3535 1
3945 3535 1
6686 3535 1
8358 3535 1
5475 3535 1
5351 3536 1
3671 3536 1
8023 3536 1
9597 3537 1
9205 3537 1
3542 3538 1
9598 3539 1
8509 3539 1
5768 3539 1
5284 3539 1
5420 3540 1
7823 3541 1
9010 3542 1
9515 3543 1
8089 3544 1
3887 3544 1
4571 3544 1
7003 3545 1
5109 3546 1
5481 3546 1
5919 3546 1
6960 3546 1
5444 3546 1
7057 3546 1
7160 3546 1
6991 3546 1
5484 3546 1
5303 3546 1
5628 3546 1
3639 3546 1
6798 3546 1
7179 3546 1
5729 3546 1
5949 3546 1
5773 3546 1
7102 3546 1
3826 3546 1
6859 3546 1
6555 3546 1
5847 3546 1
7640 3546 1
5427 3546 1
7846 3547 1
4333 3548 1
6684 3549 1
8767 3550 1
4908 3551 1
3977 3552 1
5582 3553 1
3764 3554 1
6623 3554 1
3771 3554 1
9599 3554 1
7045 3555 1
8139 3556 1
5651 3557 1
7285 3557 1
7585 3557 1
9600 3557 1
9601 3557 1
9602 3557 1
5392 3558 1
9603 3559 1
4032 3560 1
5466 3561 1
7066 3561 1
3864 3561 1
5970 3562 1
5797 3563 1
6876 3564 1
6376 3565 1
6617 3565 1
9604 3565 1
5615 3565 1
5309 3565 1
8067 3565 1
9605 3565 1
8198 3566 1
8199 3566 1
8200 3566 1
8201 3566 1
5431 3566 1
9606 3567 1
4011 3567 1
9331 3567 1
7104 3568 1
5420 3569 1
4939 3569 1
5542 3569 1
8325 3569 1
3801 3569 1
4840 3570 1
9607 3571 1
7306 3571 1
8357 3571 1
7210 3572 1
7223 3573 1
5411 3574 1
6847 3574 1
7061 3574 1
5062 3574 1
3922 3574 1
5234 3574 1
7002 3574 1
3864 3574 1
9608 3575 1
9341 3575 1
4660 3576 1
9609 3576 1
3656 3577 1
5274 3577 1
5165 3577 1
7767 3577 1
6724 3577 1
5768 3577 1
6858 3577 1
4364 3577 1
5287 3577 1
6863 3577 1
7834 3577 1
7061 3578 1
7623 3579 1
6842 3579 1
7105 3579 1
4898 3580 1
6550 3580 1
6486 3580 1
6768 3580 1
8760 3580 1
5959 3580 1
9610 3580 1
4466 3580 1
5111 3581 1
5686 3581 1
8974 3581 1
5016 3581 1
5756 3582 1
8507 3582 1
5944 3582 1
6765 3582 1
6568 3582 1
4951 3582 1
5569 3582 1
9611 3582 1
5224 3582 1
5335 3582 1
7129 3582 1
6874 3582 1
4122 3582 1
6655 3582 1
3919 3582 1
3738 3582 1
6863 3582 1
6883 3582 1
5436 3582 1
5835 3582 1
4937 3582 1
7173 3582 1
6859 3582 1
3941 3582 1
9612 3582 1
6323 3583 1
9613 3584 1
3800 3585 1
8081 3585 1
3733 3586 1
7310 3586 1
8762 3587 1
6774 3588 1
5200 3588 1
6873 3588 1
7656 3588 1
7088 3589 1
4001 3590 1
5156 3591 1
7065 3592 1
5801 3592 1
7116 3592 1
4516 3592 1
7697 3592 1
6755 3592 1
6884 3592 1
4976 3592 1
5345 3592 1
6849 3592 1
4026 3592 1
7062 3592 1
5013 3592 1
7144 3592 1
7018 3592 1
4063 3592 1
4930 3592 1
5848 3592 1
3660 3592 1
6933 3592 1
3737 3592 1
5261 3592 1
6943 3592 1
4994 3592 1
7051 3592 1
7032 3592 1
5544 3592 1
6924 3592 1
3857 3592 1
5529 3592 1
5925 3592 1
5402 3593 1
5224 3594 1
6894 3595 1
9614 3595 1
7990 3595 1
7074 3596 1
6919 3597 1
8041 3598 1
8042 3598 1
9615 3599 1
5496 3600 1
9616 3600 1
9617 3601 1
5726 3601 1
5790 3601 1
7730 3601 1
9618 3601 1
5351 3602 1
6256 3602 1
9619 3603 1
6657 3603 1
5345 3604 1
3852 3604 1
3622 3605 1
9620 3606 1
4673 3607 1
5649 3608 1
7307 3609 1
6591 3610 1
3831 3610 1
7800 3610 1
5017 3610 1
5627 3610 1
3714 3610 1
5606 3610 1
5177 3610 1
9621 3611 1
9622 3611 1
3990 3612 1
8594 3612 1
5498 3612 1
5238 3612 1
7243 3612 1
7312 3612 1
6451 3612 1
3637 3612 1
7101 3612 1
4466 3612 1
7149 3612 1
4816 3612 1
5361 3613 1
8361 3614 1
5351 3614 1
8916 3614 1
8917 3614 1
6256 3614 1
8918 3614 1
6909 3615 1
5569 3615 1
6555 3616 1
5718 3617 1
9623 3617 1
5207 3618 1
4657 3619 1
7369 3620 1
6151 3621 1
7377 3621 1
7196 3621 1
4428 3621 1
5950 3622 1
6290 3623 1
3681 3624 1
6314 3625 1
6247 3625 1
6510 3625 1
4030 3625 1
9624 3626 1
9625 3626 1
9626 3626 1
9627 3626 1
5554 3626 1
3872 3627 1
6463 3628 1
6744 3628 1
5209 3628 1
6655 3628 1
5848 3628 1
4861 3628 1
7713 3628 1
5529 3628 1
4336 3629 1
6376 3629 1
5423 3629 1
4551 3629 1
4622 3630 1
7301 3630 1
7318 3630 1
7428 3631 1
6601 3632 1
4621 3633 1
6876 3633 1
7662 3634 1
6430 3634 1
9628 3634 1
6639 3634 1
4770 3634 1
7349 3634 1
7369 3634 1
9216 3635 1
7061 3635 1
9629 3636 1
6002 3636 1
7338 3637 1
4385 3637 1
7315 3637 1
7506 3637 1
6021 3637 1
5238 3637 1
4238 3637 1
7243 3637 1
7101 3637 1
4466 3637 1
3990 3637 1
4718 3637 1
4567 3637 1
7288 3638 1
9630 3638 1
5481 3639 1
6960 3639 1
5444 3639 1
7057 3639 1
7160 3639 1
6991 3639 1
5484 3639 1
5303 3639 1
5628 3639 1
6798 3639 1
7179 3639 1
5729 3639 1
5949 3639 1
5773 3639 1
7102 3639 1
3826 3639 1
6859 3639 1
6555 3639 1
7640 3639 1
5427 3639 1
3784 3640 1
7084 3640 1
9631 3641 1
5917 3642 1
4100 3642 1
9548 3643 1
5737 3643 1
8441 3644 1
9408 3645 1
5116 3646 1
4166 3647 1
7315 3647 1
6968 3647 1
4531 3647 1
5596 3648 1
5668 3649 1
4096 3649 1
5809 3650 1
6904 3651 1
4662 3651 1
4262 3652 1
5918 3653 1
4537 3653 1
6885 3654 1
4080 3654 1
5747 3655 1
6281 3655 1
5165 3656 1
7767 3656 1
6724 3656 1
4093 3657 1
4109 3657 1
6566 3657 1
6874 3657 1
4122 3657 1
3919 3657 1
6656 3657 1
6225 3658 1
7338 3658 1
7277 3658 1
4841 3658 1
7208 3658 1
8468 3658 1
6829 3658 1
5935 3658 1
7037 3658 1
4439 3658 1
6507 3658 1
7352 3658 1
6688 3658 1
6079 3659 1
6825 3659 1
5801 3660 1
7116 3660 1
4516 3660 1
7697 3660 1
6884 3660 1
4976 3660 1
5345 3660 1
7062 3660 1
7018 3660 1
4063 3660 1
5261 3660 1
6943 3660 1
4994 3660 1
7051 3660 1
7032 3660 1
6924 3660 1
5781 3660 1
3857 3660 1
5529 3660 1
5319 3661 1
5165 3662 1
6776 3663 1
6800 3663 1
9632 3664 1
9633 3665 1
5121 3666 1
9408 3666 1
5085 3667 1
6683 3668 1
9259 3669 1
6281 3670 1
7222 3671 1
5406 3671 1
7972 3671 1
4837 3671 1
6654 3671 1
7413 3671 1
5258 3672 1
5816 3672 1
6858 3672 1
6854 3672 1
4086 3672 1
7155 3672 1
6555 3672 1
3840 3672 1
5751 3672 1
4109 3673 1
6467 3674 1
5934 3675 1
7623 3675 1
9634 3676 1
5084 3676 1
8256 3676 1
4402 3676 1
6655 3676 1
9377 3676 1
4179 3676 1
3978 3676 1
3884 3676 1
7640 3677 1
5360 3678 1
6327 3678 1
5080 3679 1
9635 3679 1
7795 3680 1
5488 3680 1
6891 3681 1
5861 3682 1
7155 3683 1
9636 3684 1
5062 3685 1
9637 3685 1
3955 3686 1
5450 3687 1
7348 3687 1
9638 3688 1
6932 3688 1
4070 3689 1
8707 3690 1
9639 3690 1
7931 3690 1
9640 3691 1
7574 3691 1
9641 3691 1
9642 3691 1
7336 3691 1
5296 3691 1
9643 3691 1
9644 3692 1
9615 3693 1
4854 3694 1
6931 3694 1
6069 3694 1
4370 3694 1
8377 3694 1
7043 3694 1
6362 3694 1
7260 3694 1
4827 3694 1
4532 3694 1
7665 3695 1
4576 3696 1
9645 3696 1
9646 3697 1
7933 3697 1
6971 3697 1
5280 3697 1
4138 3698 1
9647 3698 1
9648 3698 1
9649 3698 1
6809 3698 1
5397 3698 1
7847 3698 1
4514 3699 1
9650 3699 1
9651 3700 1
7104 3701 1
9652 3701 1
9653 3702 1
9482 3702 1
4518 3703 1
5066 3704 1
5544 3704 1
9654 3705 1
6744 3706 1
7106 3707 1
7431 3708 1
5767 3709 1
5082 3709 1
9655 3709 1
6281 3709 1
5316 3709 1
5178 3709 1
6627 3710 1
6641 3711 1
3754 3711 1
6818 3711 1
5647 3711 1
7072 3711 1
7058 3711 1
6692 3711 1
6897 3711 1
6756 3711 1
7742 3711 1
3980 3711 1
5618 3711 1
9515 3712 1
5192 3713 1
4062 3714 1
5012 3714 1
6591 3714 1
3831 3714 1
5805 3714 1
7800 3714 1
5017 3714 1
5627 3714 1
5606 3714 1
5177 3714 1
9322 3715 1
8071 3716 1
9449 3717 1
6845 3718 1
5159 3718 1
5664 3718 1
4921 3718 1
4364 3718 1
5371 3718 1
6330 3719 1
9040 3720 1
7369 3721 1
5403 3722 1
6744 3723 1
7297 3723 1
6555 3723 1
8833 3724 1
4374 3725 1
3932 3726 1
7297 3727 1
7253 3728 1
7324 3728 1
9300 3729 1
6279 3729 1
5324 3729 1
5809 3729 1
3790 3729 1
5549 3729 1
8977 3729 1
4709 3729 1
9656 3729 1
6863 3730 1
6934 3731 1
3784 3731 1
4458 3732 1
5452 3732 1
4058 3732 1
7310 3733 1
7303 3733 1
6198 3733 1
4511 3733 1
7324 3734 1
3772 3735 1
9657 3735 1
5545 3736 1
3955 3736 1
7820 3736 1
7065 3737 1
5801 3737 1
7116 3737 1
7697 3737 1
6755 3737 1
5345 3737 1
7062 3737 1
5013 3737 1
7018 3737 1
4063 3737 1
4930 3737 1
5261 3737 1
6943 3737 1
7032 3737 1
5544 3737 1
5925 3737 1
5696 3738 1
5756 3738 1
6765 3738 1
6568 3738 1
7850 3738 1
4951 3738 1
5569 3738 1
5224 3738 1
5335 3738 1
7129 3738 1
6874 3738 1
4122 3738 1
6655 3738 1
3919 3738 1
6863 3738 1
6883 3738 1
5835 3738 1
4937 3738 1
7173 3738 1
6859 3738 1
6736 3738 1
3941 3738 1
5903 3739 1
9658 3740 1
5822 3740 1
8564 3741 1
8371 3742 1
5353 3742 1
7061 3743 1
5088 3744 1
6627 3745 1
4006 3746 1
7485 3747 1
7817 3748 1
7820 3749 1
9659 3750 1
4921 3751 1
6627 3752 1
5174 3753 1
4403 3753 1
6641 3754 1
6818 3754 1
5647 3754 1
7072 3754 1
7058 3754 1
6692 3754 1
6897 3754 1
6756 3754 1
7742 3754 1
3980 3754 1
5618 3754 1
5344 3755 1
8001 3756 1
5137 3756 1
6932 3757 1
4995 3758 1
6572 3758 1
5068 3758 1
3773 3758 1
5999 3758 1
5739 3758 1
5883 3758 1
8344 3758 1
4236 3759 1
4922 3760 1
9660 3761 1
4940 3761 1
4640 3762 1
9661 3763 1
5636 3764 1
9662 3764 1
5023 3765 1
8534 3766 1
9286 3767 1
9663 3767 1
9664 3767 1
9665 3767 1
5373 3767 1
6088 3767 1
9666 3768 1
6661 3769 1
6982 3770 1
6891 3770 1
6917 3770 1
7001 3770 1
6555 3770 1
8261 3771 1
7803 3771 1
8263 3771 1
9667 3772 1
6840 3772 1
6762 3772 1
5761 3772 1
6775 3772 1
4097 3772 1
7865 3772 1
9668 3772 1
5011 3772 1
5018 3772 1
7722 3772 1
5484 3772 1
9657 3772 1
7820 3772 1
6555 3772 1
5068 3773 1
5999 3773 1
5739 3773 1
6572 3773 1
5883 3773 1
4970 3774 1
5159 3774 1
9669 3775 1
6479 3775 1
5905 3776 1
7771 3776 1
5477 3776 1
6768 3776 1
5182 3776 1
5488 3776 1
6599 3777 1
6098 3778 1
4552 3779 1
7034 3780 1
6947 3781 1
6900 3782 1
5918 3782 1
9670 3782 1
5009 3783 1
5693 3783 1
6801 3783 1
5039 3783 1
7080 3783 1
5563 3783 1
7625 3783 1
5089 3783 1
7077 3783 1
9671 3784 1
7784 3784 1
9072 3784 1
5651 3784 1
7285 3784 1
8235 3784 1
6837 3784 1
9672 3784 1
7061 3784 1
9673 3784 1
5335 3784 1
7129 3784 1
5624 3784 1
6655 3784 1
8540 3784 1
8082 3784 1
6768 3784 1
9674 3784 1
5634 3784 1
5770 3784 1
7173 3784 1
6656 3784 1
5527 3784 1
5317 3784 1
3864 3784 1
5822 3784 1
6737 3784 1
9675 3784 1
5927 3784 1
5858 3784 1
3824 3784 1
7217 3785 1
5425 3786 1
4948 3786 1
9676 3786 1
7131 3787 1
5775 3787 1
7062 3787 1
4508 3787 1
5575 3787 1
7096 3787 1
5581 3787 1
4662 3787 1
7717 3788 1
5443 3789 1
5459 3789 1
6096 3789 1
5887 3789 1
4203 3789 1
4851 3789 1
4821 3789 1
3859 3789 1
6455 3789 1
4900 3789 1
7351 3789 1
4531 3789 1
8977 3790 1
4973 3791 1
7733 3792 1
7301 3792 1
9677 3793 1
9678 3793 1
8439 3794 1
4682 3795 1
6250 3795 1
3948 3795 1
4879 3795 1
5188 3796 1
6396 3797 1
9012 3798 1
6270 3798 1
4712 3798 1
9679 3799 1
9680 3799 1
8509 3799 1
9681 3799 1
9682 3800 1
7389 3800 1
9683 3800 1
8081 3800 1
4939 3801 1
5542 3801 1
8325 3801 1
5822 3802 1
5411 3803 1
7061 3803 1
5062 3803 1
3922 3803 1
5234 3803 1
7002 3803 1
5231 3804 1
3929 3804 1
3893 3804 1
6872 3804 1
7302 3804 1
5254 3804 1
7113 3804 1
7309 3804 1
5278 3804 1
6765 3804 1
6703 3804 1
4951 3804 1
6318 3804 1
5389 3804 1
5683 3804 1
7100 3804 1
7093 3804 1
7129 3804 1
5301 3804 1
7159 3804 1
3876 3804 1
5418 3804 1
3870 3804 1
7102 3804 1
5835 3804 1
6757 3804 1
5320 3804 1
5549 3804 1
7173 3804 1
6945 3804 1
6628 3804 1
7118 3804 1
6985 3804 1
6207 3805 1
9684 3806 1
5797 3806 1
6774 3807 1
4082 3807 1
6619 3807 1
7028 3807 1
7597 3807 1
6782 3807 1
7598 3807 1
5597 3808 1
7658 3808 1
5087 3808 1
6859 3808 1
6930 3808 1
6555 3808 1
5411 3809 1
7061 3809 1
6749 3809 1
5234 3809 1
5620 3809 1
7265 3810 1
6651 3811 1
5484 3811 1
6813 3812 1
6608 3813 1
6502 3814 1
6932 3814 1
4262 3815 1
6049 3816 1
5474 3816 1
5914 3816 1
6931 3817 1
4214 3817 1
5604 3817 1
8210 3817 1
4466 3817 1
5437 3818 1
5941 3818 1
9685 3819 1
7585 3819 1
9686 3819 1
9687 3819 1
7954 3819 1
9688 3820 1
6211 3820 1
9689 3821 1
9463 3821 1
9526 3821 1
5002 3822 1
5765 3823 1
9690 3823 1
6655 3824 1
7784 3824 1
8017 3824 1
6744 3825 1
9691 3825 1
5293 3825 1
9692 3825 1
9693 3825 1
5109 3826 1
5481 3826 1
6960 3826 1
5444 3826 1
7057 3826 1
7160 3826 1
6991 3826 1
5484 3826 1
5303 3826 1
5628 3826 1
6798 3826 1
7179 3826 1
5729 3826 1
5949 3826 1
5773 3826 1
7102 3826 1
6859 3826 1
6555 3826 1
7640 3826 1
5427 3826 1
6661 3827 1
6573 3827 1
6655 3827 1
6768 3827 1
9694 3827 1
5547 3827 1
6859 3827 1
5927 3827 1
9030 3828 1
8266 3829 1
6774 3830 1
3880 3830 1
9271 3830 1
9695 3830 1
7297 3830 1
6743 3830 1
7919 3830 1
6775 3830 1
7005 3830 1
6932 3831 1
6605 3831 1
5005 3831 1
9276 3831 1
4023 3831 1
5699 3831 1
5934 3831 1
3982 3831 1
4996 3831 1
4062 3831 1
4556 3831 1
7132 3831 1
6591 3831 1
5826 3831 1
5805 3831 1
7800 3831 1
5606 3831 1
5177 3831 1
5012 3831 1
7063 3831 1
5017 3831 1
5627 3831 1
5679 3831 1
5085 3832 1
6573 3833 1
7056 3834 1
5002 3835 1
6529 3836 1
7536 3836 1
5973 3836 1
7210 3836 1
6770 3836 1
5538 3836 1
4753 3836 1
7594 3836 1
6458 3836 1
5292 3836 1
6187 3836 1
4779 3836 1
6035 3836 1
7131 3837 1
4984 3837 1
6817 3837 1
5820 3838 1
6337 3838 1
7068 3839 1
9696 3840 1
5023 3841 1
7105 3842 1
4678 3843 1
7946 3843 1
9484 3843 1
6281 3843 1
7867 3844 1
7005 3844 1
6891 3844 1
3896 3844 1
5248 3844 1
5246 3844 1
6555 3844 1
7148 3844 1
9697 3845 1
6831 3846 1
7123 3846 1
6858 3846 1
5483 3846 1
7155 3846 1
4813 3847 1
9698 3848 1
5501 3849 1
5496 3850 1
6691 3851 1
5345 3852 1
5304 3853 1
9699 3854 1
6932 3854 1
6070 3854 1
6382 3854 1
5868 3855 1
7184 3855 1
5864 3855 1
7620 3855 1
5243 3855 1
6989 3855 1
4928 3855 1
5978 3855 1
7317 3855 1
6608 3855 1
9202 3856 1
7065 3857 1
5801 3857 1
7116 3857 1
4516 3857 1
7697 3857 1
6755 3857 1
7712 3857 1
4976 3857 1
4026 3857 1
7062 3857 1
7144 3857 1
7018 3857 1
4063 3857 1
4930 3857 1
5848 3857 1
6933 3857 1
5261 3857 1
6943 3857 1
7051 3857 1
7032 3857 1
5635 3857 1
5066 3857 1
5544 3857 1
4662 3857 1
6924 3857 1
5529 3857 1
5925 3857 1
5868 3858 1
5459 3859 1
6096 3859 1
5887 3859 1
4203 3859 1
5909 3859 1
4851 3859 1
4821 3859 1
6455 3859 1
4900 3859 1
7351 3859 1
4531 3859 1
5394 3860 1
8568 3860 1
9700 3860 1
6932 3861 1
5130 3862 1
6705 3862 1
6972 3862 1
7559 3863 1
8526 3863 1
4808 3863 1
4079 3863 1
6486 3863 1
7089 3863 1
3970 3863 1
4184 3863 1
6344 3863 1
5466 3864 1
5411 3864 1
6847 3864 1
7066 3864 1
7061 3864 1
9701 3864 1
5062 3864 1
8148 3864 1
5234 3864 1
6768 3864 1
5064 3864 1
7045 3864 1
5598 3864 1
6868 3864 1
7002 3864 1
5620 3864 1
5527 3864 1
9702 3864 1
5284 3865 1
9084 3866 1
7670 3867 1
5151 3867 1
6484 3868 1
9703 3869 1
9704 3869 1
9705 3869 1
4004 3869 1
5231 3870 1
5777 3870 1
3929 3870 1
3893 3870 1
6872 3870 1
5466 3870 1
7302 3870 1
7113 3870 1
6624 3870 1
7309 3870 1
5278 3870 1
6765 3870 1
5153 3870 1
9706 3870 1
6703 3870 1
5218 3870 1
4951 3870 1
6318 3870 1
5389 3870 1
5683 3870 1
5483 3870 1
7100 3870 1
7093 3870 1
7129 3870 1
5301 3870 1
7159 3870 1
3876 3870 1
5418 3870 1
5064 3870 1
5978 3870 1
7102 3870 1
5447 3870 1
5835 3870 1
6757 3870 1
5598 3870 1
5320 3870 1
5549 3870 1
6945 3870 1
6628 3870 1
6985 3870 1
5789 3870 1
4117 3871 1
8528 3871 1
7136 3871 1
6858 3871 1
5706 3871 1
6870 3871 1
7155 3871 1
5151 3871 1
9707 3872 1
4527 3873 1
4879 3873 1
8089 3874 1
4117 3875 1
9708 3875 1
7136 3875 1
7075 3875 1
5576 3875 1
7155 3875 1
5212 3875 1
5151 3875 1
5231 3876 1
3929 3876 1
3893 3876 1
6872 3876 1
7302 3876 1
7113 3876 1
8256 3876 1
7309 3876 1
5278 3876 1
6765 3876 1
6703 3876 1
4951 3876 1
6318 3876 1
7100 3876 1
7093 3876 1
6953 3876 1
7129 3876 1
5301 3876 1
7159 3876 1
5418 3876 1
5287 3876 1
7328 3876 1
7102 3876 1
6757 3876 1
5320 3876 1
3978 3876 1
5760 3876 1
5549 3876 1
7173 3876 1
6706 3876 1
6930 3876 1
6945 3876 1
7118 3876 1
6985 3876 1
4004 3877 1
7752 3878 1
4040 3878 1
5338 3879 1
5588 3879 1
9360 3879 1
5988 3879 1
5497 3879 1
7005 3880 1
5246 3880 1
7297 3880 1
6775 3880 1
9265 3880 1
6664 3880 1
6555 3880 1
6743 3880 1
5588 3881 1
6491 3882 1
4837 3882 1
4716 3882 1
7329 3882 1
5048 3883 1
9709 3883 1
7509 3883 1
8256 3884 1
9710 3884 1
6655 3884 1
9634 3884 1
4179 3884 1
3978 3884 1
5703 3884 1
4402 3884 1
9377 3884 1
9711 3884 1
5084 3884 1
5204 3885 1
5700 3886 1
8259 3886 1
9712 3886 1
9713 3886 1
9714 3886 1
9036 3887 1
9715 3887 1
7060 3888 1
6772 3888 1
9716 3888 1
9717 3888 1
9718 3888 1
9719 3888 1
4690 3888 1
9720 3888 1
4793 3888 1
9721 3889 1
5121 3890 1
6932 3891 1
7088 3892 1
4936 3892 1
5231 3893 1
3929 3893 1
6872 3893 1
7302 3893 1
7113 3893 1
7309 3893 1
5278 3893 1
6765 3893 1
6703 3893 1
5218 3893 1
4951 3893 1
6318 3893 1
5683 3893 1
7100 3893 1
7093 3893 1
7129 3893 1
5301 3893 1
7159 3893 1
5418 3893 1
5287 3893 1
7102 3893 1
6757 3893 1
5320 3893 1
5549 3893 1
7173 3893 1
6859 3893 1
6930 3893 1
6945 3893 1
6628 3893 1
7118 3893 1
6985 3893 1
5820 3894 1
5137 3895 1
7148 3896 1
4095 3896 1
6555 3896 1
7867 3896 1
6685 3896 1
6891 3896 1
5248 3896 1
7941 3896 1
4951 3897 1
8235 3897 1
7061 3897 1
6655 3897 1
5927 3897 1
6855 3898 1
7128 3899 1
5480 3900 1
5145 3901 1
9722 3901 1
9723 3901 1
9724 3902 1
9725 3902 1
5878 3902 1
9726 3902 1
4470 3902 1
9727 3903 1
6321 3904 1
8634 3905 1
8467 3905 1
7324 3906 1
5298 3907 1
8049 3907 1
5299 3907 1
9330 3907 1
5090 3907 1
8744 3907 1
6755 3908 1
9728 3908 1
6884 3908 1
5868 3908 1
6463 3908 1
7649 3908 1
7713 3908 1
5632 3909 1
9729 3909 1
9730 3909 1
9731 3909 1
5904 3909 1
9732 3909 1
5800 3909 1
7754 3910 1
7797 3910 1
6563 3910 1
6558 3911 1
7324 3912 1
6867 3913 1
6805 3914 1
5149 3914 1
6975 3915 1
5938 3915 1
5819 3915 1
6957 3916 1
7338 3917 1
9733 3917 1
9734 3917 1
4439 3917 1
5005 3917 1
5540 3918 1
9386 3918 1
5121 3918 1
5756 3919 1
6765 3919 1
6568 3919 1
6566 3919 1
4951 3919 1
9639 3919 1
5569 3919 1
5335 3919 1
7129 3919 1
6874 3919 1
4122 3919 1
6655 3919 1
6883 3919 1
5835 3919 1
7851 3919 1
3941 3919 1
6800 3920 1
6734 3920 1
6891 3921 1
5189 3921 1
5411 3922 1
6847 3922 1
7061 3922 1
5062 3922 1
5234 3922 1
6768 3922 1
6790 3922 1
5620 3922 1
8022 3923 1
9290 3924 1
7162 3925 1
9074 3926 1
3990 3927 1
6021 3927 1
5238 3927 1
4238 3927 1
6180 3927 1
7243 3927 1
5286 3927 1
6451 3927 1
4466 3927 1
9735 3928 1
6616 3928 1
5231 3929 1
6872 3929 1
7302 3929 1
5254 3929 1
7113 3929 1
7309 3929 1
5278 3929 1
6765 3929 1
6703 3929 1
5218 3929 1
4951 3929 1
6318 3929 1
5389 3929 1
5683 3929 1
7100 3929 1
7093 3929 1
7129 3929 1
5301 3929 1
7159 3929 1
5418 3929 1
7102 3929 1
5835 3929 1
6757 3929 1
5320 3929 1
5549 3929 1
7173 3929 1
6628 3929 1
7118 3929 1
6985 3929 1
9736 3930 1
5586 3930 1
5269 3930 1
5506 3930 1
6951 3930 1
6867 3931 1
6909 3932 1
6816 3932 1
5374 3932 1
5792 3932 1
6870 3933 1
7210 3934 1
9737 3934 1
6867 3934 1
6800 3935 1
6922 3936 1
5399 3936 1
4558 3937 1
9738 3938 1
5388 3938 1
9739 3938 1
6093 3938 1
4019 3939 1
5553 3939 1
7675 3939 1
5853 3939 1
6557 3939 1
7660 3939 1
5463 3939 1
7676 3939 1
5136 3939 1
6903 3939 1
5799 3939 1
5754 3940 1
5756 3941 1
6765 3941 1
6568 3941 1
4951 3941 1
5569 3941 1
5224 3941 1
5335 3941 1
7129 3941 1
6874 3941 1
4122 3941 1
6655 3941 1
6863 3941 1
6883 3941 1
5835 3941 1
7173 3941 1
6859 3941 1
6656 3941 1
5527 3941 1
4678 3942 1
4483 3942 1
5668 3942 1
4484 3942 1
6328 3943 1
8350 3944 1
5573 3945 1
5609 3945 1
4023 3945 1
8233 3945 1
5919 3945 1
6686 3945 1
5475 3945 1
7691 3945 1
5627 3945 1
5315 3945 1
6804 3945 1
6555 3945 1
5638 3946 1
7537 3947 1
5145 3947 1
7321 3948 1
6250 3948 1
7020 3948 1
7622 3949 1
5856 3950 1
4552 3951 1
5726 3952 1
7795 3953 1
9740 3954 1
6467 3954 1
9741 3954 1
9742 3955 1
5545 3955 1
7820 3955 1
7829 3956 1
9743 3957 1
8645 3958 1
5121 3959 1
9744 3960 1
9176 3960 1
5392 3961 1
7675 3962 1
9584 3963 1
7188 3964 1
6891 3965 1
6679 3965 1
5248 3965 1
4095 3965 1
6555 3965 1
7867 3965 1
9574 3966 1
4402 3966 1
7585 3966 1
6708 3966 1
6627 3966 1
5049 3966 1
8046 3966 1
8173 3967 1
7529 3968 1
9745 3969 1
6651 3969 1
5484 3969 1
6824 3969 1
4079 3970 1
7089 3970 1
4001 3971 1
9746 3972 1
8937 3973 1
8476 3974 1
6997 3974 1
7585 3975 1
7413 3976 1
9747 3977 1
7021 3977 1
4640 3977 1
5084 3978 1
8256 3978 1
8060 3978 1
5351 3978 1
6996 3978 1
6975 3978 1
5110 3978 1
6953 3978 1
6710 3978 1
6655 3978 1
6714 3978 1
5503 3978 1
4626 3978 1
4934 3978 1
5375 3978 1
5584 3979 1
6641 3980 1
6818 3980 1
5647 3980 1
7072 3980 1
7058 3980 1
6692 3980 1
6897 3980 1
6756 3980 1
7742 3980 1
5618 3980 1
5068 3981 1
7900 3981 1
5241 3981 1
5869 3981 1
5958 3981 1
4023 3982 1
5959 3982 1
5366 3982 1
5907 3982 1
5934 3982 1
4974 3982 1
9255 3982 1
6605 3982 1
4996 3982 1
4643 3983 1
8049 3984 1
5636 3984 1
8631 3984 1
9748 3985 1
5446 3985 1
9749 3985 1
7777 3986 1
4291 3986 1
9750 3987 1
4582 3987 1
6655 3988 1
8186 3989 1
5701 3990 1
7338 3990 1
7315 3990 1
9751 3990 1
5498 3990 1
4718 3990 1
5238 3990 1
8843 3990 1
7301 3990 1
4238 3990 1
6180 3990 1
7243 3990 1
7248 3990 1
5286 3990 1
4356 3990 1
7312 3990 1
6451 3990 1
4868 3990 1
7101 3990 1
4408 3990 1
7286 3990 1
4567 3990 1
4466 3990 1
6021 3990 1
7068 3991 1
6098 3992 1
9752 3993 1
9446 3993 1
7670 3994 1
9493 3995 1
5584 3996 1
5324 3996 1
5560 3997 1
5602 3997 1
4393 3997 1
6060 3997 1
6662 3997 1
9753 3997 1
4552 3998 1
9754 3998 1
5668 3998 1
7111 3999 1
6705 3999 1
4933 3999 1
7168 3999 1
4683 3999 1
5615 4000 1
9755 4001 1
5651 4001 1
8607 4001 1
8199 4001 1
8200 4001 1
9756 4001 1
9757 4001 1
9758 4002 1
5386 4002 1
7006 4002 1
6448 4002 1
4014 4002 1
9759 4002 1
7353 4003 1
6792 4003 1
9760 4003 1
5509 4004 1
9761 4004 1
9762 4004 1
6553 4004 1
6579 4005 1
5190 4006 1
8699 4006 1
4645 4007 1
5330 4008 1
5706 4008 1
4364 4008 1
6960 4009 1
8471 4010 1
9763 4011 1
9764 4011 1
9331 4011 1
5596 4012 1
5962 4013 1
9758 4014 1
5164 4014 1
5386 4014 1
4988 4015 1
9765 4016 1
9330 4017 1
4137 4018 1
5633 4018 1
7475 4018 1
7675 4019 1
5853 4019 1
6557 4019 1
7660 4019 1
7674 4019 1
5463 4019 1
7676 4019 1
5136 4019 1
5553 4019 1
5799 4019 1
5632 4020 1
4103 4020 1
9283 4020 1
5850 4020 1
5091 4020 1
8113 4021 1
4422 4022 1
9766 4022 1
6932 4022 1
7005 4023 1
5609 4023 1
5699 4023 1
5934 4023 1
8358 4023 1
6605 4023 1
4996 4023 1
8425 4024 1
6325 4024 1
5344 4025 1
5801 4026 1
7116 4026 1
4516 4026 1
7697 4026 1
6884 4026 1
4976 4026 1
5345 4026 1
7062 4026 1
4063 4026 1
4930 4026 1
5848 4026 1
5261 4026 1
6943 4026 1
4994 4026 1
7032 4026 1
5635 4026 1
6924 4026 1
5781 4026 1
5529 4026 1
5184 4027 1
5156 4028 1
5722 4029 1
6314 4030 1
4247 4030 1
5345 4030 1
6510 4030 1
4865 4030 1
6495 4030 1
6817 4030 1
7363 4031 1
5296 4031 1
7509 4032 1
5029 4032 1
7606 4033 1
4117 4034 1
5859 4034 1
5621 4035 1
7186 4035 1
6761 4035 1
5476 4036 1
5342 4036 1
6614 4036 1
7540 4037 1
8598 4038 1
6486 4038 1
5947 4039 1
5997 4040 1
5690 4041 1
5730 4042 1
4937 4042 1
5124 4042 1
9767 4043 1
9768 4044 1
8336 4045 1
4475 4046 1
8905 4046 1
4309 4046 1
7236 4046 1
7244 4046 1
6513 4046 1
4531 4046 1
6960 4047 1
9769 4047 1
6023 4048 1
8976 4048 1
9770 4049 1
5019 4050 1
9771 4050 1
4913 4050 1
6900 4051 1
8017 4052 1
8075 4053 1
4169 4053 1
5201 4054 1
9772 4055 1
5878 4056 1
5721 4057 1
4458 4058 1
4935 4059 1
4067 4060 1
5202 4060 1
5392 4061 1
6578 4061 1
5012 4062 1
6591 4062 1
5627 4062 1
5606 4062 1
7065 4063 1
5801 4063 1
7116 4063 1
4516 4063 1
7697 4063 1
6755 4063 1
6884 4063 1
5345 4063 1
6849 4063 1
7062 4063 1
5013 4063 1
7144 4063 1
7018 4063 1
4930 4063 1
5848 4063 1
6933 4063 1
5261 4063 1
6943 4063 1
7051 4063 1
7032 4063 1
5544 4063 1
6924 4063 1
5529 4063 1
5925 4063 1
9520 4064 1
7771 4065 1
4503 4065 1
5477 4065 1
6768 4065 1
5182 4065 1
4568 4065 1
6467 4066 1
9773 4067 1
9774 4067 1
5202 4067 1
9775 4068 1
6248 4068 1
5005 4069 1
9776 4070 1
7161 4070 1
6748 4070 1
6162 4070 1
6993 4070 1
6017 4070 1
9777 4070 1
5918 4070 1
6867 4070 1
6832 4071 1
9778 4071 1
5723 4071 1
5406 4071 1
7503 4071 1
6890 4071 1
6159 4071 1
4818 4071 1
6854 4071 1
6486 4071 1
4424 4071 1
5691 4071 1
4238 4071 1
4380 4071 1
4180 4071 1
6436 4071 1
8955 4071 1
6823 4071 1
8259 4072 1
9779 4073 1
6353 4073 1
5273 4074 1
5987 4074 1
9780 4075 1
9781 4075 1
7888 4075 1
5695 4075 1
5203 4076 1
6123 4076 1
7746 4077 1
5231 4077 1
5218 4078 1
7559 4079 1
8526 4079 1
7089 4079 1
6344 4079 1
9782 4079 1
7038 4080 1
9783 4080 1
9784 4081 1
6774 4082 1
5818 4082 1
6619 4082 1
7597 4082 1
7598 4082 1
6572 4082 1
8352 4083 1
6098 4084 1
6011 4085 1
9078 4085 1
5816 4086 1
6777 4086 1
5088 4086 1
7992 4086 1
5692 4087 1
5264 4088 1
9785 4089 1
9786 4090 1
8510 4091 1
8442 4091 1
8073 4092 1
6587 4092 1
5621 4092 1
8074 4092 1
6761 4092 1
4109 4093 1
6656 4093 1
9787 4094 1
7088 4094 1
6870 4094 1
5402 4095 1
6891 4095 1
5248 4095 1
5023 4095 1
5681 4095 1
6555 4095 1
7867 4095 1
5668 4096 1
6840 4097 1
5761 4097 1
7865 4097 1
9788 4097 1
7695 4098 1
7612 4098 1
7455 4098 1
6636 4098 1
5324 4098 1
4830 4098 1
7031 4098 1
6962 4098 1
5257 4098 1
7787 4099 1
9789 4099 1
6484 4099 1
7811 4100 1
9790 4100 1
6540 4100 1
5917 4100 1
9791 4100 1
9792 4101 1
8903 4101 1
5351 4102 1
5270 4103 1
7588 4104 1
7353 4105 1
6792 4105 1
5383 4106 1
6904 4107 1
6681 4108 1
5166 4108 1
9793 4108 1
9596 4108 1
7630 4109 1
9794 4109 1
9503 4109 1
6656 4109 1
5352 4110 1
6661 4111 1
6655 4111 1
6768 4111 1
6859 4111 1
8398 4112 1
6925 4113 1
9795 4114 1
8260 4114 1
4949 4115 1
6971 4115 1
6720 4115 1
5742 4115 1
7694 4115 1
7193 4115 1
5967 4116 1
6273 4116 1
6835 4116 1
5859 4117 1
5067 4117 1
7136 4117 1
7401 4117 1
6847 4117 1
7075 4117 1
5342 4117 1
5262 4117 1
7088 4117 1
5706 4117 1
6251 4117 1
9796 4117 1
6870 4117 1
7155 4117 1
5212 4117 1
6667 4117 1
5151 4117 1
7129 4118 1
6146 4119 1
7370 4119 1
4537 4120 1
6578 4121 1
5543 4122 1
6318 4122 1
9797 4122 1
7129 4122 1
7173 4122 1
6765 4122 1
5756 4122 1
6568 4122 1
6566 4122 1
4951 4122 1
5335 4122 1
6874 4122 1
5624 4122 1
6655 4122 1
6883 4122 1
5835 4122 1
4937 4122 1
4531 4123 1
9798 4124 1
6639 4125 1
4876 4126 1
9799 4126 1
9800 4127 1
9801 4128 1
7158 4128 1
9802 4128 1
9803 4128 1
7509 4129 1
4262 4130 1
9804 4131 1
4759 4131 1
7432 4132 1
5362 4133 1
4674 4133 1
6932 4133 1
6064 4134 1
4490 4135 1
7230 4135 1
6472 4135 1
6998 4135 1
7374 4136 1
5199 4136 1
4362 4136 1
7131 4137 1
6755 4137 1
7548 4137 1
6247 4137 1
4865 4137 1
5848 4137 1
4508 4137 1
7096 4137 1
6495 4137 1
5581 4137 1
5066 4137 1
6924 4137 1
4822 4137 1
6024 4138 1
9805 4139 1
9806 4139 1
7256 4140 1
4619 4141 1
4820 4141 1
8914 4141 1
7011 4142 1
6328 4143 1
7411 4144 1
6577 4144 1
7412 4144 1
5536 4145 1
6924 4145 1
5529 4145 1
5918 4146 1
4537 4146 1
9180 4147 1
6198 4148 1
4856 4148 1
9807 4149 1
6323 4150 1
4267 4150 1
4827 4151 1
9808 4152 1
6098 4152 1
6403 4152 1
5641 4152 1
9809 4153 1
7369 4153 1
9810 4154 1
4447 4154 1
6309 4154 1
6105 4154 1
8397 4155 1
5701 4156 1
7321 4156 1
7304 4156 1
4408 4156 1
8092 4157 1
6544 4158 1
4333 4159 1
7334 4159 1
4898 4160 1
6550 4160 1
6744 4160 1
4473 4160 1
4423 4160 1
4466 4160 1
7338 4161 1
6351 4162 1
9811 4162 1
4557 4162 1
4313 4163 1
6932 4163 1
9812 4163 1
9813 4163 1
9814 4163 1
4394 4164 1
9815 4164 1
9816 4164 1
5978 4165 1
4898 4166 1
6486 4166 1
4466 4166 1
9817 4167 1
9818 4167 1
9819 4167 1
8778 4167 1
9820 4167 1
5962 4167 1
9821 4168 1
4377 4168 1
6399 4169 1
7555 4169 1
4262 4170 1
6341 4171 1
4648 4171 1
6051 4172 1
4820 4172 1
4418 4172 1
7195 4172 1
8859 4172 1
9822 4173 1
9823 4173 1
9824 4173 1
6242 4174 1
7012 4174 1
7346 4175 1
5802 4176 1
9825 4176 1
7427 4177 1
4195 4178 1
7265 4178 1
4743 4178 1
5084 4179 1
6808 4180 1
5882 4180 1
5723 4180 1
5406 4180 1
7503 4180 1
4578 4180 1
6890 4180 1
6159 4180 1
6854 4180 1
6486 4180 1
4424 4180 1
4380 4180 1
6823 4180 1
6048 4181 1
9826 4182 1
6467 4182 1
6639 4183 1
5931 4183 1
8526 4184 1
9827 4184 1
6344 4184 1
6128 4185 1
9828 4185 1
9829 4186 1
9830 4186 1
4466 4186 1
6823 4186 1
5956 4187 1
8002 4187 1
6389 4187 1
5158 4187 1
6931 4188 1
9831 4188 1
6329 4189 1
7180 4189 1
6317 4189 1
7266 4189 1
6191 4189 1
6006 4189 1
9832 4189 1
6989 4189 1
4928 4189 1
6608 4189 1
6542 4190 1
9233 4190 1
7445 4191 1
7280 4191 1
6064 4192 1
7501 4193 1
8152 4194 1
9833 4195 1
7265 4195 1
4743 4195 1
7235 4196 1
4262 4196 1
6508 4197 1
9834 4198 1
8080 4198 1
4799 4198 1
9835 4198 1
8031 4199 1
9836 4199 1
8943 4200 1
7176 4200 1
7579 4200 1
7324 4200 1
9154 4200 1
9837 4200 1
9838 4200 1
9839 4200 1
6509 4201 1
9840 4201 1
9841 4201 1
7278 4201 1
6028 4201 1
7301 4202 1
9842 4202 1
6302 4202 1
5459 4203 1
6096 4203 1
5887 4203 1
5909 4203 1
4851 4203 1
4821 4203 1
6455 4203 1
4900 4203 1
7351 4203 1
4531 4203 1
9712 4204 1
5257 4205 1
4578 4206 1
4424 4206 1
9120 4206 1
7210 4207 1
7382 4208 1
5614 4209 1
4240 4210 1
8119 4210 1
7263 4211 1
8230 4211 1
4780 4211 1
9089 4211 1
9843 4212 1
9844 4212 1
9167 4212 1
6420 4213 1
9845 4213 1
6931 4214 1
8326 4214 1
7353 4214 1
5538 4215 1
4838 4216 1
7630 4217 1
7529 4218 1
4320 4219 1
4448 4220 1
9846 4220 1
9847 4221 1
6470 4222 1
4438 4223 1
8184 4223 1
6162 4224 1
4262 4225 1
6175 4226 1
6259 4226 1
9393 4226 1
6422 4227 1
4779 4228 1
6190 4229 1
9082 4229 1
6523 4230 1
4991 4230 1
6701 4231 1
7288 4232 1
6544 4232 1
5414 4232 1
7265 4232 1
6088 4232 1
4537 4232 1
9848 4233 1
7487 4233 1
4673 4233 1
6701 4234 1
6639 4235 1
5520 4236 1
7518 4236 1
7324 4237 1
7321 4238 1
4797 4238 1
5238 4238 1
7211 4238 1
7243 4238 1
7312 4238 1
5712 4238 1
7338 4238 1
7315 4238 1
4566 4238 1
4718 4238 1
6021 4238 1
9849 4238 1
6451 4238 1
4408 4238 1
6000 4239 1
8119 4240 1
5928 4240 1
8150 4241 1
5485 4241 1
9001 4241 1
6932 4242 1
9850 4242 1
9851 4242 1
7641 4243 1
6245 4243 1
7207 4243 1
6496 4244 1
7455 4244 1
8998 4244 1
4830 4244 1
9852 4244 1
6462 4245 1
6110 4246 1
7189 4246 1
9853 4247 1
6314 4247 1
5345 4247 1
6247 4247 1
6510 4247 1
4865 4247 1
9854 4247 1
9855 4247 1
6495 4247 1
6817 4247 1
7490 4248 1
4466 4248 1
9856 4248 1
7240 4249 1
9804 4250 1
9857 4250 1
4629 4250 1
4759 4250 1
6337 4250 1
6808 4251 1
6105 4252 1
7324 4252 1
4451 4253 1
8981 4254 1
4586 4255 1
8429 4256 1
6317 4257 1
6191 4257 1
7233 4258 1
8768 4258 1
9002 4259 1
5021 4259 1
5457 4260 1
6316 4260 1
9085 4260 1
7300 4260 1
7250 4261 1
9858 4262 1
9859 4262 1
9860 4262 1
9861 4262 1
9862 4262 1
9863 4262 1
9864 4262 1
9865 4262 1
9866 4262 1
9867 4262 1
9868 4262 1
9869 4262 1
9870 4262 1
9871 4262 1
9872 4262 1
7324 4262 1
7235 4262 1
9873 4262 1
9874 4262 1
9875 4262 1
9876 4263 1
7442 4263 1
7216 4264 1
7203 4265 1
6345 4265 1
4457 4265 1
4440 4266 1
9877 4266 1
9878 4266 1
9879 4266 1
8393 4267 1
9821 4268 1
4998 4269 1
6723 4270 1
9199 4270 1
7403 4270 1
7369 4270 1
4841 4271 1
4385 4271 1
5815 4271 1
5081 4271 1
9880 4272 1
9881 4272 1
6098 4273 1
4357 4274 1
9882 4274 1
8796 4274 1
6256 4275 1
6764 4276 1
7217 4276 1
8782 4277 1
6415 4277 1
5236 4278 1
6414 4278 1
5848 4278 1
6182 4278 1
9883 4278 1
6436 4279 1
4870 4280 1
9884 4281 1
6201 4282 1
4343 4282 1
4787 4282 1
4505 4282 1
8231 4282 1
4966 4282 1
8750 4282 1
9885 4282 1
9886 4282 1
7401 4283 1
7088 4283 1
5150 4284 1
9887 4284 1
9161 4284 1
9162 4284 1
8960 4285 1
9888 4285 1
4814 4285 1
9889 4285 1
7112 4285 1
8961 4285 1
9890 4286 1
7460 4287 1
4487 4288 1
9891 4289 1
7265 4289 1
9892 4289 1
4773 4289 1
8503 4290 1
7777 4291 1
8730 4292 1
9893 4293 1
5405 4293 1
9894 4293 1
5991 4293 1
6261 4293 1
9895 4293 1
9896 4293 1
7231 4293 1
9897 4293 1
5189 4294 1
8711 4294 1
5833 4295 1
9364 4295 1
6522 4295 1
6572 4295 1
7845 4295 1
6354 4295 1
7844 4295 1
6472 4296 1
6932 4297 1
6524 4298 1
6808 4299 1
6832 4299 1
5723 4299 1
7503 4299 1
4380 4299 1
4356 4299 1
6823 4299 1
6198 4300 1
4856 4300 1
7263 4301 1
9562 4302 1
5090 4303 1
9898 4304 1
8997 4305 1
4312 4306 1
9899 4306 1
7254 4306 1
9900 4306 1
8243 4307 1
7711 4308 1
4475 4309 1
7236 4309 1
7244 4309 1
6513 4309 1
9901 4310 1
6632 4310 1
6313 4311 1
9465 4311 1
9902 4312 1
8157 4313 1
4522 4314 1
4469 4315 1
9903 4315 1
6867 4316 1
7324 4317 1
9893 4318 1
7497 4318 1
4556 4319 1
9904 4320 1
6026 4321 1
8858 4322 1
6532 4323 1
6519 4323 1
6405 4323 1
6621 4324 1
4516 4325 1
6657 4326 1
6137 4326 1
7232 4326 1
4992 4327 1
6253 4328 1
7059 4328 1
6496 4329 1
6892 4330 1
6438 4331 1
9905 4332 1
8728 4332 1
7334 4333 1
7338 4334 1
7315 4334 1
7230 4334 1
6744 4334 1
4423 4334 1
7301 4334 1
6505 4334 1
7286 4334 1
4732 4334 1
6426 4334 1
6346 4334 1
6098 4335 1
6376 4336 1
7382 4336 1
6235 4336 1
6457 4337 1
8375 4338 1
6867 4339 1
6240 4340 1
5572 4340 1
6390 4340 1
9353 4341 1
4476 4342 1
6201 4343 1
4505 4343 1
8231 4343 1
7232 4343 1
4966 4343 1
6238 4344 1
9906 4344 1
8860 4345 1
4943 4346 1
5851 4346 1
7183 4346 1
6102 4346 1
6508 4346 1
6169 4346 1
8890 4346 1
6950 4346 1
9907 4347 1
5339 4348 1
6238 4348 1
9908 4349 1
7243 4350 1
9909 4350 1
5238 4350 1
9910 4351 1
6576 4352 1
7190 4353 1
5058 4353 1
7214 4353 1
7948 4353 1
6139 4353 1
4843 4354 1
5815 4354 1
5310 4354 1
5081 4354 1
5688 4354 1
5803 4354 1
8604 4355 1
7188 4356 1
7338 4356 1
7225 4356 1
7315 4356 1
9751 4356 1
8468 4356 1
4718 4356 1
7495 4356 1
6136 4356 1
4849 4356 1
6970 4356 1
4868 4356 1
4408 4356 1
9911 4356 1
9882 4357 1
8796 4357 1
7158 4358 1
9759 4359 1
8320 4360 1
6321 4361 1
6486 4362 1
9912 4362 1
4940 4362 1
5151 4363 1
7611 4363 1
5668 4363 1
4569 4363 1
9531 4363 1
4517 4363 1
7717 4363 1
7136 4364 1
5165 4364 1
7767 4364 1
6724 4364 1
6847 4364 1
6845 4364 1
5159 4364 1
5664 4364 1
4921 4364 1
5371 4364 1
5324 4364 1
5151 4364 1
5859 4365 1
4735 4366 1
4495 4367 1
4526 4368 1
9913 4368 1
4848 4368 1
6842 4369 1
6069 4370 1
8377 4370 1
6362 4370 1
9136 4371 1
6932 4371 1
9086 4371 1
9914 4371 1
8749 4372 1
5115 4373 1
7164 4374 1
8528 4374 1
6979 4375 1
9915 4376 1
6986 4376 1
9821 4377 1
5723 4377 1
4578 4377 1
5165 4377 1
6486 4377 1
4424 4377 1
4380 4377 1
7105 4377 1
9916 4377 1
6454 4378 1
6639 4378 1
9917 4378 1
9918 4378 1
7722 4379 1
5183 4379 1
6808 4380 1
5723 4380 1
5406 4380 1
7503 4380 1
5165 4380 1
6159 4380 1
6854 4380 1
6486 4380 1
4424 4380 1
7486 4380 1
7330 4380 1
7413 4380 1
7105 4380 1
6290 4381 1
8176 4381 1
8567 4382 1
5194 4382 1
5919 4382 1
6741 4382 1
8057 4382 1
7324 4383 1
9411 4384 1
7338 4385 1
7315 4385 1
4718 4385 1
5238 4385 1
5081 4385 1
9045 4386 1
9919 4387 1
4807 4387 1
4720 4388 1
9920 4389 1
7278 4389 1
7369 4389 1
6701 4390 1
5702 4391 1
6200 4392 1
5560 4393 1
5602 4393 1
6060 4393 1
6662 4393 1
6932 4394 1
9921 4394 1
9922 4394 1
6393 4395 1
7265 4395 1
7203 4396 1
6845 4396 1
5058 4397 1
5377 4398 1
7225 4399 1
5370 4399 1
6059 4399 1
6500 4399 1
6465 4400 1
9923 4400 1
9924 4400 1
8598 4401 1
4808 4401 1
6486 4401 1
4523 4401 1
6479 4401 1
6436 4401 1
8710 4401 1
9925 4402 1
5747 4402 1
9926 4402 1
5061 4402 1
7946 4402 1
9927 4402 1
7585 4402 1
9928 4402 1
5174 4403 1
8097 4404 1
7366 4405 1
8248 4406 1
4992 4407 1
7315 4408 1
7321 4408 1
7312 4408 1
7338 4408 1
4718 4408 1
6180 4408 1
4868 4408 1
7101 4408 1
4567 4408 1
4466 4408 1
9093 4409 1
4874 4409 1
9929 4409 1
9096 4409 1
8736 4410 1
8007 4411 1
9930 4412 1
9157 4412 1
5128 4413 1
5923 4413 1
4489 4413 1
7373 4413 1
7122 4413 1
5512 4413 1
5720 4413 1
7327 4413 1
7153 4413 1
7307 4413 1
5041 4413 1
6174 4413 1
4655 4413 1
7166 4413 1
6181 4413 1
5709 4414 1
4840 4414 1
6144 4414 1
6988 4414 1
4800 4414 1
9931 4414 1
6043 4414 1
8348 4414 1
8711 4415 1
6306 4416 1
9274 4417 1
5655 4418 1
6051 4418 1
4820 4418 1
8113 4418 1
5204 4418 1
7195 4418 1
7215 4418 1
8859 4418 1
5716 4419 1
5686 4420 1
7324 4421 1
7505 4421 1
9932 4421 1
6932 4422 1
9933 4422 1
7338 4423 1
4898 4423 1
4912 4423 1
6550 4423 1
7294 4423 1
6486 4423 1
6505 4423 1
7291 4423 1
4732 4423 1
7262 4423 1
4466 4423 1
6426 4423 1
6346 4423 1
6808 4424 1
5723 4424 1
7503 4424 1
4578 4424 1
6159 4424 1
6854 4424 1
6486 4424 1
9120 4424 1
6823 4424 1
9309 4425 1
9934 4425 1
9935 4426 1
9936 4426 1
9937 4426 1
6655 4427 1
7377 4428 1
9938 4429 1
8548 4430 1
7307 4431 1
7305 4431 1
5041 4431 1
9422 4432 1
9424 4432 1
5349 4433 1
9332 4434 1
7324 4435 1
5668 4436 1
9939 4436 1
7491 4437 1
9940 4437 1
8184 4438 1
6225 4439 1
7338 4439 1
8431 4439 1
5474 4439 1
6834 4439 1
7037 4439 1
7301 4439 1
8397 4439 1
6412 4439 1
6688 4439 1
4732 4439 1
6426 4439 1
6555 4439 1
6877 4439 1
7369 4440 1
9941 4441 1
4661 4441 1
6666 4441 1
4744 4442 1
4676 4443 1
6540 4444 1
9834 4445 1
8080 4445 1
4799 4445 1
7034 4446 1
9810 4447 1
6309 4447 1
6105 4447 1
9846 4448 1
4992 4448 1
8727 4449 1
7324 4450 1
6932 4451 1
9942 4452 1
9510 4452 1
7288 4453 1
9943 4453 1
7265 4453 1
9229 4453 1
6520 4453 1
4537 4453 1
9944 4454 1
5604 4455 1
6167 4455 1
9945 4455 1
7369 4456 1
9946 4457 1
7203 4457 1
6845 4457 1
5159 4457 1
6428 4458 1
6049 4458 1
4889 4458 1
6038 4458 1
5474 4458 1
5452 4458 1
4487 4458 1
6637 4458 1
6068 4458 1
7014 4458 1
6753 4458 1
6048 4458 1
7286 4458 1
5914 4458 1
7251 4458 1
6555 4458 1
7105 4458 1
4554 4458 1
9474 4459 1
8007 4460 1
8790 4461 1
9947 4462 1
6368 4462 1
9948 4462 1
5871 4463 1
9949 4463 1
9950 4464 1
5400 4464 1
5859 4465 1
7338 4466 1
4898 4466 1
9951 4466 1
6550 4466 1
6377 4466 1
7315 4466 1
9751 4466 1
7321 4466 1
4566 4466 1
5498 4466 1
4487 4466 1
9952 4466 1
4718 4466 1
4842 4466 1
5815 4466 1
9953 4466 1
6744 4466 1
6104 4466 1
5238 4466 1
4473 4466 1
4904 4466 1
9954 4466 1
7193 4466 1
6486 4466 1
9955 4466 1
6180 4466 1
7243 4466 1
9956 4466 1
8210 4466 1
9957 4466 1
5286 4466 1
7312 4466 1
7304 4466 1
4879 4466 1
4868 4466 1
4567 4466 1
7262 4466 1
7149 4466 1
6212 4466 1
5165 4466 1
6021 4466 1
6451 4466 1
8091 4467 1
4845 4468 1
4641 4468 1
7236 4468 1
9958 4469 1
9903 4469 1
6467 4469 1
9959 4470 1
9960 4470 1
9961 4470 1
6098 4471 1
9962 4471 1
8868 4471 1
9963 4471 1
6236 4472 1
8737 4472 1
5290 4472 1
6466 4472 1
5271 4472 1
4898 4473 1
6550 4473 1
7315 4473 1
5984 4473 1
4487 4473 1
9964 4473 1
9965 4473 1
9387 4473 1
6486 4473 1
9966 4473 1
9338 4473 1
4531 4473 1
5878 4474 1
6990 4474 1
9967 4474 1
9968 4474 1
6200 4474 1
7236 4475 1
7244 4475 1
6513 4475 1
6374 4476 1
9969 4476 1
9426 4476 1
5848 4477 1
7320 4478 1
6437 4478 1
6467 4478 1
7034 4479 1
9970 4480 1
5574 4480 1
9971 4480 1
4983 4480 1
9972 4480 1
9973 4481 1
4792 4481 1
7575 4482 1
7069 4483 1
9939 4483 1
4552 4483 1
4678 4484 1
4656 4484 1
8018 4484 1
6281 4484 1
9030 4484 1
6265 4484 1
9406 4485 1
6165 4485 1
5392 4486 1
6225 4487 1
7338 4487 1
6428 4487 1
6095 4487 1
4889 4487 1
9974 4487 1
7315 4487 1
5474 4487 1
5406 4487 1
7230 4487 1
7326 4487 1
7037 4487 1
6068 4487 1
7216 4487 1
7014 4487 1
7318 4487 1
6180 4487 1
4837 4487 1
6048 4487 1
6654 4487 1
7101 4487 1
7286 4487 1
4732 4487 1
7413 4487 1
5914 4487 1
7251 4487 1
6426 4487 1
7105 4487 1
4554 4487 1
6834 4487 1
6098 4488 1
5128 4489 1
5923 4489 1
7373 4489 1
7122 4489 1
5512 4489 1
5720 4489 1
7327 4489 1
7153 4489 1
7307 4489 1
5041 4489 1
6174 4489 1
4655 4489 1
7166 4489 1
6181 4489 1
6538 4490 1
6998 4490 1
6411 4491 1
5957 4492 1
4905 4493 1
9214 4493 1
7659 4494 1
5601 4494 1
9975 4494 1
7324 4495 1
9976 4496 1
4549 4496 1
7306 4497 1
8632 4498 1
6148 4498 1
9977 4499 1
4794 4500 1
6087 4501 1
6238 4501 1
4810 4502 1
5890 4502 1
5182 4503 1
6496 4504 1
6201 4505 1
4966 4505 1
7232 4505 1
8888 4506 1
5663 4506 1
4885 4506 1
9978 4506 1
6084 4506 1
9907 4506 1
4531 4507 1
7131 4508 1
5775 4508 1
5541 4508 1
7062 4508 1
9979 4508 1
5575 4508 1
7096 4508 1
5581 4508 1
4662 4508 1
5150 4509 1
9161 4509 1
6932 4510 1
4588 4510 1
7310 4511 1
7303 4511 1
6198 4511 1
8693 4512 1
6907 4512 1
7230 4513 1
7324 4514 1
9980 4515 1
6573 4515 1
7065 4516 1
5801 4516 1
7116 4516 1
7697 4516 1
6755 4516 1
6884 4516 1
9343 4516 1
4976 4516 1
6849 4516 1
7062 4516 1
7144 4516 1
7018 4516 1
4930 4516 1
5848 4516 1
6933 4516 1
5261 4516 1
6943 4516 1
7051 4516 1
7032 4516 1
5544 4516 1
4662 4516 1
6924 4516 1
5529 4516 1
5925 4516 1
5201 4516 1
4552 4517 1
9981 4517 1
8645 4517 1
9971 4518 1
9982 4518 1
8814 4518 1
7324 4519 1
5702 4520 1
7115 4521 1
9248 4522 1
9983 4522 1
8598 4523 1
4808 4523 1
6486 4523 1
5728 4524 1
9984 4525 1
4992 4525 1
6123 4526 1
6250 4527 1
4699 4528 1
5651 4528 1
5185 4528 1
9985 4528 1
6467 4529 1
5485 4530 1
9986 4530 1
8929 4530 1
9987 4530 1
4845 4531 1
5459 4531 1
7315 4531 1
6096 4531 1
5887 4531 1
9988 4531 1
5909 4531 1
4851 4531 1
9989 4531 1
4821 4531 1
6455 4531 1
4900 4531 1
7074 4531 1
4534 4531 1
7351 4531 1
4854 4532 1
6069 4532 1
8377 4532 1
7150 4532 1
4827 4532 1
9519 4533 1
9990 4534 1
6107 4535 1
6855 4535 1
9991 4535 1
9992 4536 1
6873 4536 1
9993 4537 1
6162 4537 1
6121 4537 1
5450 4537 1
7382 4537 1
9994 4537 1
9995 4537 1
5918 4537 1
6093 4537 1
4571 4537 1
9996 4537 1
9997 4537 1
9998 4537 1
9999 4537 1
9615 4537 1
5707 4537 1
4756 4538 1
6844 4538 1
7369 4539 1
6220 4540 1
10000 4540 1
8556 4540 1
6543 4540 1
8337 4541 1
10001 4541 1
10002 4542 1
10003 4542 1
7537 4543 1
6037 4544 1
6411 4545 1
5841 4546 1
6399 4546 1
5208 4546 1
4906 4547 1
7321 4547 1
6250 4547 1
6907 4547 1
9058 4548 1
4803 4548 1
9976 4549 1
4992 4549 1
6932 4550 1
6376 4551 1
5423 4551 1
7128 4552 1
5668 4552 1
10004 4552 1
10005 4552 1
8645 4552 1
6263 4552 1
5480 4552 1
10006 4552 1
10007 4552 1
7305 4553 1
4889 4554 1
6038 4554 1
5474 4554 1
7014 4554 1
6753 4554 1
6048 4554 1
7286 4554 1
5914 4554 1
7251 4554 1
6555 4554 1
7105 4554 1
6461 4555 1
8997 4556 1
4617 4556 1
7297 4556 1
6555 4556 1
10008 4556 1
7460 4556 1
8179 4556 1
6351 4557 1
5058 4557 1
6819 4558 1
10009 4558 1
6633 4558 1
6098 4559 1
8735 4560 1
9446 4561 1
10010 4562 1
10011 4563 1
6662 4563 1
7319 4564 1
10012 4565 1
6291 4565 1
7369 4565 1
7312 4566 1
7304 4566 1
7149 4566 1
4756 4567 1
6844 4567 1
6451 4567 1
4816 4567 1
7315 4567 1
5477 4568 1
5182 4568 1
7771 4568 1
6768 4568 1
10013 4568 1
7611 4569 1
6608 4570 1
9670 4571 1
6748 4572 1
6994 4573 1
5256 4573 1
10014 4573 1
9237 4574 1
7903 4575 1
6713 4576 1
9645 4576 1
6750 4576 1
7500 4576 1
6453 4577 1
10015 4577 1
10016 4577 1
6808 4578 1
5723 4578 1
5406 4578 1
7503 4578 1
5165 4578 1
6159 4578 1
6486 4578 1
9120 4578 1
7413 4578 1
7105 4578 1
6823 4578 1
7369 4579 1
6145 4580 1
6541 4581 1
6890 4581 1
5442 4582 1
7946 4583 1
7591 4584 1
5132 4584 1
10017 4585 1
6312 4585 1
4775 4586 1
5052 4586 1
6290 4587 1
5165 4587 1
7155 4587 1
9048 4587 1
5151 4587 1
7834 4587 1
6932 4588 1
4735 4589 1
6376 4590 1
6235 4590 1
8443 4590 1
7369 4590 1
10018 4591 1
6458 4592 1
10019 4592 1
6433 4593 1
6498 4593 1
10020 4593 1
9044 4594 1
7324 4594 1
9269 4595 1
6727 4595 1
6186 4595 1
5721 4596 1
8227 4596 1
4629 4597 1
6334 4598 1
5879 4599 1
8956 4599 1
9205 4600 1
6098 4601 1
5392 4602 1
7321 4603 1
6326 4604 1
9193 4605 1
10021 4606 1
4795 4606 1
10022 4606 1
6340 4607 1
7470 4608 1
10023 4608 1
8435 4609 1
6916 4610 1
7260 4611 1
6423 4611 1
7338 4612 1
5480 4613 1
7169 4614 1
10024 4614 1
10025 4614 1
7200 4614 1
8884 4614 1
6750 4615 1
5093 4615 1
7188 4616 1
7225 4616 1
10026 4616 1
6657 4616 1
10027 4616 1
5414 4617 1
7249 4618 1
4820 4619 1
8914 4619 1
5204 4619 1
7748 4619 1
7749 4619 1
4968 4619 1
7449 4619 1
5619 4619 1
10028 4620 1
10029 4621 1
6145 4621 1
9056 4621 1
10030 4622 1
7301 4622 1
7211 4622 1
7318 4622 1
7286 4622 1
6621 4623 1
7297 4623 1
7745 4624 1
7644 4624 1
4880 4624 1
9309 4625 1
6765 4626 1
6655 4626 1
8256 4626 1
5351 4626 1
4934 4626 1
7422 4627 1
10031 4628 1
6253 4629 1
6104 4629 1
10032 4629 1
5760 4630 1
9759 4631 1
5164 4631 1
10033 4631 1
6098 4632 1
4826 4633 1
8583 4634 1
8607 4635 1
5145 4636 1
5474 4637 1
5121 4638 1
9135 4638 1
7471 4638 1
6448 4638 1
6074 4638 1
7591 4639 1
9037 4640 1
7021 4640 1
4845 4641 1
7236 4641 1
6660 4642 1
8873 4642 1
6989 4643 1
10034 4643 1
9779 4644 1
10035 4645 1
7717 4645 1
5694 4646 1
7380 4646 1
7036 4647 1
7324 4648 1
7147 4649 1
6122 4650 1
6688 4650 1
6907 4651 1
6293 4652 1
5351 4653 1
5216 4653 1
9263 4654 1
5128 4655 1
5923 4655 1
7373 4655 1
7122 4655 1
5512 4655 1
5720 4655 1
7327 4655 1
7153 4655 1
7307 4655 1
5041 4655 1
6174 4655 1
7166 4655 1
6181 4655 1
6281 4656 1
4678 4656 1
10036 4656 1
4817 4657 1
7181 4658 1
4662 4659 1
5651 4660 1
10037 4660 1
5848 4660 1
10038 4660 1
9941 4661 1
6188 4661 1
6666 4661 1
7131 4662 1
6631 4662 1
6755 4662 1
9728 4662 1
10039 4662 1
5727 4662 1
6884 4662 1
5775 4662 1
7712 4662 1
4976 4662 1
6157 4662 1
10040 4662 1
8428 4662 1
7062 4662 1
5209 4662 1
5766 4662 1
6904 4662 1
5330 4662 1
6655 4662 1
4930 4662 1
5848 4662 1
10041 4662 1
5575 4662 1
8614 4662 1
7096 4662 1
7715 4662 1
5581 4662 1
5529 4662 1
5201 4662 1
7338 4663 1
4702 4663 1
7315 4663 1
7286 4663 1
4732 4663 1
6426 4663 1
6542 4664 1
9233 4664 1
4852 4665 1
7034 4666 1
4672 4667 1
7476 4668 1
5837 4669 1
7324 4670 1
6701 4671 1
10042 4672 1
8610 4672 1
10043 4672 1
10044 4673 1
10045 4673 1
10046 4673 1
10047 4674 1
6892 4675 1
7272 4675 1
5582 4676 1
10048 4676 1
4840 4677 1
9030 4678 1
6265 4678 1
6281 4678 1
8768 4679 1
10049 4680 1
7369 4681 1
6250 4682 1
7312 4682 1
4879 4682 1
7887 4683 1
7111 4683 1
4962 4683 1
6335 4683 1
6705 4683 1
5713 4683 1
5448 4683 1
7168 4683 1
8307 4683 1
6947 4683 1
7073 4683 1
7190 4684 1
5058 4684 1
7460 4685 1
6438 4686 1
5414 4686 1
10050 4686 1
6410 4686 1
9412 4687 1
6022 4687 1
10051 4687 1
6856 4688 1
4870 4689 1
4793 4690 1
9717 4690 1
7369 4691 1
6750 4692 1
5311 4693 1
7324 4693 1
10052 4694 1
8869 4695 1
6617 4696 1
6332 4697 1
6436 4697 1
7262 4697 1
8600 4697 1
7501 4698 1
6719 4699 1
10053 4699 1
5287 4699 1
10054 4699 1
7717 4700 1
7324 4701 1
7338 4702 1
7315 4702 1
7286 4702 1
4732 4702 1
8579 4703 1
8746 4704 1
10055 4705 1
10056 4705 1
9469 4705 1
10057 4705 1
6313 4706 1
7537 4707 1
7501 4707 1
6467 4708 1
8977 4709 1
6279 4709 1
4785 4709 1
7401 4710 1
7476 4711 1
6023 4711 1
10058 4711 1
9012 4712 1
6270 4712 1
6445 4713 1
6080 4714 1
5351 4715 1
7750 4715 1
6491 4716 1
4837 4716 1
10059 4717 1
9167 4717 1
4841 4718 1
8468 4718 1
5935 4718 1
6021 4718 1
5238 4718 1
5081 4718 1
6180 4718 1
7243 4718 1
7101 4718 1
7338 4718 1
7315 4718 1
5145 4719 1
7558 4719 1
10060 4719 1
10061 4720 1
4768 4721 1
9932 4722 1
4865 4723 1
6817 4723 1
6195 4724 1
10062 4725 1
8551 4725 1
6145 4726 1
9044 4727 1
7324 4728 1
6535 4729 1
10063 4729 1
10064 4730 1
6479 4731 1
6823 4731 1
7338 4732 1
7315 4732 1
10065 4732 1
7230 4732 1
6744 4732 1
7318 4732 1
7291 4732 1
7979 4732 1
6467 4732 1
7286 4732 1
6426 4732 1
6555 4732 1
6106 4733 1
7260 4734 1
7201 4734 1
7415 4734 1
6423 4734 1
6463 4735 1
6544 4735 1
10066 4735 1
8809 4735 1
7382 4735 1
9192 4735 1
6902 4735 1
7313 4735 1
6282 4735 1
7012 4735 1
6421 4736 1
6988 4736 1
6113 4736 1
8951 4736 1
6380 4736 1
6254 4737 1
8210 4738 1
7263 4739 1
7826 4740 1
7825 4740 1
6949 4740 1
7491 4740 1
7497 4741 1
9338 4742 1
7288 4743 1
7265 4743 1
4773 4743 1
9397 4743 1
6098 4744 1
5947 4744 1
9129 4745 1
6199 4745 1
6011 4746 1
9078 4746 1
8662 4747 1
4779 4748 1
4829 4749 1
5728 4749 1
10067 4749 1
5142 4750 1
6510 4751 1
4865 4751 1
6817 4751 1
6770 4752 1
6458 4752 1
6529 4753 1
5538 4753 1
7594 4753 1
6187 4753 1
7369 4754 1
9476 4755 1
10068 4755 1
7208 4756 1
5521 4756 1
7064 4756 1
10069 4756 1
6180 4756 1
10070 4756 1
6425 4756 1
6412 4756 1
6844 4756 1
4816 4756 1
4777 4756 1
10071 4757 1
5844 4757 1
5024 4757 1
7193 4757 1
4917 4757 1
10072 4757 1
6537 4757 1
10073 4757 1
5465 4757 1
6436 4757 1
6974 4757 1
6037 4757 1
7322 4758 1
9804 4759 1
7422 4760 1
8164 4761 1
8165 4761 1
9103 4762 1
7324 4763 1
10074 4764 1
5450 4764 1
7146 4765 1
7148 4765 1
6522 4765 1
4771 4765 1
6295 4765 1
7321 4766 1
6250 4766 1
7304 4766 1
4879 4766 1
6520 4767 1
5725 4768 1
4796 4768 1
6298 4768 1
9310 4768 1
10075 4768 1
7977 4769 1
7349 4770 1
7146 4771 1
6522 4771 1
8871 4772 1
7265 4773 1
7208 4774 1
10076 4775 1
6469 4776 1
6136 4777 1
5450 4778 1
7210 4779 1
7527 4779 1
6116 4779 1
6162 4779 1
8185 4779 1
6458 4779 1
9198 4779 1
6867 4779 1
9089 4780 1
6623 4781 1
8603 4782 1
6144 4783 1
6988 4783 1
6113 4783 1
4800 4783 1
6380 4783 1
4811 4784 1
8977 4785 1
10077 4785 1
6279 4785 1
9750 4786 1
5135 4787 1
7171 4788 1
6298 4789 1
9593 4790 1
10078 4791 1
6254 4792 1
9717 4793 1
6769 4794 1
6932 4794 1
10079 4794 1
4992 4795 1
5984 4796 1
5712 4797 1
5728 4798 1
6486 4799 1
8022 4799 1
4840 4800 1
6144 4800 1
6988 4800 1
6113 4800 1
6043 4800 1
6380 4800 1
8022 4801 1
10080 4802 1
6639 4802 1
9058 4803 1
6484 4804 1
5041 4805 1
7305 4805 1
7322 4805 1
6321 4806 1
9447 4807 1
8598 4808 1
7263 4808 1
6486 4808 1
6037 4808 1
7232 4809 1
5890 4810 1
10081 4810 1
6467 4811 1
6488 4812 1
9497 4812 1
5984 4813 1
10082 4813 1
4837 4814 1
7112 4814 1
7413 4814 1
5562 4815 1
10083 4816 1
6451 4816 1
8759 4816 1
8807 4817 1
10084 4818 1
4908 4819 1
6051 4820 1
8914 4820 1
5204 4820 1
7195 4820 1
7449 4820 1
8859 4820 1
5459 4821 1
6096 4821 1
5887 4821 1
4851 4821 1
6455 4821 1
4900 4821 1
7351 4821 1
6755 4822 1
7548 4822 1
5611 4822 1
7144 4822 1
5635 4822 1
6924 4822 1
7131 4822 1
6794 4822 1
5066 4822 1
5529 4822 1
9045 4823 1
10085 4823 1
10086 4824 1
7396 4825 1
6135 4826 1
8890 4826 1
4854 4827 1
7259 4827 1
9075 4827 1
6069 4827 1
7150 4827 1
5868 4828 1
10067 4829 1
7455 4830 1
5257 4830 1
5142 4831 1
8829 4832 1
8007 4832 1
6535 4833 1
10087 4833 1
10088 4833 1
10089 4834 1
5296 4834 1
6544 4835 1
6489 4835 1
6834 4836 1
6688 4836 1
5406 4837 1
10090 4837 1
6491 4837 1
7329 4837 1
7112 4837 1
5423 4838 1
6020 4838 1
7696 4839 1
5709 4840 1
6144 4840 1
6988 4840 1
6113 4840 1
9931 4840 1
6043 4840 1
8348 4840 1
7338 4841 1
8468 4841 1
10091 4841 1
7301 4841 1
6136 4841 1
10092 4841 1
9953 4842 1
5815 4843 1
7101 4844 1
7236 4845 1
6130 4846 1
9021 4847 1
8126 4847 1
6695 4847 1
10093 4848 1
6376 4848 1
9374 4848 1
10094 4849 1
5406 4850 1
8637 4850 1
5459 4851 1
6096 4851 1
5887 4851 1
5909 4851 1
6455 4851 1
4900 4851 1
7351 4851 1
5152 4852 1
6932 4853 1
6069 4854 1
8377 4854 1
7150 4854 1
6362 4854 1
7260 4854 1
7568 4855 1
5285 4856 1
4867 4856 1
7339 4857 1
6126 4858 1
6701 4859 1
6330 4860 1
10095 4860 1
7382 4860 1
5868 4861 1
6098 4861 1
6463 4861 1
10096 4861 1
9073 4861 1
6744 4861 1
5604 4861 1
6655 4861 1
5848 4861 1
5213 4862 1
9074 4863 1
6467 4864 1
6314 4865 1
5345 4865 1
6510 4865 1
5688 4865 1
5803 4865 1
6495 4865 1
6817 4865 1
10097 4866 1
6198 4867 1
7338 4868 1
7081 4869 1
8743 4870 1
10098 4870 1
7236 4870 1
10099 4870 1
5820 4871 1
5823 4872 1
10100 4873 1
9094 4874 1
9929 4874 1
4912 4875 1
10101 4876 1
7369 4876 1
7324 4877 1
5992 4878 1
7321 4879 1
9054 4879 1
6250 4879 1
8693 4879 1
7020 4879 1
7745 4880 1
6698 4881 1
6184 4881 1
9196 4881 1
7209 4881 1
4926 4881 1
5253 4882 1
5906 4883 1
7460 4884 1
5663 4885 1
6084 4885 1
5950 4886 1
7741 4887 1
7382 4888 1
6428 4889 1
6038 4889 1
5474 4889 1
6637 4889 1
6068 4889 1
7014 4889 1
6753 4889 1
6048 4889 1
7101 4889 1
7286 4889 1
5914 4889 1
7251 4889 1
7105 4889 1
6119 4890 1
7591 4891 1
10102 4891 1
9338 4891 1
8829 4892 1
6467 4893 1
9797 4894 1
7369 4895 1
8985 4895 1
7171 4895 1
6122 4896 1
9099 4896 1
5902 4897 1
6550 4898 1
6744 4898 1
4904 4898 1
6486 4898 1
6768 4898 1
8760 4898 1
7262 4898 1
6389 4899 1
5459 4900 1
6096 4900 1
5887 4900 1
5909 4900 1
6455 4900 1
7351 4900 1
6098 4901 1
6932 4902 1
6149 4903 1
7262 4904 1
9214 4905 1
7529 4905 1
7321 4906 1
6250 4906 1
7020 4906 1
6907 4906 1
8817 4907 1
7447 4907 1
7087 4908 1
4924 4908 1
6969 4908 1
6209 4909 1
6162 4909 1
7485 4910 1
6257 4911 1
7180 4911 1
5532 4911 1
7725 4911 1
5871 4912 1
7315 4912 1
8240 4912 1
7230 4912 1
6744 4912 1
7286 4912 1
6426 4912 1
6877 4912 1
5019 4913 1
9771 4913 1
6657 4914 1
7136 4915 1
10103 4915 1
4992 4916 1
6537 4917 1
6974 4917 1
7324 4918 1
8461 4919 1
6567 4920 1
9768 4920 1
7760 4920 1
7136 4921 1
6845 4921 1
5664 4921 1
5371 4921 1
5927 4921 1
10104 4922 1
5304 4922 1
10105 4923 1
7087 4924 1
9621 4925 1
5369 4926 1
10106 4926 1
6978 4927 1
6329 4928 1
7180 4928 1
7266 4928 1
6006 4928 1
6989 4928 1
7317 4928 1
6608 4928 1
5864 4928 1
7121 4929 1
5663 4929 1
7176 4929 1
7579 4929 1
6108 4929 1
6084 4929 1
7065 4930 1
5801 4930 1
7116 4930 1
7697 4930 1
6755 4930 1
6884 4930 1
4976 4930 1
5345 4930 1
6849 4930 1
7062 4930 1
5013 4930 1
7144 4930 1
5848 4930 1
6933 4930 1
5261 4930 1
6943 4930 1
7051 4930 1
7032 4930 1
5544 4930 1
6924 4930 1
5529 4930 1
5925 4930 1
5192 4931 1
6655 4932 1
10107 4933 1
6705 4933 1
10108 4933 1
8407 4933 1
7168 4933 1
7008 4933 1
8256 4934 1
5351 4934 1
6655 4934 1
10109 4935 1
5184 4935 1
4997 4935 1
5231 4935 1
7106 4936 1
7136 4936 1
7075 4936 1
5341 4936 1
6882 4936 1
5212 4936 1
5126 4936 1
5756 4937 1
7604 4937 1
6568 4937 1
5730 4937 1
5297 4937 1
5569 4937 1
5224 4937 1
5335 4937 1
7129 4937 1
6655 4937 1
6863 4937 1
6999 4937 1
5835 4937 1
7067 4937 1
8033 4937 1
7173 4937 1
5124 4937 1
6859 4937 1
5584 4938 1
5683 4938 1
9556 4938 1
8325 4939 1
5542 4939 1
9660 4940 1
6486 4940 1
9912 4940 1
8497 4941 1
8324 4942 1
7261 4943 1
6950 4943 1
5851 4943 1
6102 4943 1
6508 4943 1
8890 4943 1
6731 4944 1
6923 4944 1
5663 4945 1
5842 4946 1
8004 4946 1
8083 4946 1
5394 4947 1
5719 4947 1
5425 4948 1
6119 4948 1
9676 4948 1
6720 4949 1
7369 4950 1
5312 4951 1
6655 4951 1
5756 4951 1
5944 4951 1
6568 4951 1
5569 4951 1
5335 4951 1
7129 4951 1
10110 4951 1
6883 4951 1
6656 4951 1
5527 4951 1
6765 4951 1
7100 4951 1
7173 4951 1
5584 4951 1
5231 4951 1
6872 4951 1
7302 4951 1
7113 4951 1
7309 4951 1
5543 4951 1
5278 4951 1
6703 4951 1
5351 4951 1
5218 4951 1
6566 4951 1
6318 4951 1
5389 4951 1
5683 4951 1
5224 4951 1
7093 4951 1
6874 4951 1
5301 4951 1
5418 4951 1
6768 4951 1
6863 4951 1
7102 4951 1
5835 4951 1
6757 4951 1
5320 4951 1
5549 4951 1
6859 4951 1
6945 4951 1
6628 4951 1
7118 4951 1
5927 4951 1
6985 4951 1
7159 4951 1
6680 4952 1
5496 4953 1
5031 4953 1
6743 4953 1
9215 4954 1
6058 4954 1
5153 4955 1
7066 4955 1
7011 4955 1
5776 4955 1
8534 4956 1
9349 4957 1
6733 4957 1
10111 4957 1
7297 4958 1
7612 4959 1
8659 4960 1
10112 4961 1
7887 4962 1
7111 4962 1
6705 4962 1
5713 4962 1
5448 4962 1
8307 4962 1
6947 4962 1
7073 4962 1
6335 4962 1
7168 4962 1
5533 4963 1
5413 4963 1
5893 4963 1
5312 4963 1
7203 4963 1
6845 4963 1
10113 4963 1
7820 4964 1
5848 4965 1
8231 4966 1
6201 4966 1
5828 4967 1
5204 4968 1
7748 4968 1
7749 4968 1
7215 4968 1
5619 4968 1
8409 4969 1
5159 4970 1
7699 4971 1
7651 4972 1
7005 4973 1
5632 4973 1
5583 4973 1
7140 4974 1
9255 4974 1
7857 4974 1
6555 4974 1
7855 4974 1
5907 4974 1
7860 4974 1
6324 4975 1
6849 4976 1
7144 4976 1
7018 4976 1
5848 4976 1
5801 4976 1
7116 4976 1
7697 4976 1
6755 4976 1
6884 4976 1
5345 4976 1
5228 4976 1
7062 4976 1
6933 4976 1
5261 4976 1
6943 4976 1
4994 4976 1
7051 4976 1
7032 4976 1
6924 4976 1
5529 4976 1
5925 4976 1
10114 4977 1
5257 4977 1
5892 4978 1
6321 4979 1
10115 4980 1
6915 4980 1
8092 4980 1
7919 4980 1
5169 4981 1
5215 4982 1
6596 4982 1
8372 4982 1
5629 4982 1
6619 4983 1
8659 4983 1
10116 4983 1
10117 4983 1
6755 4984 1
5953 4984 1
6247 4984 1
5823 4985 1
8028 4986 1
8030 4986 1
7158 4987 1
5426 4988 1
7867 4988 1
10118 4988 1
5863 4989 1
8765 4990 1
6491 4991 1
7329 4991 1
9984 4992 1
6381 4992 1
6723 4992 1
5992 4992 1
10119 4992 1
7786 4992 1
5357 4992 1
6577 4992 1
8145 4992 1
10120 4992 1
8958 4992 1
7468 4992 1
10121 4992 1
5045 4992 1
5318 4992 1
5861 4992 1
5848 4992 1
7269 4992 1
7297 4992 1
7089 4993 1
7697 4994 1
6943 4994 1
5544 4994 1
5068 4995 1
5999 4995 1
5739 4995 1
6572 4995 1
5883 4995 1
7005 4996 1
6774 4996 1
5474 4996 1
5018 4996 1
5699 4996 1
5366 4996 1
6605 4996 1
6839 4996 1
7297 4996 1
6671 4996 1
6743 4996 1
7820 4996 1
6555 4996 1
6699 4996 1
10122 4996 1
7184 4997 1
6539 4997 1
7620 4997 1
5243 4997 1
5978 4997 1
6916 4997 1
5184 4997 1
10123 4998 1
6051 4998 1
10124 4998 1
8320 4998 1
6942 4999 1
7433 4999 1
5392 5000 1
6578 5000 1
10125 5001 1
10126 5002 1
5632 5002 1
8262 5002 1
9559 5002 1
10127 5002 1
10128 5002 1
10129 5003 1
6950 5003 1
10130 5003 1
6963 5003 1
10131 5003 1
10132 5003 1
9401 5004 1
10133 5005 1
8486 5005 1
6649 5005 1
5653 5005 1
5997 5006 1
8643 5006 1
5454 5006 1
6178 5007 1
7776 5008 1
10134 5008 1
5563 5009 1
7077 5009 1
6241 5010 1
6575 5010 1
7044 5010 1
6217 5010 1
5557 5010 1
9668 5011 1
9237 5012 1
5805 5012 1
5606 5012 1
8081 5012 1
7800 5012 1
5017 5012 1
5627 5012 1
5679 5012 1
5177 5012 1
5424 5012 1
7065 5013 1
5801 5013 1
7116 5013 1
7697 5013 1
5345 5013 1
7062 5013 1
7018 5013 1
5261 5013 1
6943 5013 1
7032 5013 1
5544 5013 1
5925 5013 1
5998 5014 1
10135 5014 1
6655 5015 1
5111 5016 1
5686 5016 1
8633 5016 1
8974 5016 1
6591 5017 1
7800 5017 1
5627 5017 1
5606 5017 1
5177 5017 1
6762 5018 1
7855 5018 1
8054 5018 1
10136 5018 1
7820 5018 1
9771 5019 1
5684 5019 1
5300 5019 1
9429 5020 1
9430 5020 1
6040 5021 1
7217 5022 1
5402 5023 1
5628 5023 1
5681 5023 1
10137 5023 1
10138 5023 1
6742 5024 1
7193 5024 1
7091 5024 1
6537 5024 1
6436 5024 1
6974 5024 1
7262 5024 1
8011 5025 1
6194 5026 1
8490 5027 1
7829 5028 1
7509 5029 1
7005 5030 1
10139 5030 1
5954 5030 1
5300 5030 1
5094 5030 1
6743 5031 1
8626 5032 1
5156 5033 1
10132 5034 1
5993 5035 1
7382 5036 1
6748 5037 1
5159 5038 1
5563 5039 1
5089 5039 1
5693 5039 1
6801 5039 1
7080 5039 1
7625 5039 1
9785 5040 1
7122 5041 1
7307 5041 1
7373 5041 1
5512 5041 1
7327 5041 1
6078 5041 1
7153 5041 1
6174 5041 1
7166 5041 1
5720 5041 1
6181 5041 1
7795 5042 1
7827 5043 1
10140 5043 1
6639 5043 1
9677 5044 1
7585 5044 1
10141 5045 1
6932 5045 1
10142 5046 1
5962 5047 1
7509 5048 1
6719 5049 1
5651 5049 1
7285 5049 1
7585 5049 1
6708 5049 1
5597 5050 1
7894 5051 1
7321 5052 1
6250 5052 1
7304 5052 1
6907 5052 1
5649 5053 1
5121 5053 1
10143 5054 1
10144 5054 1
8073 5055 1
6587 5055 1
5621 5055 1
5298 5056 1
8493 5056 1
7396 5057 1
10145 5058 1
10146 5058 1
7190 5058 1
10147 5058 1
10148 5058 1
6351 5058 1
7214 5058 1
7948 5058 1
6139 5058 1
10149 5059 1
6528 5060 1
9081 5060 1
6091 5060 1
6719 5061 1
5651 5061 1
10150 5061 1
5411 5062 1
6847 5062 1
5234 5062 1
6768 5062 1
6790 5062 1
7002 5062 1
5620 5062 1
6785 5062 1
7061 5062 1
6696 5063 1
5777 5064 1
5466 5064 1
6624 5064 1
5502 5064 1
5153 5064 1
5483 5064 1
5880 5064 1
5598 5064 1
5789 5064 1
5814 5065 1
7332 5066 1
6755 5066 1
5611 5066 1
6849 5066 1
5228 5066 1
7144 5066 1
5848 5066 1
6924 5066 1
6450 5066 1
7131 5066 1
6794 5066 1
5544 5066 1
5529 5066 1
10151 5066 1
5859 5067 1
6251 5067 1
7844 5068 1
7900 5068 1
5241 5068 1
5999 5068 1
5869 5068 1
6908 5068 1
6572 5068 1
7845 5068 1
5958 5068 1
5739 5068 1
5883 5068 1
7718 5069 1
7129 5070 1
7135 5071 1
10111 5071 1
9349 5071 1
5615 5072 1
7452 5073 1
5121 5073 1
7138 5073 1
6007 5073 1
6823 5074 1
6860 5075 1
6649 5076 1
9727 5077 1
8790 5077 1
5173 5077 1
10152 5078 1
6960 5079 1
9635 5080 1
5546 5081 1
5815 5081 1
7162 5081 1
7338 5081 1
7315 5081 1
5767 5082 1
8830 5083 1
8256 5084 1
10153 5084 1
6219 5085 1
7369 5085 1
5591 5085 1
5881 5085 1
10154 5085 1
6457 5085 1
7887 5086 1
6738 5087 1
6987 5087 1
5484 5087 1
5597 5087 1
7658 5087 1
6859 5087 1
6930 5087 1
6555 5087 1
5816 5088 1
7814 5088 1
6777 5088 1
7588 5088 1
5693 5089 1
6801 5089 1
7080 5089 1
5563 5089 1
7625 5089 1
7077 5089 1
6803 5089 1
10155 5090 1
10156 5090 1
5850 5091 1
9334 5092 1
6750 5093 1
10157 5094 1
7369 5095 1
6655 5096 1
7795 5097 1
10158 5097 1
10159 5098 1
7086 5098 1
7748 5098 1
8205 5098 1
7181 5099 1
10078 5100 1
5937 5100 1
8049 5101 1
6530 5102 1
6508 5102 1
6855 5103 1
6569 5104 1
8039 5104 1
5750 5105 1
5710 5106 1
6932 5107 1
7024 5108 1
9276 5109 1
5481 5109 1
5919 5109 1
6960 5109 1
5444 5109 1
7057 5109 1
7160 5109 1
5235 5109 1
8375 5109 1
6991 5109 1
5484 5109 1
5303 5109 1
5628 5109 1
6798 5109 1
7179 5109 1
5729 5109 1
5949 5109 1
5773 5109 1
7102 5109 1
6859 5109 1
10160 5109 1
6555 5109 1
7640 5109 1
5427 5109 1
8256 5110 1
6996 5110 1
6975 5110 1
6953 5110 1
5686 5111 1
8633 5111 1
7915 5112 1
5559 5112 1
6683 5112 1
7074 5112 1
10161 5113 1
8446 5113 1
6927 5113 1
5352 5113 1
7766 5114 1
9162 5115 1
7259 5116 1
10162 5116 1
5288 5117 1
7687 5117 1
5866 5117 1
7585 5118 1
5257 5119 1
10163 5120 1
7062 5120 1
6925 5121 1
7452 5121 1
5849 5121 1
5540 5121 1
7010 5121 1
10164 5121 1
7157 5121 1
9392 5121 1
7733 5121 1
10165 5121 1
10166 5121 1
5439 5121 1
7975 5121 1
9135 5121 1
7471 5121 1
6768 5121 1
6605 5121 1
7453 5121 1
10167 5121 1
10168 5121 1
6007 5121 1
6990 5121 1
5385 5122 1
5348 5123 1
8684 5123 1
7604 5124 1
5297 5124 1
6999 5124 1
7067 5124 1
8033 5124 1
10169 5125 1
7324 5125 1
7106 5126 1
7155 5126 1
6555 5126 1
5573 5126 1
7136 5126 1
7378 5126 1
7380 5126 1
6970 5127 1
5923 5128 1
7122 5128 1
5720 5128 1
7327 5128 1
7307 5128 1
6181 5128 1
7050 5129 1
6972 5130 1
7034 5130 1
5484 5131 1
8323 5131 1
7591 5132 1
9290 5133 1
10170 5133 1
5335 5133 1
5879 5134 1
10171 5135 1
6986 5135 1
8020 5135 1
5344 5135 1
6826 5135 1
7012 5135 1
5853 5136 1
6557 5136 1
7660 5136 1
7674 5136 1
5463 5136 1
7676 5136 1
5553 5136 1
6903 5136 1
6981 5137 1
7704 5137 1
6776 5138 1
6800 5138 1
9941 5139 1
7155 5140 1
6883 5141 1
10172 5142 1
7324 5143 1
6960 5144 1
7537 5145 1
7558 5145 1
9723 5145 1
10173 5146 1
5893 5146 1
7203 5146 1
6845 5146 1
5533 5146 1
5492 5146 1
10174 5147 1
6800 5147 1
10175 5147 1
10176 5147 1
5777 5148 1
5598 5148 1
10049 5149 1
6805 5149 1
5263 5150 1
6443 5150 1
7281 5150 1
6290 5151 1
7670 5151 1
7766 5151 1
7136 5151 1
5274 5151 1
5165 5151 1
7767 5151 1
6724 5151 1
5768 5151 1
6858 5151 1
5342 5151 1
5341 5151 1
5287 5151 1
6863 5151 1
6870 5151 1
7155 5151 1
5324 5151 1
5212 5151 1
7314 5151 1
6204 5151 1
5163 5151 1
7834 5151 1
8609 5152 1
10177 5153 1
5777 5153 1
6624 5153 1
10178 5153 1
5502 5153 1
7066 5153 1
5483 5153 1
5880 5153 1
5447 5153 1
5598 5153 1
7011 5153 1
5776 5153 1
5789 5153 1
6118 5154 1
5316 5155 1
6961 5156 1
10179 5156 1
10180 5156 1
10181 5156 1
6343 5156 1
10182 5156 1
8276 5156 1
10183 5156 1
10184 5156 1
10185 5156 1
10186 5156 1
7084 5156 1
10187 5156 1
10188 5156 1
6369 5157 1
5384 5157 1
8002 5158 1
6389 5158 1
5905 5159 1
10189 5159 1
7164 5159 1
7161 5159 1
7136 5159 1
6805 5159 1
9620 5159 1
7203 5159 1
6845 5159 1
10190 5159 1
5664 5159 1
10191 5159 1
10192 5159 1
6345 5159 1
6185 5159 1
6558 5159 1
10193 5159 1
5371 5159 1
7098 5159 1
5927 5159 1
6867 5159 1
7309 5160 1
10194 5160 1
6830 5160 1
10195 5160 1
7155 5161 1
5412 5162 1
5313 5162 1
7670 5163 1
6962 5163 1
5790 5163 1
5809 5163 1
6858 5163 1
5342 5163 1
7106 5163 1
5257 5163 1
7155 5163 1
10196 5163 1
5324 5163 1
6902 5163 1
6204 5163 1
5467 5163 1
8476 5163 1
9759 5164 1
6290 5165 1
5876 5165 1
6684 5165 1
5672 5165 1
7136 5165 1
5723 5165 1
5274 5165 1
5790 5165 1
6348 5165 1
6657 5165 1
6890 5165 1
7767 5165 1
6724 5165 1
6847 5165 1
7972 5165 1
5768 5165 1
7075 5165 1
6858 5165 1
5196 5165 1
5341 5165 1
7106 5165 1
6486 5165 1
7088 5165 1
8176 5165 1
7818 5165 1
5287 5165 1
6863 5165 1
6870 5165 1
7155 5165 1
5346 5165 1
7105 5165 1
7834 5165 1
10197 5166 1
8565 5167 1
6932 5168 1
9000 5168 1
5470 5169 1
10198 5170 1
7297 5170 1
10199 5171 1
6766 5171 1
7305 5171 1
8089 5171 1
5507 5171 1
5872 5171 1
7053 5171 1
5818 5172 1
7894 5173 1
6203 5174 1
7769 5175 1
6555 5176 1
6591 5177 1
5805 5177 1
7800 5177 1
5627 5177 1
5606 5177 1
5316 5178 1
6709 5179 1
5501 5180 1
8242 5181 1
7771 5182 1
5477 5182 1
6768 5182 1
7722 5183 1
5231 5184 1
10109 5184 1
5651 5185 1
8921 5186 1
5511 5186 1
6573 5187 1
6655 5187 1
8087 5188 1
5287 5188 1
10152 5188 1
5974 5189 1
6891 5189 1
8711 5189 1
10200 5189 1
10201 5190 1
8138 5191 1
5829 5191 1
6461 5192 1
7218 5192 1
5527 5193 1
10202 5194 1
10203 5194 1
8075 5195 1
9439 5195 1
7075 5196 1
6773 5196 1
7402 5196 1
5363 5197 1
7140 5198 1
7374 5199 1
6089 5199 1
6932 5200 1
7320 5200 1
7656 5200 1
5854 5200 1
6774 5200 1
7653 5200 1
5848 5201 1
8946 5202 1
10204 5202 1
7178 5202 1
6131 5203 1
10205 5204 1
10206 5204 1
10207 5204 1
7748 5204 1
7749 5204 1
7215 5204 1
5619 5204 1
8682 5205 1
6932 5205 1
10208 5205 1
10209 5205 1
8443 5206 1
5975 5207 1
8319 5207 1
5841 5208 1
6399 5208 1
9728 5209 1
5848 5209 1
5997 5210 1
5722 5211 1
7670 5212 1
5342 5212 1
7136 5212 1
7075 5212 1
7088 5212 1
5706 5212 1
7155 5212 1
6667 5212 1
7226 5213 1
5649 5213 1
7995 5214 1
5471 5214 1
5629 5215 1
6932 5215 1
5985 5215 1
9603 5216 1
10210 5216 1
7975 5217 1
10211 5218 1
5584 5218 1
5231 5218 1
6872 5218 1
7302 5218 1
5543 5218 1
5278 5218 1
6765 5218 1
6703 5218 1
5312 5218 1
5683 5218 1
7100 5218 1
7093 5218 1
7129 5218 1
7159 5218 1
7102 5218 1
6757 5218 1
5320 5218 1
5549 5218 1
7173 5218 1
6945 5218 1
6628 5218 1
7118 5218 1
6985 5218 1
7962 5219 1
6328 5220 1
8035 5221 1
6932 5222 1
10212 5222 1
10213 5222 1
10214 5222 1
6572 5223 1
6898 5224 1
5756 5224 1
6568 5224 1
5569 5224 1
5335 5224 1
7129 5224 1
6655 5224 1
6863 5224 1
7173 5224 1
6859 5224 1
5879 5225 1
10215 5225 1
7975 5225 1
6768 5225 1
5500 5226 1
7369 5227 1
7332 5228 1
5611 5228 1
7144 5228 1
5848 5228 1
10216 5228 1
6450 5228 1
5529 5228 1
6849 5228 1
6933 5228 1
6943 5228 1
7051 5228 1
6701 5229 1
5948 5229 1
7526 5230 1
10217 5230 1
6098 5230 1
6403 5230 1
5641 5230 1
6364 5230 1
6872 5231 1
7302 5231 1
7113 5231 1
7309 5231 1
8087 5231 1
5278 5231 1
6765 5231 1
6703 5231 1
5351 5231 1
6318 5231 1
5389 5231 1
5683 5231 1
7100 5231 1
7093 5231 1
7129 5231 1
5301 5231 1
7159 5231 1
5418 5231 1
7102 5231 1
5835 5231 1
5320 5231 1
6916 5231 1
5549 5231 1
7173 5231 1
6945 5231 1
6628 5231 1
7118 5231 1
6985 5231 1
10218 5231 1
6854 5232 1
7244 5233 1
5411 5234 1
6847 5234 1
10219 5234 1
7061 5234 1
6749 5234 1
6768 5234 1
6790 5234 1
7002 5234 1
5620 5234 1
6667 5234 1
10220 5234 1
10160 5235 1
6182 5236 1
9883 5236 1
6256 5237 1
7436 5238 1
6021 5238 1
6180 5238 1
7243 5238 1
5286 5238 1
7149 5238 1
7338 5238 1
7315 5238 1
9751 5238 1
8730 5239 1
6942 5240 1
7900 5241 1
5869 5241 1
5958 5241 1
6693 5242 1
5675 5243 1
6588 5243 1
6655 5243 1
6386 5243 1
6609 5243 1
6737 5243 1
5868 5243 1
7184 5243 1
7580 5243 1
5477 5243 1
7620 5243 1
5938 5243 1
5978 5243 1
6852 5244 1
10141 5245 1
7005 5246 1
6774 5246 1
7132 5246 1
7297 5246 1
6743 5246 1
6775 5246 1
6555 5246 1
6731 5247 1
6891 5248 1
7148 5248 1
6679 5248 1
7865 5248 1
6555 5248 1
7867 5248 1
5649 5249 1
6879 5249 1
8918 5250 1
7305 5251 1
5412 5252 1
5313 5252 1
9122 5253 1
6872 5254 1
7113 5254 1
7309 5254 1
7129 5254 1
5301 5254 1
7102 5254 1
5835 5254 1
6515 5254 1
6830 5254 1
6628 5254 1
7110 5255 1
8994 5255 1
6994 5256 1
8701 5256 1
5708 5256 1
10014 5256 1
6962 5257 1
8908 5257 1
7455 5257 1
6636 5257 1
6926 5257 1
8089 5257 1
7052 5257 1
5324 5257 1
6793 5257 1
7031 5257 1
6858 5258 1
7630 5259 1
10221 5260 1
7152 5260 1
10222 5260 1
7065 5261 1
5801 5261 1
7116 5261 1
7697 5261 1
6755 5261 1
6884 5261 1
5345 5261 1
6849 5261 1
7062 5261 1
7144 5261 1
7018 5261 1
5848 5261 1
6933 5261 1
6943 5261 1
7051 5261 1
7032 5261 1
5544 5261 1
6924 5261 1
5529 5261 1
5925 5261 1
6858 5262 1
6761 5262 1
7123 5263 1
7293 5263 1
9161 5263 1
10223 5263 1
6971 5264 1
7694 5264 1
6605 5264 1
6218 5265 1
7129 5266 1
5549 5267 1
7941 5268 1
10224 5268 1
5586 5269 1
6951 5269 1
8211 5270 1
6236 5271 1
8737 5271 1
6466 5271 1
10225 5271 1
7809 5272 1
5288 5273 1
5866 5273 1
5987 5273 1
6724 5274 1
5768 5274 1
6858 5274 1
7818 5274 1
5287 5274 1
6863 5274 1
7155 5274 1
7846 5275 1
5385 5276 1
8337 5277 1
5584 5278 1
6872 5278 1
7302 5278 1
7113 5278 1
7309 5278 1
5543 5278 1
6765 5278 1
6703 5278 1
6318 5278 1
5683 5278 1
7100 5278 1
7093 5278 1
7129 5278 1
7159 5278 1
5418 5278 1
7102 5278 1
6757 5278 1
5320 5278 1
5549 5278 1
7173 5278 1
6945 5278 1
6628 5278 1
7118 5278 1
6985 5278 1
10226 5279 1
10227 5280 1
6300 5280 1
9502 5280 1
7187 5280 1
6693 5280 1
6932 5281 1
6321 5282 1
5644 5283 1
9598 5284 1
5768 5284 1
6198 5285 1
7149 5286 1
6872 5287 1
5756 5287 1
8087 5287 1
8524 5287 1
6765 5287 1
6724 5287 1
5768 5287 1
5437 5287 1
6858 5287 1
7818 5287 1
6863 5287 1
6859 5287 1
5652 5287 1
6930 5287 1
9014 5288 1
5714 5288 1
5900 5288 1
7687 5288 1
5866 5288 1
5648 5288 1
6867 5289 1
7155 5290 1
6261 5291 1
5538 5292 1
7594 5292 1
6035 5292 1
5316 5293 1
9693 5293 1
5870 5294 1
6776 5295 1
6800 5295 1
8733 5296 1
8033 5297 1
8493 5298 1
7108 5299 1
5743 5299 1
7542 5299 1
9771 5300 1
6872 5301 1
7113 5301 1
7309 5301 1
6703 5301 1
6318 5301 1
5389 5301 1
7100 5301 1
7129 5301 1
7159 5301 1
5418 5301 1
7102 5301 1
5835 5301 1
6757 5301 1
5320 5301 1
5549 5301 1
6628 5301 1
6985 5301 1
6932 5302 1
5481 5303 1
6960 5303 1
5444 5303 1
7057 5303 1
7160 5303 1
6991 5303 1
5484 5303 1
5628 5303 1
6798 5303 1
7179 5303 1
5729 5303 1
5949 5303 1
5773 5303 1
7102 5303 1
6859 5303 1
6555 5303 1
5847 5303 1
7640 5303 1
5427 5303 1
10228 5304 1
10229 5305 1
8082 5305 1
7698 5306 1
8352 5307 1
8022 5308 1
5615 5309 1
5688 5310 1
5803 5310 1
7324 5311 1
5543 5312 1
5413 5312 1
5893 5312 1
6845 5312 1
7129 5312 1
5412 5313 1
7188 5313 1
6925 5314 1
5627 5315 1
6281 5316 1
9693 5316 1
6837 5317 1
8540 5317 1
5770 5317 1
5858 5317 1
10230 5318 1
10231 5318 1
6764 5319 1
7217 5319 1
6872 5320 1
7302 5320 1
7113 5320 1
7309 5320 1
6765 5320 1
6318 5320 1
5389 5320 1
5683 5320 1
7093 5320 1
7129 5320 1
7159 5320 1
5418 5320 1
7102 5320 1
5835 5320 1
7173 5320 1
6945 5320 1
6628 5320 1
6985 5320 1
6000 5321 1
8241 5322 1
7034 5323 1
5584 5324 1
6962 5324 1
7763 5324 1
5790 5324 1
5809 5324 1
7612 5324 1
10232 5325 1
6743 5325 1
8082 5326 1
6960 5327 1
6806 5327 1
10233 5328 1
6776 5329 1
6800 5329 1
5727 5330 1
6884 5330 1
6904 5330 1
7902 5330 1
9026 5331 1
5903 5331 1
5477 5332 1
5499 5332 1
7795 5332 1
7076 5332 1
9475 5332 1
8347 5332 1
10234 5333 1
10041 5334 1
5756 5335 1
5944 5335 1
6765 5335 1
6568 5335 1
10235 5335 1
5569 5335 1
7129 5335 1
6874 5335 1
6655 5335 1
6863 5335 1
6883 5335 1
5835 5335 1
7173 5335 1
6859 5335 1
6656 5335 1
5624 5335 1
8004 5336 1
8083 5336 1
5595 5337 1
5588 5338 1
9360 5338 1
5386 5338 1
5988 5338 1
5732 5338 1
6238 5339 1
6867 5340 1
10236 5341 1
7136 5341 1
7075 5341 1
5343 5341 1
7088 5341 1
7155 5341 1
7353 5342 1
6879 5342 1
7670 5342 1
7136 5342 1
6847 5342 1
7106 5342 1
5706 5342 1
6870 5342 1
7155 5342 1
7084 5342 1
6204 5342 1
7088 5343 1
7155 5343 1
8020 5344 1
6826 5344 1
10237 5344 1
10171 5344 1
7065 5345 1
7131 5345 1
7777 5345 1
5801 5345 1
7116 5345 1
10238 5345 1
6314 5345 1
7697 5345 1
6755 5345 1
6884 5345 1
5775 5345 1
6849 5345 1
7062 5345 1
5766 5345 1
7018 5345 1
5848 5345 1
6943 5345 1
7051 5345 1
7032 5345 1
6495 5345 1
5544 5345 1
6924 5345 1
6817 5345 1
5529 5345 1
5925 5345 1
6510 5345 1
7155 5346 1
7849 5347 1
10239 5348 1
5351 5349 1
6508 5350 1
6872 5351 1
8256 5351 1
7309 5351 1
6765 5351 1
7180 5351 1
5413 5351 1
5893 5351 1
6318 5351 1
10240 5351 1
5864 5351 1
7620 5351 1
7266 5351 1
7750 5351 1
7203 5351 1
8023 5351 1
6845 5351 1
7129 5351 1
10241 5351 1
6655 5351 1
10242 5351 1
10243 5351 1
6256 5351 1
7271 5351 1
6365 5351 1
6989 5351 1
5835 5351 1
6515 5351 1
5760 5351 1
10244 5351 1
10245 5351 1
8918 5351 1
6830 5351 1
7118 5351 1
6622 5351 1
6608 5351 1
10246 5351 1
7128 5352 1
10161 5352 1
10247 5352 1
10248 5353 1
7297 5354 1
7766 5355 1
6915 5356 1
6865 5357 1
8821 5357 1
9979 5358 1
6337 5359 1
6327 5360 1
7369 5361 1
6932 5362 1
8434 5362 1
10249 5363 1
5511 5363 1
10250 5363 1
6217 5363 1
6700 5364 1
5710 5365 1
5934 5366 1
6605 5366 1
10251 5367 1
6305 5368 1
10106 5369 1
6500 5370 1
6845 5371 1
5664 5371 1
6767 5371 1
10252 5372 1
6867 5373 1
6816 5374 1
6674 5374 1
5970 5375 1
7620 5375 1
6655 5375 1
5563 5376 1
10253 5376 1
6603 5377 1
6627 5377 1
10254 5377 1
5951 5377 1
8394 5378 1
6240 5379 1
10255 5379 1
10256 5379 1
7823 5380 1
6854 5381 1
6617 5382 1
10257 5383 1
8618 5383 1
6661 5384 1
7143 5384 1
6655 5384 1
6768 5384 1
10258 5384 1
10259 5384 1
5927 5384 1
10260 5385 1
9472 5385 1
8012 5385 1
10261 5385 1
8013 5385 1
5588 5386 1
9360 5386 1
5988 5386 1
5732 5386 1
6627 5387 1
6390 5388 1
5584 5389 1
6872 5389 1
7113 5389 1
7309 5389 1
6703 5389 1
6318 5389 1
5683 5389 1
7100 5389 1
7159 5389 1
5418 5389 1
7102 5389 1
6757 5389 1
5549 5389 1
6628 5389 1
6985 5389 1
8167 5390 1
8168 5390 1
6416 5390 1
5722 5391 1
9539 5392 1
5578 5392 1
6578 5392 1
10262 5392 1
6315 5392 1
6074 5393 1
8568 5394 1
6592 5395 1
5809 5396 1
5477 5397 1
10263 5397 1
6655 5397 1
6768 5397 1
10264 5397 1
7028 5398 1
6922 5399 1
10265 5399 1
6467 5400 1
10266 5401 1
7000 5401 1
6762 5402 1
5681 5402 1
6910 5402 1
7972 5403 1
6753 5403 1
10267 5403 1
7315 5403 1
10268 5403 1
7286 5403 1
6555 5403 1
10269 5404 1
6932 5404 1
10270 5404 1
5892 5405 1
9893 5405 1
9895 5405 1
6808 5406 1
5723 5406 1
6206 5406 1
7503 5406 1
6159 5406 1
6854 5406 1
6486 5406 1
7216 5406 1
6823 5406 1
10271 5407 1
6110 5408 1
7189 5408 1
7324 5408 1
10272 5409 1
10273 5409 1
7305 5409 1
6064 5410 1
6847 5411 1
7061 5411 1
6768 5411 1
6790 5411 1
7002 5411 1
5620 5411 1
7188 5412 1
5893 5413 1
7203 5413 1
6845 5413 1
10113 5413 1
6162 5414 1
10274 5414 1
7265 5414 1
6832 5415 1
5439 5416 1
6416 5417 1
7529 5417 1
5584 5418 1
6872 5418 1
7302 5418 1
7113 5418 1
7309 5418 1
6765 5418 1
6703 5418 1
6318 5418 1
5683 5418 1
7100 5418 1
7093 5418 1
7129 5418 1
7159 5418 1
7102 5418 1
6757 5418 1
5549 5418 1
6945 5418 1
7118 5418 1
6985 5418 1
5500 5419 1
7994 5419 1
5542 5420 1
10275 5420 1
8489 5421 1
6461 5422 1
9218 5422 1
6376 5423 1
8081 5424 1
6119 5425 1
9676 5425 1
6258 5426 1
8398 5426 1
8399 5426 1
7867 5426 1
5481 5427 1
5919 5427 1
6960 5427 1
5444 5427 1
7057 5427 1
7160 5427 1
6991 5427 1
5484 5427 1
5628 5427 1
6798 5427 1
7179 5427 1
5729 5427 1
5949 5427 1
5773 5427 1
7102 5427 1
6859 5427 1
6555 5427 1
5847 5427 1
7640 5427 1
10276 5428 1
6412 5429 1
5622 5430 1
8201 5431 1
6950 5432 1
7941 5433 1
10277 5434 1
7649 5434 1
10278 5434 1
9677 5435 1
10279 5436 1
6604 5437 1
5836 5438 1
10280 5438 1
8020 5439 1
7472 5439 1
10281 5439 1
7034 5440 1
10282 5440 1
10283 5441 1
10284 5441 1
10285 5441 1
10286 5442 1
7060 5442 1
6727 5442 1
6204 5442 1
6203 5442 1
5887 5443 1
5481 5444 1
5919 5444 1
6960 5444 1
7057 5444 1
7160 5444 1
6991 5444 1
5484 5444 1
5628 5444 1
6798 5444 1
7179 5444 1
5729 5444 1
5949 5444 1
5773 5444 1
7102 5444 1
6859 5444 1
6555 5444 1
5847 5444 1
7640 5444 1
6971 5445 1
5884 5446 1
8358 5446 1
5777 5447 1
5466 5447 1
6624 5447 1
5502 5447 1
5789 5447 1
5598 5447 1
8376 5447 1
7887 5448 1
7111 5448 1
6335 5448 1
6705 5448 1
5713 5448 1
8307 5448 1
6947 5448 1
7073 5448 1
5590 5449 1
6098 5450 1
7228 5451 1
5507 5451 1
10287 5452 1
8611 5452 1
6555 5452 1
5458 5453 1
10288 5454 1
6719 5454 1
5997 5454 1
6760 5454 1
7742 5455 1
10289 5456 1
7206 5457 1
6316 5457 1
9085 5457 1
7300 5457 1
7369 5457 1
10290 5458 1
6096 5459 1
5887 5459 1
5909 5459 1
6455 5459 1
7351 5459 1
10276 5460 1
7865 5460 1
6932 5461 1
9283 5462 1
6557 5463 1
6903 5463 1
7675 5463 1
5853 5463 1
5799 5463 1
6716 5464 1
7135 5464 1
7722 5464 1
5484 5464 1
6981 5464 1
10072 5465 1
5777 5466 1
6624 5466 1
7066 5466 1
5483 5466 1
5880 5466 1
5598 5466 1
6868 5466 1
5789 5466 1
6667 5467 1
6800 5468 1
6619 5469 1
5797 5470 1
10291 5470 1
7995 5471 1
7002 5472 1
7712 5473 1
6428 5474 1
6038 5474 1
6637 5474 1
7014 5474 1
6340 5474 1
6753 5474 1
6048 5474 1
6467 5474 1
7101 5474 1
7286 5474 1
5914 5474 1
7251 5474 1
6555 5474 1
7105 5474 1
5860 5474 1
7338 5474 1
5609 5475 1
6686 5475 1
8358 5475 1
10292 5476 1
5905 5477 1
7771 5477 1
5499 5477 1
7061 5477 1
10293 5477 1
7795 5477 1
7076 5477 1
6655 5477 1
6768 5477 1
6859 5477 1
7092 5477 1
6930 5477 1
6904 5478 1
10294 5479 1
6664 5479 1
9536 5480 1
10052 5480 1
5919 5481 1
6960 5481 1
7057 5481 1
7160 5481 1
6991 5481 1
5484 5481 1
5628 5481 1
6798 5481 1
7179 5481 1
5729 5481 1
5949 5481 1
5773 5481 1
7102 5481 1
6859 5481 1
6555 5481 1
5847 5481 1
7640 5481 1
6779 5482 1
5777 5483 1
6624 5483 1
5502 5483 1
6831 5483 1
7123 5483 1
6858 5483 1
5880 5483 1
5598 5483 1
7155 5483 1
5789 5483 1
5919 5484 1
10295 5484 1
6716 5484 1
6738 5484 1
7135 5484 1
6651 5484 1
7722 5484 1
6960 5484 1
7057 5484 1
6987 5484 1
5628 5484 1
6798 5484 1
5597 5484 1
7179 5484 1
5729 5484 1
8323 5484 1
5773 5484 1
10296 5484 1
7658 5484 1
8166 5484 1
6859 5484 1
6930 5484 1
6555 5484 1
5847 5484 1
6824 5484 1
7640 5484 1
8929 5485 1
9987 5485 1
6915 5486 1
6932 5487 1
6768 5488 1
8266 5489 1
5870 5490 1
5649 5491 1
8725 5492 1
5893 5492 1
7203 5492 1
6845 5492 1
6332 5493 1
8412 5494 1
5635 5495 1
5687 5496 1
5588 5497 1
9360 5497 1
5988 5497 1
7338 5498 1
7315 5498 1
9751 5498 1
6021 5498 1
6180 5498 1
7243 5498 1
7149 5498 1
7795 5499 1
7076 5499 1
7994 5500 1
5672 5501 1
7380 5501 1
5777 5502 1
6624 5502 1
6289 5503 1
5848 5503 1
7297 5503 1
10297 5503 1
9329 5504 1
5722 5505 1
5586 5506 1
8425 5506 1
6951 5506 1
7049 5507 1
7568 5507 1
7297 5507 1
7237 5507 1
6743 5508 1
6775 5508 1
5632 5509 1
5901 5510 1
8921 5511 1
7373 5512 1
7122 5512 1
5720 5512 1
7327 5512 1
7153 5512 1
7307 5512 1
6174 5512 1
7166 5512 1
6181 5512 1
5811 5513 1
6713 5514 1
7500 5514 1
5661 5515 1
7523 5516 1
7024 5517 1
6669 5518 1
6800 5519 1
10298 5520 1
6844 5521 1
7630 5522 1
8242 5523 1
9074 5524 1
5993 5525 1
10299 5526 1
6566 5527 1
7129 5527 1
6607 5527 1
5576 5527 1
7061 5528 1
9367 5528 1
7332 5529 1
7131 5529 1
5801 5529 1
7116 5529 1
7697 5529 1
6755 5529 1
6884 5529 1
7422 5529 1
7712 5529 1
6794 5529 1
5536 5529 1
5611 5529 1
6849 5529 1
10300 5529 1
7062 5529 1
7144 5529 1
5848 5529 1
6933 5529 1
6943 5529 1
7051 5529 1
6889 5529 1
7032 5529 1
5635 5529 1
5544 5529 1
6924 5529 1
6450 5529 1
7265 5530 1
9385 5531 1
6257 5532 1
7180 5532 1
7725 5532 1
5893 5533 1
6845 5533 1
5651 5534 1
10301 5535 1
6755 5536 1
7144 5536 1
6924 5536 1
10302 5536 1
8944 5537 1
6529 5538 1
10303 5538 1
7594 5538 1
6494 5538 1
6035 5538 1
6586 5539 1
7472 5540 1
7452 5540 1
10304 5541 1
5581 5541 1
8325 5542 1
7302 5543 1
6765 5543 1
7093 5543 1
6874 5543 1
6945 5543 1
7065 5544 1
5801 5544 1
7116 5544 1
7697 5544 1
6755 5544 1
7062 5544 1
7018 5544 1
5848 5544 1
6943 5544 1
7032 5544 1
6924 5544 1
7820 5545 1
7315 5546 1
6573 5547 1
6655 5547 1
6768 5547 1
6859 5547 1
7585 5548 1
5584 5549 1
6872 5549 1
7113 5549 1
7309 5549 1
6765 5549 1
6703 5549 1
5809 5549 1
10305 5549 1
6318 5549 1
5683 5549 1
7100 5549 1
7093 5549 1
7129 5549 1
7159 5549 1
8331 5549 1
7102 5549 1
6757 5549 1
7173 5549 1
6945 5549 1
6628 5549 1
7118 5549 1
6985 5549 1
10306 5550 1
6691 5551 1
6445 5552 1
5853 5553 1
6557 5553 1
7660 5553 1
7676 5553 1
6903 5553 1
10116 5554 1
9902 5555 1
10307 5555 1
8455 5556 1
6241 5557 1
6575 5557 1
7044 5557 1
6217 5557 1
9206 5558 1
7915 5559 1
6683 5559 1
7074 5559 1
5602 5560 1
6060 5560 1
6662 5560 1
7258 5561 1
10149 5562 1
6328 5562 1
10308 5562 1
10309 5562 1
10310 5562 1
5693 5563 1
7080 5563 1
7625 5563 1
10253 5563 1
7077 5563 1
7314 5564 1
5899 5565 1
6714 5565 1
10311 5566 1
10312 5566 1
9334 5567 1
8818 5568 1
6854 5568 1
6765 5569 1
6909 5569 1
6568 5569 1
6874 5569 1
6655 5569 1
6863 5569 1
6883 5569 1
7173 5569 1
6859 5569 1
7941 5570 1
6633 5571 1
6240 5572 1
7299 5572 1
10313 5573 1
6555 5573 1
10314 5574 1
5775 5575 1
7062 5575 1
5581 5575 1
7131 5575 1
5766 5575 1
7096 5575 1
7715 5575 1
6607 5576 1
8063 5577 1
7155 5578 1
5848 5579 1
6933 5579 1
7034 5580 1
7131 5581 1
5775 5581 1
7062 5581 1
5766 5581 1
9979 5581 1
7096 5581 1
7715 5581 1
5870 5582 1
10315 5583 1
7302 5584 1
7113 5584 1
7309 5584 1
6765 5584 1
5683 5584 1
7129 5584 1
8476 5584 1
7102 5584 1
9556 5584 1
6945 5584 1
8259 5585 1
6951 5586 1
8040 5587 1
9360 5588 1
5988 5588 1
5732 5588 1
10316 5589 1
8501 5590 1
6457 5591 1
7369 5591 1
8995 5592 1
6020 5592 1
5790 5593 1
8017 5594 1
6623 5595 1
10317 5595 1
10318 5596 1
10319 5596 1
7773 5596 1
10320 5597 1
6738 5597 1
6987 5597 1
9613 5597 1
7658 5597 1
6555 5597 1
6624 5598 1
10321 5598 1
5880 5598 1
5789 5598 1
5777 5598 1
7066 5598 1
8812 5598 1
7045 5598 1
6868 5598 1
7099 5599 1
7588 5599 1
5817 5600 1
7659 5601 1
6228 5601 1
6060 5602 1
6662 5602 1
9621 5603 1
7297 5603 1
6931 5604 1
5868 5604 1
6098 5604 1
6463 5604 1
7192 5604 1
5848 5604 1
9945 5604 1
6267 5605 1
6591 5606 1
5805 5606 1
7800 5606 1
5627 5606 1
5679 5606 1
6884 5607 1
9249 5608 1
6886 5609 1
6686 5609 1
8097 5610 1
7332 5611 1
6755 5611 1
7548 5611 1
6794 5611 1
7144 5611 1
5848 5611 1
5635 5611 1
6924 5611 1
6450 5611 1
6528 5612 1
9081 5612 1
6091 5612 1
10322 5613 1
9041 5614 1
7369 5614 1
10323 5615 1
6563 5616 1
7630 5617 1
6641 5618 1
6818 5618 1
5647 5618 1
7072 5618 1
7058 5618 1
6692 5618 1
6897 5618 1
6756 5618 1
7742 5618 1
6311 5619 1
7748 5619 1
7749 5619 1
6768 5620 1
6790 5620 1
7002 5620 1
8073 5621 1
6587 5621 1
8074 5621 1
10324 5622 1
6016 5622 1
10325 5622 1
10326 5622 1
6616 5623 1
6720 5623 1
5651 5624 1
6656 5624 1
7585 5624 1
6731 5624 1
6923 5624 1
7976 5624 1
6573 5625 1
7018 5626 1
8233 5627 1
5919 5627 1
6788 5627 1
6591 5627 1
6806 5627 1
7800 5627 1
6804 5627 1
5919 5628 1
6960 5628 1
7057 5628 1
7160 5628 1
6991 5628 1
6798 5628 1
7179 5628 1
5729 5628 1
5949 5628 1
5773 5628 1
7102 5628 1
6859 5628 1
6555 5628 1
5847 5628 1
7640 5628 1
8372 5629 1
6932 5630 1
10327 5631 1
8647 5631 1
6965 5632 1
10328 5632 1
10248 5632 1
5638 5632 1
7285 5632 1
7475 5633 1
6765 5634 1
7285 5634 1
9290 5634 1
5970 5634 1
6930 5634 1
6755 5635 1
6794 5635 1
5766 5635 1
7144 5635 1
5848 5635 1
9898 5635 1
6924 5635 1
8631 5636 1
10329 5636 1
6023 5637 1
10330 5638 1
8190 5639 1
6954 5639 1
5700 5640 1
9808 5641 1
6098 5641 1
6403 5641 1
8969 5642 1
6911 5643 1
10331 5644 1
5741 5644 1
7324 5645 1
7606 5646 1
6641 5647 1
6818 5647 1
7072 5647 1
7058 5647 1
6692 5647 1
6897 5647 1
6756 5647 1
7742 5647 1
7687 5648 1
5866 5648 1
6281 5649 1
8691 5650 1
8607 5651 1
9755 5651 1
7613 5651 1
7585 5651 1
6727 5651 1
8496 5651 1
10332 5651 1
6203 5651 1
8564 5651 1
7631 5651 1
8524 5652 1
8978 5653 1
7331 5654 1
6639 5654 1
6262 5655 1
8113 5655 1
5728 5656 1
7763 5657 1
10333 5658 1
10334 5658 1
6281 5659 1
7343 5660 1
7369 5661 1
5790 5662 1
5694 5663 1
7176 5663 1
10335 5663 1
7380 5663 1
5905 5664 1
7136 5664 1
6845 5664 1
6345 5664 1
6767 5664 1
6867 5665 1
10336 5666 1
5878 5666 1
7755 5667 1
5889 5668 1
8969 5668 1
9939 5668 1
8645 5668 1
10337 5668 1
10338 5668 1
6655 5669 1
7818 5670 1
9609 5671 1
6951 5672 1
8761 5672 1
9327 5673 1
9412 5674 1
7580 5675 1
6588 5675 1
7272 5675 1
6655 5675 1
6386 5675 1
6609 5675 1
6737 5675 1
10339 5676 1
10340 5676 1
10341 5676 1
10342 5676 1
10343 5676 1
8607 5677 1
8051 5678 1
7800 5679 1
7609 5680 1
5690 5681 1
7505 5682 1
6872 5683 1
7302 5683 1
7113 5683 1
7309 5683 1
6765 5683 1
6703 5683 1
7129 5683 1
7159 5683 1
7102 5683 1
5835 5683 1
6757 5683 1
6945 5683 1
6628 5683 1
9771 5684 1
8078 5685 1
10344 5686 1
8974 5686 1
8633 5686 1
6292 5687 1
6743 5687 1
8764 5687 1
7794 5688 1
5815 5688 1
5803 5688 1
6817 5688 1
6785 5689 1
7132 5690 1
6808 5691 1
6832 5691 1
7503 5691 1
6854 5691 1
6654 5691 1
10345 5692 1
6851 5692 1
6801 5693 1
7080 5693 1
7625 5693 1
6084 5694 1
7380 5694 1
6098 5694 1
6526 5694 1
9781 5695 1
6639 5695 1
7850 5696 1
6736 5696 1
6430 5697 1
10346 5697 1
10347 5698 1
8946 5699 1
6891 5699 1
5934 5699 1
6833 5699 1
10348 5699 1
7033 5699 1
8949 5699 1
6605 5699 1
8259 5700 1
7321 5701 1
9945 5701 1
10349 5702 1
10350 5702 1
10351 5702 1
8481 5703 1
7164 5704 1
10352 5705 1
7670 5706 1
7155 5706 1
7084 5706 1
7136 5706 1
5918 5707 1
7969 5708 1
8053 5708 1
6144 5709 1
6113 5709 1
5751 5710 1
6825 5710 1
6841 5711 1
6130 5712 1
9573 5712 1
7887 5713 1
7111 5713 1
6335 5713 1
6705 5713 1
6947 5713 1
7073 5713 1
7687 5714 1
5866 5714 1
8507 5715 1
8847 5716 1
6972 5717 1
10353 5718 1
8568 5719 1
5923 5720 1
7373 5720 1
7122 5720 1
7327 5720 1
7153 5720 1
7307 5720 1
6174 5720 1
7166 5720 1
6181 5720 1
6475 5721 1
6486 5721 1
10354 5721 1
8227 5721 1
6863 5722 1
6808 5723 1
7503 5723 1
6159 5723 1
6854 5723 1
6486 5723 1
7413 5723 1
7105 5723 1
6823 5723 1
6932 5724 1
6711 5725 1
10075 5725 1
10131 5726 1
6884 5727 1
7386 5728 1
5919 5729 1
6960 5729 1
7057 5729 1
7160 5729 1
6991 5729 1
6798 5729 1
5949 5729 1
5773 5729 1
7102 5729 1
6859 5729 1
6555 5729 1
5847 5729 1
7640 5729 1
7067 5730 1
7132 5730 1
7084 5731 1
9360 5732 1
5988 5732 1
10355 5733 1
10356 5734 1
7417 5735 1
6319 5736 1
6583 5737 1
9548 5737 1
6911 5738 1
5999 5739 1
6572 5739 1
5883 5739 1
5823 5740 1
8670 5741 1
6371 5741 1
6971 5742 1
7108 5743 1
7542 5743 1
6788 5744 1
10357 5744 1
6788 5745 1
6658 5746 1
10358 5747 1
6578 5748 1
10359 5749 1
7297 5749 1
6719 5750 1
10360 5750 1
10361 5750 1
10362 5750 1
10363 5751 1
6825 5751 1
8947 5752 1
6898 5753 1
9339 5753 1
10364 5754 1
7324 5755 1
6765 5756 1
6568 5756 1
7129 5756 1
6874 5756 1
6655 5756 1
6863 5756 1
6883 5756 1
5835 5756 1
7173 5756 1
6859 5756 1
7766 5757 1
8135 5758 1
10365 5759 1
6256 5759 1
7328 5760 1
6228 5760 1
6706 5760 1
10366 5760 1
6840 5761 1
7865 5761 1
7000 5762 1
8504 5762 1
6858 5763 1
8645 5764 1
6833 5765 1
7131 5766 1
5775 5766 1
7062 5766 1
5848 5766 1
7096 5766 1
7715 5766 1
9655 5767 1
9598 5768 1
8087 5768 1
5790 5768 1
6724 5768 1
6858 5768 1
7818 5768 1
7155 5768 1
7834 5768 1
8681 5769 1
6837 5770 1
8540 5770 1
5858 5770 1
7585 5771 1
6339 5772 1
8382 5772 1
8532 5772 1
6960 5773 1
7057 5773 1
7160 5773 1
6991 5773 1
6798 5773 1
7179 5773 1
5949 5773 1
7102 5773 1
6859 5773 1
6555 5773 1
5847 5773 1
7640 5773 1
6932 5774 1
7131 5775 1
7062 5775 1
7096 5775 1
7715 5775 1
7066 5776 1
7011 5776 1
6624 5777 1
5880 5777 1
5789 5777 1
6904 5778 1
7060 5779 1
6608 5780 1
5848 5781 1
6933 5781 1
6340 5782 1
10367 5783 1
6720 5783 1
10368 5783 1
7144 5784 1
6601 5785 1
6577 5786 1
6281 5787 1
7657 5788 1
6624 5789 1
5880 5789 1
6858 5790 1
10369 5790 1
7155 5790 1
10370 5790 1
8086 5791 1
6695 5791 1
9524 5792 1
6844 5793 1
10257 5794 1
5863 5794 1
6084 5795 1
8454 5796 1
10371 5797 1
7380 5797 1
10120 5798 1
5853 5799 1
7039 5799 1
7660 5799 1
7588 5799 1
9730 5800 1
5904 5800 1
7065 5801 1
7116 5801 1
7697 5801 1
6755 5801 1
6884 5801 1
6849 5801 1
7062 5801 1
7144 5801 1
5848 5801 1
6943 5801 1
7051 5801 1
7032 5801 1
6924 5801 1
5925 5801 1
9825 5802 1
6817 5803 1
6776 5804 1
6800 5804 1
7800 5805 1
6942 5806 1
7622 5807 1
7846 5808 1
8026 5809 1
6962 5809 1
8476 5809 1
9074 5810 1
8353 5811 1
7075 5812 1
6882 5812 1
6854 5813 1
6673 5813 1
10372 5814 1
6180 5815 1
6777 5816 1
10131 5817 1
6572 5818 1
6705 5818 1
7713 5819 1
7338 5820 1
6688 5820 1
9001 5821 1
6661 5822 1
7285 5822 1
10373 5822 1
8440 5823 1
7306 5823 1
10374 5824 1
9450 5825 1
9276 5826 1
6613 5826 1
7063 5826 1
7795 5827 1
6379 5827 1
7338 5828 1
7286 5828 1
8138 5829 1
6655 5830 1
7066 5831 1
7106 5832 1
6782 5833 1
6572 5833 1
6550 5834 1
7309 5835 1
6872 5835 1
6765 5835 1
6568 5835 1
6703 5835 1
6318 5835 1
7129 5835 1
6874 5835 1
6655 5835 1
7173 5835 1
6859 5835 1
6628 5835 1
6985 5835 1
5894 5836 1
10280 5836 1
10375 5836 1
7310 5837 1
6911 5838 1
6281 5839 1
6600 5840 1
6361 5841 1
6399 5841 1
8004 5842 1
8083 5842 1
9584 5843 1
10072 5844 1
8456 5845 1
8481 5846 1
5919 5847 1
6960 5847 1
7057 5847 1
7160 5847 1
6991 5847 1
6798 5847 1
7179 5847 1
5949 5847 1
7102 5847 1
6859 5847 1
6555 5847 1
7640 5847 1
7332 5848 1
7131 5848 1
7116 5848 1
7697 5848 1
6755 5848 1
6884 5848 1
6794 5848 1
5868 5848 1
10376 5848 1
6098 5848 1
6463 5848 1
6849 5848 1
7192 5848 1
7062 5848 1
6744 5848 1
7144 5848 1
6904 5848 1
7018 5848 1
6655 5848 1
6933 5848 1
10377 5848 1
9883 5848 1
6943 5848 1
7096 5848 1
6889 5848 1
7032 5848 1
6924 5848 1
6450 5848 1
7713 5848 1
6281 5849 1
9283 5850 1
7261 5851 1
6950 5851 1
7183 5851 1
6508 5851 1
6169 5851 1
8890 5851 1
8035 5852 1
7675 5853 1
6557 5853 1
7660 5853 1
7676 5853 1
6903 5853 1
6774 5854 1
7653 5854 1
6873 5854 1
6768 5855 1
6919 5856 1
6011 5857 1
6837 5858 1
8540 5858 1
8700 5859 1
6251 5859 1
6761 5859 1
6435 5860 1
9006 5860 1
8780 5861 1
6275 5861 1
10378 5861 1
6800 5862 1
10379 5863 1
7266 5864 1
6989 5864 1
7317 5864 1
10380 5864 1
6608 5864 1
8242 5864 1
7074 5865 1
7687 5866 1
10381 5867 1
7606 5867 1
8451 5868 1
7184 5868 1
6098 5868 1
6463 5868 1
5943 5868 1
7620 5868 1
7649 5868 1
6655 5868 1
5978 5868 1
8453 5868 1
10382 5868 1
7713 5868 1
7900 5869 1
6572 5869 1
5958 5869 1
10383 5870 1
7612 5870 1
7338 5871 1
6445 5871 1
6744 5871 1
7291 5871 1
6426 5871 1
6766 5872 1
7305 5872 1
8429 5873 1
6968 5874 1
9178 5875 1
9285 5876 1
6853 5877 1
8566 5878 1
6990 5878 1
6768 5879 1
6990 5879 1
8956 5879 1
10384 5879 1
10234 5879 1
6624 5880 1
6219 5881 1
6890 5882 1
6572 5883 1
5999 5883 1
8358 5884 1
6916 5885 1
7807 5886 1
6096 5887 1
5909 5887 1
6455 5887 1
7351 5887 1
10385 5888 1
7096 5888 1
8202 5889 1
10081 5890 1
7741 5891 1
9894 5892 1
5991 5892 1
7231 5892 1
9897 5892 1
7203 5893 1
6845 5893 1
6655 5893 1
10113 5893 1
8335 5893 1
10386 5894 1
7369 5894 1
6622 5895 1
6957 5895 1
7128 5896 1
8445 5896 1
7069 5896 1
8969 5896 1
6885 5896 1
6927 5896 1
8063 5896 1
10387 5897 1
9027 5898 1
6714 5899 1
9326 5900 1
7146 5900 1
7148 5900 1
7597 5900 1
6572 5900 1
10388 5901 1
10389 5902 1
7813 5902 1
6267 5902 1
10390 5903 1
9730 5904 1
6845 5905 1
7771 5905 1
6345 5905 1
6932 5906 1
7217 5906 1
9255 5907 1
8017 5908 1
6096 5909 1
6455 5909 1
7351 5909 1
7291 5910 1
7286 5910 1
6573 5911 1
8120 5911 1
6960 5912 1
6776 5913 1
6800 5913 1
6428 5914 1
6049 5914 1
6038 5914 1
7014 5914 1
6048 5914 1
7286 5914 1
7251 5914 1
6555 5914 1
7105 5914 1
7052 5915 1
6800 5916 1
9791 5917 1
7160 5917 1
6859 5917 1
6930 5917 1
10391 5918 1
6886 5919 1
6960 5919 1
7057 5919 1
7160 5919 1
6806 5919 1
6798 5919 1
6859 5919 1
8057 5919 1
6804 5919 1
6555 5919 1
7640 5919 1
7849 5920 1
10392 5921 1
7369 5921 1
8158 5922 1
9385 5922 1
10393 5922 1
7373 5923 1
7122 5923 1
7327 5923 1
7307 5923 1
6174 5923 1
6181 5923 1
7140 5924 1
7065 5925 1
7116 5925 1
7697 5925 1
6884 5925 1
7062 5925 1
7018 5925 1
6943 5925 1
7032 5925 1
7066 5926 1
6872 5927 1
6568 5927 1
6661 5927 1
7285 5927 1
6573 5927 1
6655 5927 1
5970 5927 1
6768 5927 1
6859 5927 1
8119 5928 1
6084 5929 1
6719 5930 1
6639 5931 1
7249 5932 1
6867 5933 1
5959 5934 1
6605 5934 1
6671 5934 1
8594 5935 1
6829 5935 1
7037 5935 1
7301 5935 1
6180 5935 1
9338 5935 1
8353 5936 1
6932 5936 1
10078 5937 1
6655 5938 1
6768 5938 1
7019 5939 1
6655 5940 1
9519 5940 1
6604 5941 1
10394 5941 1
7849 5942 1
10395 5943 1
6655 5944 1
5987 5945 1
10396 5945 1
7155 5946 1
10397 5947 1
8254 5948 1
6960 5949 1
7057 5949 1
7160 5949 1
6991 5949 1
6798 5949 1
7179 5949 1
7102 5949 1
6859 5949 1
6555 5949 1
7640 5949 1
10398 5950 1
8450 5950 1
6627 5951 1
7602 5952 1
6247 5953 1
7285 5954 1
7609 5955 1
6894 5955 1
7041 5955 1
8002 5956 1
6389 5956 1
10399 5957 1
7900 5958 1
6572 5958 1
10400 5959 1
6605 5959 1
9610 5959 1
6904 5960 1
6465 5961 1
10401 5962 1
6705 5963 1
9925 5964 1
7622 5965 1
5970 5965 1
8297 5966 1
6161 5966 1
10402 5966 1
6835 5967 1
6925 5968 1
7098 5969 1
6568 5970 1
7620 5970 1
7622 5970 1
7109 5970 1
6930 5970 1
6580 5971 1
7369 5972 1
10403 5972 1
7210 5973 1
6754 5973 1
6770 5973 1
6891 5974 1
8319 5975 1
7600 5976 1
6605 5976 1
7319 5977 1
10404 5978 1
7184 5978 1
10405 5978 1
7620 5978 1
6996 5979 1
6576 5979 1
7640 5980 1
10406 5981 1
10387 5982 1
8830 5983 1
6796 5983 1
10407 5984 1
6596 5985 1
6655 5986 1
10408 5987 1
10396 5987 1
9360 5988 1
7630 5989 1
6162 5990 1
10409 5991 1
7231 5991 1
9897 5991 1
10410 5992 1
10411 5993 1
10412 5993 1
10413 5993 1
6858 5993 1
10374 5993 1
6990 5993 1
10414 5993 1
6867 5993 1
7276 5994 1
7229 5994 1
7258 5994 1
8681 5994 1
10415 5995 1
10416 5995 1
6795 5996 1
8402 5996 1
6864 5996 1
7175 5997 1
8781 5997 1
8322 5997 1
8051 5997 1
6555 5997 1
6760 5997 1
10417 5997 1
8643 5997 1
10135 5998 1
7844 5999 1
6908 5999 1
6572 5999 1
7845 5999 1
10418 6000 1
6765 6000 1
7975 6000 1
6962 6001 1
9629 6002 1
10119 6003 1
8519 6004 1
7188 6005 1
7232 6005 1
6329 6006 1
7180 6006 1
7266 6006 1
6989 6006 1
7317 6006 1
6622 6006 1
6608 6006 1
7267 6007 1
6932 6008 1
6932 6009 1
6516 6010 1
9078 6011 1
7324 6011 1
8506 6012 1
10419 6013 1
10420 6013 1
9040 6013 1
7315 6014 1
6084 6015 1
6108 6015 1
10421 6015 1
10325 6016 1
10326 6016 1
10422 6017 1
6484 6018 1
6039 6018 1
10423 6019 1
6123 6020 1
7338 6021 1
7315 6021 1
9751 6021 1
7243 6021 1
7312 6021 1
6451 6021 1
6037 6021 1
7101 6021 1
10424 6021 1
7584 6022 1
10051 6022 1
7476 6023 1
6073 6023 1
6172 6024 1
6132 6024 1
9082 6024 1
6467 6025 1
10425 6026 1
7286 6026 1
6207 6027 1
8785 6027 1
6509 6028 1
10426 6029 1
10427 6029 1
8185 6029 1
6284 6030 1
8383 6031 1
10428 6031 1
6326 6032 1
9342 6033 1
7346 6034 1
7594 6035 1
9488 6036 1
6426 6036 1
6486 6037 1
9082 6037 1
7101 6037 1
6428 6038 1
6049 6038 1
6637 6038 1
6068 6038 1
7014 6038 1
6753 6038 1
10105 6038 1
7101 6038 1
7286 6038 1
7251 6038 1
7105 6038 1
6484 6039 1
10429 6040 1
7291 6041 1
8830 6042 1
8369 6043 1
6144 6043 1
6988 6043 1
6113 6043 1
8348 6043 1
10430 6044 1
7268 6044 1
7321 6045 1
7133 6045 1
6486 6046 1
8506 6047 1
6428 6048 1
10431 6048 1
6637 6048 1
7014 6048 1
7286 6048 1
7251 6048 1
7105 6048 1
6428 6049 1
7014 6049 1
7286 6049 1
10432 6050 1
7272 6050 1
7195 6051 1
9203 6052 1
7401 6052 1
8650 6052 1
7568 6053 1
6550 6054 1
7324 6055 1
8135 6056 1
6768 6057 1
9215 6058 1
6500 6059 1
7290 6060 1
6662 6060 1
7211 6061 1
7591 6062 1
6467 6063 1
10433 6064 1
6577 6064 1
6467 6064 1
6642 6065 1
10434 6066 1
10435 6066 1
9293 6066 1
6424 6067 1
6902 6067 1
6428 6068 1
6637 6068 1
7014 6068 1
6753 6068 1
7251 6068 1
7105 6068 1
8377 6069 1
7150 6069 1
6382 6070 1
10436 6071 1
6639 6071 1
6608 6072 1
7476 6073 1
6657 6074 1
10437 6075 1
10217 6076 1
6364 6076 1
9492 6077 1
10438 6077 1
7122 6078 1
7153 6078 1
7307 6078 1
6188 6078 1
7166 6078 1
7759 6079 1
6825 6079 1
6512 6079 1
6460 6079 1
6712 6079 1
7705 6080 1
7568 6081 1
6225 6082 1
7018 6082 1
7439 6083 1
7121 6084 1
6526 6084 1
7176 6084 1
7579 6084 1
6108 6084 1
7380 6084 1
6789 6085 1
8066 6085 1
8298 6086 1
6946 6087 1
6238 6087 1
9663 6088 1
9664 6088 1
7374 6089 1
8020 6090 1
6528 6091 1
9081 6091 1
7324 6091 1
6942 6092 1
6130 6092 1
9738 6093 1
7095 6094 1
7338 6095 1
10439 6095 1
6455 6096 1
7351 6096 1
7217 6097 1
6103 6098 1
10440 6098 1
6114 6098 1
7288 6098 1
7526 6098 1
9808 6098 1
8867 6098 1
10441 6098 1
10442 6098 1
6487 6098 1
6462 6098 1
9999 6098 1
6463 6098 1
7447 6098 1
10443 6098 1
7585 6098 1
6403 6098 1
7192 6098 1
6544 6098 1
6744 6098 1
6655 6098 1
7083 6098 1
6489 6098 1
9977 6098 1
9059 6098 1
6364 6098 1
7223 6098 1
10444 6098 1
6467 6099 1
7497 6100 1
7305 6101 1
7261 6102 1
6950 6102 1
7183 6102 1
6169 6102 1
8890 6102 1
10441 6103 1
10445 6104 1
9108 6104 1
7291 6104 1
9810 6105 1
6309 6105 1
10446 6105 1
7324 6105 1
7369 6106 1
9991 6107 1
6526 6108 1
7176 6108 1
7579 6108 1
8843 6109 1
10447 6110 1
7189 6110 1
10448 6110 1
10449 6111 1
7291 6111 1
6337 6111 1
7096 6112 1
6144 6113 1
6988 6113 1
8365 6113 1
9931 6113 1
6380 6113 1
8348 6113 1
9669 6114 1
10450 6114 1
6330 6115 1
7210 6116 1
6458 6116 1
7324 6117 1
6467 6118 1
9676 6119 1
10451 6119 1
8398 6120 1
9644 6121 1
6158 6122 1
9103 6122 1
10452 6122 1
9184 6123 1
7216 6123 1
9786 6124 1
6467 6125 1
6491 6126 1
9387 6127 1
6467 6128 1
6434 6129 1
10037 6130 1
9109 6130 1
9573 6130 1
7433 6130 1
10453 6131 1
6172 6132 1
9082 6132 1
10276 6133 1
8436 6134 1
7261 6135 1
8890 6135 1
7208 6136 1
8468 6136 1
6657 6137 1
6274 6137 1
7232 6137 1
6162 6138 1
7190 6139 1
7214 6139 1
7948 6139 1
6542 6140 1
9233 6140 1
6893 6141 1
6842 6142 1
6932 6143 1
6988 6144 1
6380 6144 1
8348 6144 1
10454 6145 1
10029 6145 1
9056 6145 1
7370 6146 1
6994 6147 1
10014 6147 1
8632 6148 1
9198 6149 1
6453 6150 1
7196 6151 1
7377 6151 1
7204 6152 1
10455 6152 1
6321 6153 1
10456 6154 1
6192 6154 1
6440 6154 1
6467 6155 1
10450 6156 1
9728 6157 1
9138 6158 1
6808 6159 1
7503 6159 1
6486 6159 1
6823 6159 1
6574 6160 1
7369 6160 1
6932 6161 1
10457 6161 1
6304 6162 1
10458 6162 1
7755 6162 1
6209 6162 1
7527 6162 1
7022 6162 1
6195 6163 1
6321 6163 1
6418 6164 1
9406 6165 1
6532 6166 1
6519 6166 1
9945 6167 1
7369 6168 1
7261 6169 1
7183 6169 1
6508 6169 1
8890 6169 1
6950 6169 1
6655 6170 1
6282 6170 1
9236 6171 1
9082 6172 1
6342 6173 1
6915 6173 1
7373 6174 1
7307 6174 1
7122 6174 1
7327 6174 1
7153 6174 1
7166 6174 1
6181 6174 1
6259 6175 1
9393 6175 1
7920 6176 1
7162 6177 1
7324 6178 1
6467 6179 1
7338 6180 1
7315 6180 1
7294 6180 1
7301 6180 1
7101 6180 1
6225 6180 1
10459 6180 1
7373 6181 1
7122 6181 1
7327 6181 1
7153 6181 1
7307 6181 1
7166 6181 1
9883 6182 1
10460 6182 1
8647 6183 1
9196 6184 1
7209 6184 1
9767 6185 1
10461 6186 1
6727 6186 1
6394 6186 1
10462 6186 1
6529 6187 1
7594 6187 1
6494 6187 1
9941 6188 1
7249 6189 1
10463 6190 1
6317 6191 1
6931 6192 1
10464 6193 1
10465 6193 1
7713 6193 1
10271 6194 1
10466 6195 1
10467 6195 1
6321 6195 1
10468 6195 1
6467 6195 1
7456 6196 1
7457 6196 1
7458 6196 1
10469 6197 1
7310 6198 1
7303 6198 1
10470 6198 1
9129 6199 1
6290 6200 1
9968 6200 1
9305 6200 1
7298 6201 1
8231 6201 1
8866 6201 1
7232 6201 1
10471 6201 1
8380 6202 1
10286 6203 1
6763 6204 1
8097 6204 1
9938 6204 1
7485 6204 1
7155 6204 1
6372 6205 1
7222 6206 1
6890 6206 1
7972 6206 1
6654 6206 1
10063 6207 1
10472 6207 1
8785 6207 1
10422 6208 1
6304 6209 1
8183 6209 1
7527 6209 1
7095 6210 1
9411 6211 1
7338 6212 1
7315 6212 1
6425 6212 1
10473 6213 1
6971 6214 1
6768 6215 1
6520 6215 1
6990 6215 1
8266 6216 1
6241 6217 1
6575 6217 1
7044 6217 1
7294 6218 1
7324 6219 1
8556 6220 1
9233 6221 1
6784 6221 1
9544 6222 1
7298 6223 1
6906 6224 1
7286 6224 1
7338 6225 1
7315 6225 1
6834 6225 1
6829 6225 1
7301 6225 1
6507 6225 1
7311 6225 1
7352 6225 1
7291 6225 1
7292 6225 1
7286 6225 1
6426 6225 1
6346 6225 1
7096 6226 1
7750 6227 1
7846 6227 1
7659 6228 1
10474 6228 1
6321 6229 1
9222 6230 1
6793 6231 1
6544 6232 1
8873 6233 1
7189 6234 1
6376 6235 1
8737 6236 1
6466 6236 1
10475 6237 1
10276 6237 1
6946 6238 1
9906 6238 1
8797 6239 1
6287 6240 1
6575 6241 1
7044 6241 1
8020 6242 1
7012 6242 1
6451 6243 1
6891 6244 1
7641 6245 1
7207 6245 1
7258 6246 1
6755 6247 1
9855 6247 1
9775 6248 1
6655 6249 1
7321 6250 1
10476 6250 1
7020 6250 1
6907 6250 1
10477 6250 1
7312 6250 1
7304 6250 1
7255 6250 1
7133 6250 1
8700 6251 1
10403 6252 1
7324 6252 1
10478 6252 1
8748 6253 1
10479 6254 1
10480 6255 1
8918 6256 1
9113 6256 1
7180 6257 1
7725 6257 1
7867 6258 1
6287 6259 1
9393 6259 1
6932 6260 1
10481 6261 1
10482 6261 1
8113 6262 1
10483 6263 1
6891 6264 1
7820 6264 1
8496 6265 1
6737 6266 1
7813 6267 1
6832 6268 1
6419 6269 1
9012 6270 1
6467 6270 1
6821 6271 1
7254 6272 1
6835 6273 1
7188 6274 1
6657 6274 1
8780 6275 1
8920 6276 1
6617 6277 1
6470 6278 1
8977 6279 1
10484 6279 1
6948 6280 1
9493 6281 1
6616 6281 1
7946 6281 1
7319 6281 1
10485 6281 1
9288 6281 1
6855 6281 1
6544 6282 1
7313 6282 1
7809 6283 1
7809 6284 1
7324 6284 1
7440 6285 1
7427 6286 1
7641 6287 1
9393 6287 1
10486 6288 1
6710 6289 1
6540 6289 1
7155 6290 1
7717 6290 1
9048 6290 1
7834 6290 1
10487 6291 1
6743 6292 1
6996 6293 1
6576 6293 1
8866 6294 1
6522 6295 1
8548 6295 1
6470 6296 1
9059 6296 1
9029 6297 1
10488 6298 1
7369 6299 1
9040 6300 1
7369 6301 1
7301 6302 1
6867 6303 1
8183 6304 1
10489 6305 1
10490 6306 1
7809 6306 1
10491 6307 1
7710 6307 1
10492 6307 1
9876 6308 1
9810 6309 1
10493 6310 1
8859 6311 1
10423 6312 1
6575 6313 1
6510 6314 1
6495 6314 1
6817 6314 1
7131 6314 1
9855 6314 1
6578 6315 1
7206 6316 1
9085 6316 1
7300 6316 1
7007 6317 1
8887 6317 1
6765 6318 1
7129 6318 1
6874 6318 1
6872 6318 1
7302 6318 1
7113 6318 1
7309 6318 1
6703 6318 1
7100 6318 1
7093 6318 1
7159 6318 1
7102 6318 1
6757 6318 1
6945 6318 1
6628 6318 1
7118 6318 1
6985 6318 1
6380 6319 1
8210 6320 1
10494 6321 1
10495 6321 1
10467 6321 1
10468 6321 1
10496 6321 1
8252 6322 1
8830 6323 1
7322 6324 1
10497 6325 1
8425 6325 1
10498 6325 1
7324 6326 1
6719 6327 1
10499 6328 1
7180 6329 1
7266 6329 1
6989 6329 1
7317 6329 1
6622 6329 1
6608 6329 1
7382 6330 1
6831 6331 1
6858 6331 1
7220 6332 1
6436 6332 1
7262 6332 1
8600 6332 1
7324 6333 1
9037 6334 1
7727 6334 1
7728 6334 1
7887 6335 1
7111 6335 1
6705 6335 1
7168 6335 1
6947 6335 1
7073 6335 1
7034 6336 1
9977 6337 1
6555 6337 1
6660 6338 1
8873 6338 1
7005 6339 1
7338 6340 1
6946 6341 1
6915 6342 1
7084 6343 1
8526 6344 1
6845 6345 1
7338 6346 1
6744 6346 1
6505 6346 1
6426 6346 1
9910 6347 1
7324 6347 1
7263 6348 1
6486 6348 1
8460 6349 1
6555 6350 1
7190 6351 1
10500 6352 1
6426 6352 1
10501 6352 1
10502 6353 1
10503 6353 1
6572 6354 1
9049 6355 1
6544 6356 1
6467 6357 1
7369 6358 1
7140 6359 1
6444 6360 1
10504 6361 1
6399 6361 1
7043 6362 1
7415 6362 1
6423 6362 1
7250 6363 1
10217 6364 1
6403 6364 1
6608 6365 1
8943 6366 1
6438 6367 1
7516 6368 1
10505 6369 1
7312 6370 1
8670 6371 1
6720 6372 1
6479 6372 1
6995 6372 1
6436 6372 1
8152 6372 1
6657 6372 1
8144 6373 1
7270 6373 1
9969 6374 1
7016 6375 1
7369 6375 1
6418 6376 1
8609 6376 1
8871 6376 1
6617 6376 1
8873 6376 1
7529 6376 1
7315 6377 1
8699 6378 1
7795 6379 1
6421 6380 1
6988 6380 1
8951 6380 1
8370 6380 1
10506 6381 1
6639 6381 1
10507 6381 1
8821 6381 1
9699 6382 1
7382 6383 1
7304 6384 1
7661 6385 1
6627 6385 1
7580 6386 1
6588 6386 1
6655 6386 1
6555 6386 1
6737 6386 1
7272 6386 1
6876 6387 1
10508 6387 1
6876 6388 1
8084 6389 1
8650 6389 1
8029 6390 1
10399 6391 1
6574 6392 1
7265 6393 1
10002 6394 1
9446 6395 1
8585 6396 1
9810 6397 1
7641 6398 1
10509 6399 1
10504 6399 1
9721 6400 1
8443 6400 1
10506 6401 1
6835 6402 1
7526 6403 1
9808 6403 1
10217 6403 1
8252 6404 1
6532 6405 1
10510 6406 1
8492 6407 1
7096 6408 1
9425 6409 1
6438 6410 1
8017 6411 1
7946 6411 1
7338 6412 1
10511 6412 1
8431 6412 1
6834 6412 1
10069 6412 1
6844 6412 1
7324 6413 1
9883 6414 1
10512 6415 1
7174 6416 1
10513 6416 1
8168 6416 1
6525 6416 1
7705 6417 1
6827 6418 1
6932 6419 1
6932 6420 1
9845 6420 1
8951 6421 1
6467 6422 1
10514 6422 1
7260 6423 1
7201 6423 1
7415 6423 1
6986 6424 1
9108 6425 1
9244 6425 1
6844 6425 1
7338 6426 1
7315 6426 1
6829 6426 1
7326 6426 1
6744 6426 1
7037 6426 1
7301 6426 1
7318 6426 1
6505 6426 1
7291 6426 1
7286 6426 1
6606 6427 1
6637 6428 1
7101 6428 1
7286 6428 1
7251 6428 1
7105 6428 1
6983 6429 1
10515 6430 1
10516 6430 1
7029 6430 1
7225 6431 1
8768 6432 1
6498 6433 1
9148 6434 1
9006 6435 1
10517 6436 1
7193 6436 1
6537 6436 1
6479 6436 1
7220 6436 1
6974 6436 1
7162 6436 1
7262 6436 1
8710 6436 1
10518 6436 1
8600 6436 1
7320 6437 1
6467 6437 1
6544 6438 1
6937 6439 1
10456 6440 1
7439 6441 1
7569 6442 1
9161 6443 1
7460 6444 1
10519 6445 1
6515 6446 1
6830 6446 1
10453 6447 1
9759 6448 1
7006 6448 1
6456 6449 1
7332 6450 1
7144 6450 1
7338 6451 1
7315 6451 1
6934 6452 1
6639 6453 1
9918 6454 1
7351 6455 1
10520 6456 1
6898 6456 1
8768 6456 1
7369 6457 1
7210 6458 1
6770 6458 1
10521 6458 1
9198 6458 1
7217 6459 1
6825 6460 1
6712 6460 1
7218 6461 1
7265 6462 1
6655 6463 1
7338 6464 1
6829 6464 1
7301 6464 1
10522 6465 1
7324 6465 1
8737 6466 1
8798 6467 1
9012 6467 1
6764 6467 1
6932 6467 1
10523 6467 1
10524 6467 1
7421 6467 1
10525 6467 1
10526 6467 1
7362 6467 1
7286 6468 1
10527 6469 1
10528 6469 1
10529 6470 1
9059 6470 1
9230 6470 1
7421 6471 1
7230 6472 1
7261 6473 1
7246 6474 1
8777 6475 1
6601 6476 1
7324 6477 1
7081 6478 1
8709 6479 1
6657 6479 1
9669 6479 1
8710 6479 1
6823 6479 1
7301 6480 1
6487 6481 1
9162 6482 1
7181 6483 1
7787 6484 1
7171 6484 1
10530 6484 1
10531 6484 1
7529 6484 1
7902 6485 1
6808 6486 1
8598 6486 1
6832 6486 1
6550 6486 1
7263 6486 1
7503 6486 1
6657 6486 1
6890 6486 1
6744 6486 1
6854 6486 1
9912 6486 1
7413 6486 1
7262 6486 1
6823 6486 1
10532 6487 1
7192 6487 1
7182 6488 1
6544 6489 1
7415 6490 1
6523 6491 1
6853 6492 1
6532 6493 1
7594 6494 1
6510 6495 1
6817 6495 1
9786 6496 1
7455 6496 1
7324 6497 1
9824 6497 1
10020 6498 1
8736 6499 1
7225 6500 1
6970 6500 1
7522 6501 1
10525 6502 1
8403 6503 1
9213 6504 1
7338 6505 1
7315 6505 1
6744 6505 1
7286 6505 1
7369 6506 1
7352 6507 1
7261 6508 1
10533 6508 1
10534 6508 1
10535 6508 1
6950 6508 1
7183 6508 1
6530 6508 1
8890 6508 1
9841 6509 1
6817 6510 1
7792 6511 1
7759 6512 1
6825 6512 1
7236 6513 1
7244 6513 1
6590 6514 1
6830 6515 1
6639 6516 1
7193 6517 1
6542 6518 1
10536 6518 1
9233 6518 1
6784 6518 1
6532 6519 1
10537 6519 1
10538 6519 1
6664 6519 1
10539 6520 1
8873 6520 1
9197 6521 1
7146 6522 1
7148 6522 1
7598 6522 1
6572 6522 1
7329 6523 1
7012 6524 1
7174 6525 1
10513 6525 1
7380 6526 1
8320 6527 1
9081 6528 1
7594 6529 1
10534 6530 1
10535 6530 1
7324 6531 1
10537 6532 1
10540 6533 1
7369 6533 1
7580 6534 1
10087 6535 1
9075 6536 1
7193 6537 1
6974 6537 1
7230 6538 1
6916 6539 1
10541 6540 1
10542 6541 1
9233 6542 1
8556 6543 1
7305 6544 1
7382 6544 1
8022 6545 1
6639 6546 1
6932 6547 1
6654 6548 1
7163 6548 1
10543 6549 1
6744 6550 1
7262 6550 1
7218 6551 1
9562 6552 1
10544 6553 1
7322 6554 1
6982 6555 1
7005 6555 1
6891 6555 1
7148 6555 1
7580 6555 1
6679 6555 1
6664 6555 1
6588 6555 1
6744 6555 1
6637 6555 1
7014 6555 1
6753 6555 1
7291 6555 1
7297 6555 1
7173 6555 1
6737 6555 1
7867 6555 1
6738 6555 1
7057 6555 1
6987 6555 1
7160 6555 1
6991 6555 1
7972 6555 1
6798 6555 1
7179 6555 1
8492 6555 1
7658 6555 1
6743 6555 1
6859 6555 1
6930 6555 1
10545 6555 1
7640 6555 1
9328 6556 1
7676 6557 1
6903 6557 1
7164 6558 1
7098 6558 1
6564 6559 1
8338 6560 1
6926 6561 1
6793 6561 1
7031 6561 1
10546 6562 1
10547 6562 1
7754 6563 1
7743 6564 1
8390 6565 1
7129 6566 1
6607 6566 1
9768 6567 1
7760 6567 1
6765 6568 1
7129 6568 1
6874 6568 1
6655 6568 1
6863 6568 1
6883 6568 1
7173 6568 1
6859 6568 1
6835 6568 1
8039 6569 1
10548 6570 1
7158 6571 1
6774 6572 1
7844 6572 1
7148 6572 1
7900 6572 1
9364 6572 1
6619 6572 1
6908 6572 1
7845 6572 1
6752 6572 1
7028 6572 1
7597 6572 1
7598 6572 1
9980 6573 1
6661 6573 1
6655 6573 1
6768 6573 1
8120 6573 1
6859 6573 1
6945 6574 1
8415 6575 1
10549 6575 1
7044 6575 1
10473 6576 1
6975 6576 1
10433 6577 1
6932 6577 1
7412 6577 1
9538 6578 1
9539 6578 1
6812 6579 1
10550 6580 1
7324 6581 1
9141 6581 1
10551 6581 1
6685 6582 1
6680 6583 1
7846 6584 1
7088 6585 1
7919 6586 1
6811 6587 1
7186 6587 1
8074 6587 1
6761 6587 1
7580 6588 1
7272 6588 1
6655 6588 1
6737 6588 1
10552 6589 1
7036 6590 1
10553 6590 1
7800 6591 1
8391 6592 1
9270 6593 1
7139 6594 1
6796 6595 1
7769 6595 1
8372 6596 1
7204 6597 1
6909 6598 1
10554 6599 1
6979 6599 1
6664 6600 1
6893 6601 1
7601 6602 1
6627 6603 1
10394 6604 1
6971 6605 1
6744 6605 1
7297 6605 1
7600 6605 1
7601 6605 1
6671 6605 1
7298 6606 1
10555 6607 1
7180 6608 1
7266 6608 1
6655 6608 1
7317 6608 1
6622 6608 1
7580 6609 1
6655 6609 1
6737 6609 1
7158 6610 1
7903 6611 1
7003 6612 1
7975 6612 1
9276 6613 1
10292 6614 1
9056 6614 1
7803 6615 1
10556 6616 1
10557 6616 1
8873 6617 1
7137 6618 1
6897 6618 1
7742 6618 1
6774 6619 1
6782 6619 1
7598 6619 1
10116 6619 1
6972 6619 1
8636 6620 1
7119 6621 1
7297 6621 1
7309 6622 1
7180 6622 1
7620 6622 1
7266 6622 1
6989 6622 1
7317 6622 1
7036 6623 1
10558 6623 1
10284 6623 1
10559 6623 1
6680 6624 1
7820 6625 1
10560 6626 1
7846 6627 1
7661 6627 1
7103 6627 1
6872 6628 1
7302 6628 1
7113 6628 1
7309 6628 1
6765 6628 1
6703 6628 1
7100 6628 1
7093 6628 1
7129 6628 1
7159 6628 1
7102 6628 1
6757 6628 1
7173 6628 1
6945 6628 1
7118 6628 1
6985 6628 1
6928 6629 1
6721 6629 1
8051 6629 1
6944 6629 1
7217 6630 1
10063 6631 1
6932 6632 1
6779 6633 1
10561 6634 1
7666 6634 1
6684 6635 1
6962 6636 1
6793 6636 1
6753 6637 1
7105 6637 1
7886 6638 1
10436 6639 1
7342 6639 1
6723 6639 1
7630 6639 1
10119 6639 1
10562 6639 1
7323 6639 1
8506 6639 1
8958 6639 1
7343 6639 1
9380 6639 1
8585 6639 1
7068 6640 1
6818 6641 1
7072 6641 1
7058 6641 1
6692 6641 1
6897 6641 1
6756 6641 1
7742 6641 1
6932 6642 1
7769 6643 1
8740 6644 1
7003 6645 1
8710 6646 1
8190 6647 1
9513 6648 1
10563 6648 1
7140 6648 1
10564 6649 1
8375 6650 1
7722 6651 1
6824 6651 1
10565 6652 1
10566 6652 1
6799 6652 1
6669 6653 1
7222 6654 1
7216 6654 1
7163 6654 1
8428 6655 1
10567 6655 1
7784 6655 1
8256 6655 1
7309 6655 1
6765 6655 1
8426 6655 1
6661 6655 1
7285 6655 1
8427 6655 1
8235 6655 1
10568 6655 1
7620 6655 1
7649 6655 1
7266 6655 1
7272 6655 1
7061 6655 1
6979 6655 1
7989 6655 1
7129 6655 1
6874 6655 1
9519 6655 1
6714 6655 1
6768 6655 1
6863 6655 1
10569 6655 1
7173 6655 1
8429 6655 1
6859 6655 1
7976 6655 1
10570 6655 1
6930 6655 1
8072 6655 1
6737 6655 1
6990 6655 1
10571 6655 1
7713 6655 1
10251 6655 1
7129 6656 1
7188 6657 1
7225 6657 1
10069 6657 1
9669 6657 1
6970 6657 1
7232 6657 1
7413 6657 1
8710 6657 1
8528 6658 1
10572 6658 1
10573 6658 1
6672 6659 1
8873 6660 1
6990 6660 1
9450 6661 1
6768 6661 1
6859 6661 1
10574 6661 1
7290 6662 1
9753 6662 1
10078 6663 1
10575 6664 1
10576 6664 1
10577 6664 1
7820 6664 1
7865 6664 1
10317 6665 1
9941 6666 1
7155 6667 1
10578 6667 1
6940 6667 1
6776 6668 1
7275 6669 1
7164 6669 1
9334 6669 1
7338 6670 1
7301 6670 1
7856 6671 1
6932 6672 1
6854 6673 1
7019 6674 1
8661 6674 1
7000 6675 1
7752 6676 1
7005 6677 1
7742 6678 1
6891 6679 1
7867 6679 1
7585 6680 1
6858 6680 1
9354 6680 1
7733 6681 1
7722 6682 1
7915 6683 1
7074 6683 1
7989 6684 1
6771 6685 1
8358 6686 1
7769 6687 1
7338 6688 1
7315 6688 1
7301 6688 1
7286 6688 1
6934 6689 1
7324 6690 1
10579 6691 1
6895 6691 1
6818 6692 1
7072 6692 1
7058 6692 1
6897 6692 1
6756 6692 1
7742 6692 1
7732 6693 1
6932 6694 1
10580 6695 1
10469 6695 1
10581 6696 1
7030 6697 1
7209 6698 1
6839 6699 1
7820 6699 1
8882 6700 1
9424 6701 1
7630 6702 1
6872 6703 1
7113 6703 1
7309 6703 1
6765 6703 1
7100 6703 1
7093 6703 1
7129 6703 1
7159 6703 1
7102 6703 1
6757 6703 1
7173 6703 1
6945 6703 1
7118 6703 1
6985 6703 1
7324 6704 1
9727 6705 1
7111 6705 1
7887 6705 1
9703 6705 1
7168 6705 1
6947 6705 1
7073 6705 1
10582 6706 1
6960 6707 1
7585 6708 1
6915 6709 1
8252 6709 1
8060 6710 1
10075 6711 1
6825 6712 1
7500 6713 1
6989 6714 1
6932 6715 1
7135 6716 1
7722 6716 1
7063 6717 1
9276 6717 1
10583 6718 1
7585 6718 1
10584 6719 1
6971 6720 1
10585 6720 1
7733 6720 1
7694 6720 1
10586 6720 1
6928 6721 1
8051 6721 1
6944 6721 1
7795 6722 1
9197 6723 1
9299 6723 1
7767 6724 1
6858 6724 1
6863 6724 1
7834 6724 1
6932 6725 1
7114 6726 1
8684 6727 1
8205 6727 1
7155 6727 1
7324 6728 1
7792 6729 1
7321 6730 1
6923 6731 1
10461 6732 1
10111 6733 1
6800 6734 1
7584 6735 1
7850 6736 1
7284 6737 1
10587 6737 1
7580 6737 1
7272 6737 1
9329 6737 1
6987 6738 1
7658 6738 1
6859 6738 1
6930 6738 1
6796 6739 1
7201 6740 1
8057 6741 1
7193 6742 1
6774 6743 1
6775 6743 1
7005 6743 1
7297 6743 1
7338 6744 1
7315 6744 1
9231 6744 1
7294 6744 1
7318 6744 1
7291 6744 1
7297 6744 1
6859 6744 1
7286 6744 1
7262 6744 1
7713 6744 1
6796 6745 1
9276 6746 1
7063 6746 1
10588 6747 1
10252 6747 1
6867 6748 1
6768 6749 1
7049 6750 1
9645 6750 1
10589 6750 1
7792 6750 1
7964 6751 1
7597 6752 1
6782 6752 1
10139 6753 1
7972 6753 1
7014 6753 1
7251 6753 1
7105 6753 1
7210 6754 1
6884 6755 1
6849 6755 1
7062 6755 1
7144 6755 1
6924 6755 1
7065 6755 1
7116 6755 1
7697 6755 1
6794 6755 1
10590 6755 1
6933 6755 1
6943 6755 1
7032 6755 1
6904 6755 1
6818 6756 1
7072 6756 1
7058 6756 1
6897 6756 1
7742 6756 1
6872 6757 1
7113 6757 1
7309 6757 1
6765 6757 1
7100 6757 1
7093 6757 1
7129 6757 1
7159 6757 1
7102 6757 1
7173 6757 1
6945 6757 1
7118 6757 1
6985 6757 1
9562 6758 1
7128 6759 1
10591 6760 1
8073 6761 1
6811 6761 1
10592 6761 1
8074 6761 1
10593 6762 1
8175 6762 1
7485 6763 1
7217 6764 1
6872 6765 1
7302 6765 1
7113 6765 1
7309 6765 1
7100 6765 1
7093 6765 1
7129 6765 1
6874 6765 1
7159 6765 1
6883 6765 1
7173 6765 1
6930 6765 1
6945 6765 1
6985 6765 1
7305 6766 1
7053 6766 1
7136 6767 1
7685 6768 1
7771 6768 1
6859 6768 1
6990 6768 1
10220 6768 1
8235 6768 1
7061 6768 1
6790 6768 1
7002 6768 1
7104 6769 1
7210 6770 1
10594 6771 1
7060 6772 1
7075 6773 1
7653 6774 1
6873 6774 1
7656 6774 1
7597 6774 1
7598 6774 1
7297 6774 1
6775 6774 1
6782 6774 1
7005 6775 1
7623 6775 1
7297 6775 1
6842 6775 1
10595 6776 1
6800 6776 1
7992 6777 1
10596 6778 1
9727 6779 1
10597 6779 1
7353 6780 1
9026 6780 1
9734 6781 1
7598 6782 1
7733 6783 1
7574 6783 1
9162 6783 1
9520 6783 1
10598 6784 1
7263 6785 1
8230 6785 1
7900 6786 1
7456 6787 1
10357 6788 1
8066 6789 1
7061 6790 1
7002 6790 1
7164 6791 1
10271 6792 1
10599 6792 1
6962 6793 1
8476 6793 1
7052 6793 1
7031 6793 1
7144 6794 1
6911 6795 1
8402 6795 1
6797 6795 1
6864 6795 1
10600 6795 1
7769 6796 1
10601 6797 1
6960 6798 1
7057 6798 1
7160 6798 1
7179 6798 1
7102 6798 1
6859 6798 1
7640 6798 1
10566 6799 1
10602 6800 1
10176 6800 1
10595 6800 1
10603 6800 1
10174 6800 1
10604 6800 1
7780 6800 1
10175 6800 1
10605 6800 1
7080 6801 1
7625 6801 1
7077 6801 1
9212 6802 1
7625 6803 1
7077 6803 1
6886 6804 1
8233 6804 1
10606 6805 1
8233 6806 1
9450 6807 1
10607 6807 1
6832 6808 1
7503 6808 1
6854 6808 1
6823 6808 1
7847 6809 1
7237 6810 1
8074 6811 1
10608 6812 1
8017 6813 1
7286 6814 1
7612 6815 1
7019 6816 1
6909 6816 1
8661 6816 1
7131 6817 1
7072 6818 1
7058 6818 1
6897 6818 1
7742 6818 1
10318 6819 1
6841 6820 1
10010 6821 1
8505 6822 1
7503 6823 1
6890 6823 1
6854 6823 1
7722 6824 1
7759 6825 1
10171 6826 1
8020 6826 1
10609 6827 1
7128 6828 1
10006 6828 1
7338 6829 1
7326 6829 1
7301 6829 1
6872 6830 1
7113 6830 1
7309 6830 1
7123 6831 1
6858 6831 1
7155 6831 1
7105 6832 1
7033 6833 1
7294 6834 1
6872 6835 1
7113 6835 1
7309 6835 1
7620 6835 1
7678 6836 1
8540 6837 1
7061 6838 1
7820 6839 1
7865 6840 1
9788 6840 1
8049 6841 1
7623 6842 1
7297 6843 1
9108 6844 1
10610 6844 1
7203 6845 1
10611 6845 1
9327 6845 1
10113 6845 1
8335 6845 1
7084 6846 1
7061 6847 1
6858 6847 1
7106 6847 1
7155 6847 1
7585 6848 1
7116 6849 1
7697 6849 1
6884 6849 1
7062 6849 1
7144 6849 1
7018 6849 1
6933 6849 1
6943 6849 1
7032 6849 1
7823 6850 1
7613 6851 1
10612 6851 1
7139 6852 1
7040 6853 1
7503 6854 1
6890 6854 1
8226 6855 1
8028 6856 1
8030 6856 1
8085 6857 1
7123 6858 1
7075 6858 1
7106 6858 1
7818 6858 1
6863 6858 1
7155 6858 1
7061 6859 1
6979 6859 1
6990 6859 1
7722 6859 1
6960 6859 1
7057 6859 1
6987 6859 1
7160 6859 1
6991 6859 1
7179 6859 1
7129 6859 1
6863 6859 1
6883 6859 1
7658 6859 1
7173 6859 1
6930 6859 1
10612 6859 1
7640 6859 1
6942 6860 1
6971 6861 1
6932 6862 1
10613 6862 1
7061 6863 1
7129 6863 1
7818 6863 1
7155 6863 1
6930 6863 1
8402 6864 1
8821 6865 1
10267 6866 1
7164 6867 1
7161 6867 1
10193 6867 1
7098 6867 1
7066 6868 1
7353 6869 1
7136 6870 1
7106 6870 1
7155 6870 1
7609 6871 1
7100 6872 1
7129 6872 1
7173 6872 1
6930 6872 1
7302 6872 1
7113 6872 1
7309 6872 1
7093 6872 1
7159 6872 1
7102 6872 1
6945 6872 1
7118 6872 1
6985 6872 1
7653 6873 1
9992 6873 1
7656 6873 1
7129 6874 1
6883 6874 1
7173 6874 1
7851 6874 1
8101 6875 1
10508 6876 1
8431 6877 1
7885 6878 1
7353 6879 1
8086 6880 1
10614 6881 1
7075 6882 1
7129 6883 1
7062 6884 1
7144 6884 1
7018 6884 1
6933 6884 1
7051 6884 1
7032 6884 1
7065 6884 1
7116 6884 1
7697 6884 1
6943 6884 1
6924 6884 1
8969 6885 1
10615 6885 1
8233 6886 1
9182 6887 1
7670 6888 1
6904 6889 1
6933 6889 1
7112 6890 1
7413 6890 1
7001 6891 1
7820 6891 1
7867 6891 1
7148 6891 1
6917 6891 1
7272 6892 1
7705 6893 1
10616 6893 1
7609 6894 1
7041 6894 1
7061 6895 1
7838 6896 1
7137 6897 1
7072 6897 1
7058 6897 1
7742 6897 1
10617 6898 1
9339 6898 1
8017 6899 1
10618 6900 1
7061 6901 1
7256 6902 1
7676 6903 1
7660 6903 1
6933 6904 1
9728 6904 1
8533 6905 1
7286 6906 1
7321 6907 1
7020 6907 1
7844 6908 1
7845 6908 1
7019 6909 1
8661 6909 1
7315 6910 1
6971 6911 1
10619 6911 1
10620 6911 1
10374 6912 1
6932 6913 1
8235 6914 1
6932 6915 1
8252 6915 1
7184 6916 1
7001 6917 1
8076 6917 1
8078 6917 1
7060 6918 1
10621 6918 1
7024 6919 1
8057 6920 1
7795 6921 1
6992 6922 1
10265 6922 1
7129 6923 1
7332 6924 1
7131 6924 1
7116 6924 1
7697 6924 1
7062 6924 1
7144 6924 1
6933 6924 1
6943 6924 1
7051 6924 1
7032 6924 1
7157 6925 1
7003 6925 1
8476 6926 1
7052 6926 1
7031 6926 1
7069 6927 1
8051 6928 1
6944 6928 1
10197 6929 1
7061 6930 1
6979 6930 1
7285 6930 1
6987 6930 1
7658 6930 1
7353 6931 1
8326 6931 1
7015 6932 1
7342 6932 1
10622 6932 1
10623 6932 1
8798 6932 1
10624 6932 1
10625 6932 1
10626 6932 1
10627 6932 1
10510 6932 1
10628 6932 1
7325 6932 1
10629 6932 1
7297 6932 1
8007 6932 1
8891 6932 1
7116 6933 1
7697 6933 1
7062 6933 1
7144 6933 1
6943 6933 1
7032 6933 1
10630 6934 1
7961 6935 1
8029 6936 1
6993 6937 1
7422 6938 1
8037 6939 1
10631 6940 1
7620 6941 1
7109 6941 1
10632 6941 1
10037 6942 1
7433 6942 1
7116 6943 1
7697 6943 1
7062 6943 1
7144 6943 1
7018 6943 1
7051 6943 1
7032 6943 1
8051 6944 1
7302 6945 1
7113 6945 1
7309 6945 1
7100 6945 1
7093 6945 1
7129 6945 1
7159 6945 1
7102 6945 1
7173 6945 1
7118 6945 1
6985 6945 1
7324 6946 1
7887 6947 1
7111 6947 1
7168 6947 1
7073 6947 1
10633 6947 1
8576 6947 1
9992 6948 1
7491 6949 1
7261 6950 1
8789 6950 1
7183 6950 1
8890 6950 1
8425 6951 1
10634 6952 1
8256 6953 1
8190 6954 1
10499 6955 1
7061 6956 1
10635 6957 1
9250 6958 1
7369 6959 1
7140 6960 1
10636 6960 1
7057 6960 1
7160 6960 1
6991 6960 1
7179 6960 1
7139 6960 1
9769 6960 1
7102 6960 1
7640 6960 1
7084 6961 1
7763 6962 1
7031 6962 1
10132 6963 1
7640 6964 1
10328 6965 1
7485 6966 1
7076 6967 1
7315 6968 1
7087 6969 1
7188 6970 1
7225 6970 1
7733 6971 1
10586 6971 1
7694 6971 1
7034 6972 1
7704 6972 1
8081 6972 1
7122 6973 1
7307 6973 1
7193 6974 1
8256 6975 1
6996 6975 1
7288 6976 1
7447 6976 1
7382 6976 1
7083 6976 1
9563 6977 1
8037 6978 1
7061 6979 1
8286 6980 1
7704 6981 1
7001 6982 1
7324 6983 1
7369 6983 1
10623 6984 1
7302 6985 1
7113 6985 1
7309 6985 1
7100 6985 1
7093 6985 1
7129 6985 1
7159 6985 1
7102 6985 1
7173 6985 1
7118 6985 1
7313 6986 1
7658 6987 1
8348 6988 1
7317 6989 1
10637 6989 1
7061 6990 1
8566 6990 1
9768 6990 1
8266 6990 1
7160 6991 1
7179 6991 1
7102 6991 1
7640 6991 1
10265 6992 1
7022 6993 1
10014 6994 1
7524 6995 1
8256 6996 1
8476 6997 1
7230 6998 1
7604 6999 1
7132 6999 1
7067 6999 1
8504 7000 1
10051 7000 1
10638 7000 1
8076 7001 1
7061 7002 1
8658 7003 1
10639 7003 1
7185 7003 1
8534 7004 1
7297 7005 1
9759 7006 1
8767 7007 1
7168 7008 1
8892 7009 1
10352 7010 1
7066 7011 1
10171 7012 1
8020 7012 1
10578 7013 1
7251 7014 1
7105 7014 1
10640 7015 1
7095 7016 1
7369 7016 1
10276 7017 1
7065 7018 1
7116 7018 1
7697 7018 1
7062 7018 1
7051 7018 1
7032 7018 1
8661 7019 1
7321 7020 1
7312 7020 1
7304 7020 1
7149 7020 1
9037 7021 1
7280 7022 1
7382 7022 1
7460 7022 1
7136 7023 1
7076 7024 1
8140 7025 1
10641 7026 1
7585 7027 1
7597 7028 1
7692 7028 1
10642 7029 1
10643 7030 1
7052 7031 1
7065 7032 1
7116 7032 1
7697 7032 1
7062 7032 1
7144 7032 1
7051 7032 1
7178 7033 1
9318 7034 1
7297 7034 1
9337 7035 1
10644 7036 1
7217 7036 1
9629 7036 1
7301 7037 1
7286 7037 1
7128 7038 1
7588 7039 1
10645 7040 1
7609 7041 1
7155 7042 1
9080 7043 1
9115 7044 1
7066 7045 1
7324 7046 1
10625 7047 1
9198 7048 1
7171 7049 1
7128 7050 1
7116 7051 1
7697 7051 1
7062 7051 1
8476 7052 1
7305 7053 1
7600 7054 1
7353 7055 1
8192 7056 1
7160 7057 1
7179 7057 1
7102 7057 1
7640 7057 1
7072 7058 1
7742 7058 1
7241 7059 1
7928 7060 1
8235 7061 1
7523 7061 1
7760 7061 1
9367 7061 1
7065 7062 1
7131 7062 1
7116 7062 1
7697 7062 1
7144 7062 1
7096 7062 1
7715 7062 1
9276 7063 1
8964 7064 1
7116 7065 1
7697 7065 1
10031 7066 1
7132 7067 1
7152 7068 1
7128 7069 1
7710 7069 1
7094 7070 1
10646 7071 1
7742 7072 1
7887 7073 1
7111 7073 1
7915 7074 1
7136 7075 1
7106 7075 1
7088 7075 1
7155 7075 1
7585 7076 1
7795 7076 1
7625 7077 1
7529 7078 1
10506 7079 1
7625 7080 1
10647 7081 1
8645 7082 1
9999 7083 1
7670 7084 1
10183 7084 1
8403 7085 1
8205 7086 1
10648 7087 1
10649 7087 1
7299 7088 1
7313 7088 1
7401 7088 1
7106 7088 1
7155 7088 1
7559 7089 1
7286 7090 1
7193 7091 1
7262 7091 1
7314 7092 1
7302 7093 1
7113 7093 1
7309 7093 1
7100 7093 1
7129 7093 1
7159 7093 1
7102 7093 1
7173 7093 1
7118 7093 1
7795 7094 1
10480 7095 1
7131 7096 1
10650 7096 1
7715 7096 1
10523 7097 1
7164 7098 1
7161 7098 1
7795 7098 1
10193 7098 1
7588 7099 1
7113 7100 1
7129 7100 1
7159 7100 1
7102 7100 1
7173 7100 1
7118 7100 1
7338 7101 1
7315 7101 1
7301 7101 1
7302 7102 1
7113 7102 1
7309 7102 1
7129 7102 1
7159 7102 1
7173 7102 1
7118 7102 1
7160 7102 1
7179 7102 1
7640 7102 1
7661 7103 1
7297 7104 1
7413 7105 1
7251 7105 1
7155 7106 1
10651 7106 1
7136 7106 1
7795 7107 1
7542 7108 1
7620 7109 1
10228 7110 1
7887 7111 1
7168 7111 1
7413 7112 1
7302 7113 1
7309 7113 1
7129 7113 1
7159 7113 1
7173 7113 1
7118 7113 1
8205 7114 1
9505 7115 1
7697 7116 1
7144 7116 1
10528 7117 1
7309 7118 1
7129 7118 1
7159 7118 1
7173 7118 1
7297 7119 1
7295 7120 1
10652 7120 1
7176 7121 1
7579 7121 1
7373 7122 1
7327 7122 1
7153 7122 1
7307 7122 1
7166 7122 1
7155 7123 1
10653 7124 1
7158 7125 1
7795 7126 1
7447 7127 1
9536 7128 1
10006 7128 1
7302 7129 1
7309 7129 1
8663 7129 1
7159 7129 1
7173 7129 1
7296 7130 1
7715 7131 1
7460 7132 1
8380 7132 1
7321 7133 1
9938 7134 1
7722 7135 1
7670 7136 1
7155 7136 1
7742 7137 1
7452 7138 1
10654 7139 1
7338 7140 1
7491 7141 1
7369 7142 1
7795 7143 1
7332 7144 1
7697 7144 1
7640 7145 1
7148 7146 1
7597 7146 1
8492 7147 1
7597 7148 1
7321 7149 1
7312 7149 1
7304 7149 1
8377 7150 1
8049 7151 1
10221 7152 1
7373 7153 1
7327 7153 1
7307 7153 1
7166 7153 1
8885 7154 1
10566 7155 1
7834 7155 1
7568 7156 1
10655 7157 1
9034 7158 1
10656 7158 1
7302 7159 1
7173 7159 1
7179 7160 1
7640 7160 1
10193 7161 1
7164 7161 1
7208 7162 1
7222 7163 1
10193 7164 1
8568 7164 1
8465 7165 1
7373 7166 1
7327 7166 1
7307 7166 1
10657 7167 1
10658 7167 1
7887 7168 1
7200 7169 1
8884 7169 1
8807 7170 1
7568 7171 1
8353 7172 1
7302 7173 1
7309 7173 1
7297 7173 1
10513 7174 1
8051 7175 1
7579 7176 1
7324 7177 1
8946 7178 1
7640 7179 1
7266 7180 1
9111 7180 1
7725 7180 1
7324 7181 1
10659 7182 1
7261 7183 1
10660 7184 1
7975 7185 1
7743 7186 1
9945 7187 1
7225 7188 1
7232 7188 1
10661 7189 1
9811 7190 1
7214 7190 1
7948 7190 1
9081 7191 1
10662 7192 1
7262 7193 1
8806 7194 1
8859 7195 1
7377 7196 1
7236 7197 1
7369 7198 1
9111 7199 1
8884 7200 1
7260 7201 1
7415 7201 1
7369 7202 1
10113 7203 1
10611 7203 1
10455 7204 1
7324 7205 1
7300 7206 1
7641 7207 1
8468 7208 1
10663 7208 1
9196 7209 1
9198 7210 1
7301 7211 1
7318 7211 1
7244 7212 1
7304 7213 1
7321 7213 1
7948 7214 1
8859 7215 1
7222 7216 1
10664 7217 1
10665 7217 1
7315 7218 1
7513 7218 1
9953 7219 1
7262 7220 1
7529 7221 1
10666 7222 1
7585 7223 1
7297 7224 1
7568 7224 1
10667 7225 1
10668 7225 1
7232 7225 1
7246 7226 1
8081 7227 1
7568 7228 1
7276 7229 1
7258 7229 1
8681 7229 1
7338 7230 1
7315 7230 1
7301 7230 1
7318 7230 1
7286 7230 1
9894 7231 1
8231 7232 1
8768 7233 1
7338 7234 1
7315 7234 1
9863 7235 1
7244 7236 1
7568 7237 1
7460 7238 1
7258 7239 1
10453 7240 1
7286 7241 1
7244 7242 1
7338 7243 1
7315 7243 1
7321 7243 1
7312 7243 1
9909 7243 1
8905 7244 1
7246 7245 1
10669 7246 1
7369 7247 1
7277 7248 1
7301 7248 1
7318 7248 1
7286 7248 1
10670 7249 1
8556 7250 1
7286 7251 1
8896 7252 1
10671 7253 1
10672 7254 1
7321 7255 1
7304 7255 1
7369 7256 1
9425 7257 1
7276 7258 1
8681 7258 1
9075 7259 1
7415 7260 1
8890 7261 1
10543 7261 1
8600 7262 1
8230 7263 1
7322 7264 1
7288 7265 1
10673 7265 1
9268 7265 1
7280 7265 1
7382 7265 1
8621 7265 1
7317 7266 1
7453 7267 1
7324 7268 1
8896 7269 1
10609 7270 1
9607 7271 1
7580 7272 1
7717 7273 1
7574 7274 1
9334 7275 1
8681 7276 1
7338 7277 1
7286 7277 1
9920 7278 1
7315 7279 1
7460 7280 1
9161 7281 1
7324 7282 1
7324 7283 1
10587 7284 1
9353 7285 1
7585 7285 1
7946 7285 1
7315 7286 1
8431 7286 1
7301 7286 1
7311 7286 1
7292 7286 1
7338 7286 1
7291 7286 1
7294 7286 1
7318 7286 1
7324 7287 1
7382 7288 1
8081 7289 1
7529 7290 1
7301 7291 1
7338 7291 1
7338 7292 1
10674 7293 1
7338 7294 1
7975 7295 1
10652 7295 1
7663 7296 1
7529 7297 1
10675 7298 1
7401 7299 1
7313 7299 1
9085 7300 1
7338 7301 1
7315 7301 1
7318 7301 1
7309 7302 1
7310 7303 1
7321 7304 1
7312 7304 1
7568 7305 1
9591 7306 1
7373 7307 1
7327 7307 1
10480 7308 1
7620 7309 1
10676 7310 1
7315 7311 1
7315 7312 1
7401 7313 1
7670 7314 1
7338 7315 1
7321 7315 1
10677 7315 1
7318 7315 1
7369 7316 1
7328 7317 1
7338 7318 1
10678 7319 1
10485 7319 1
7656 7320 1
7338 7321 1
7568 7322 1
7324 7323 1
8248 7324 1
10679 7324 1
10399 7325 1
7338 7326 1
7373 7327 1
