Source Target Weight
1 0 1
2 0 1
3 0 1
29 1 1
42 1 1
81 1 1
89 1 1
94 1 1
291 1 1
617 1 1
641 1 1
698 1 1
705 1 1
711 1 1
761 1 1
950 1 1
963 1 1
990 1 1
1052 1 1
1066 1 1
1123 1 1
1187 1 1
1501 1 1
1502 1 1
1681 1 1
2014 1 1
2019 1 1
2309 1 1
2500 1 1
2528 1 1
2769 1 1
3083 1 1
3157 1 1
3422 1 1
3455 1 1
3488 1 1
3541 1 1
3592 1 1
3635 1 1
3657 1 1
3682 1 1
3683 1 1
3705 1 1
3711 1 1
3728 1 1
3920 1 1
3927 1 1
4113 1 1
4154 1 1
4155 1 1
4317 1 1
4318 1 1
4478 1 1
4481 1 1
4621 1 1
4741 1 1
5014 1 1
5058 1 1
5367 1 1
6164 1 1
6231 1 1
6234 1 1
6294 1 1
6313 1 1
6421 1 1
6497 1 1
8739 1 1
8750 1 1
8818 1 1
8843 1 1
8851 1 1
8889 1 1
8894 1 1
9679 1 1
10171 1 1
10968 1 1
11011 1 1
11511 1 1
11524 1 1
11611 1 1
11626 1 1
11632 1 1
12636 1 1
12786 1 1
12844 1 1
12845 1 1
12864 1 1
12874 1 1
12879 1 1
12948 1 1
13019 1 1
13059 1 1
13246 1 1
13252 1 1
13522 1 1
13537 1 1
13972 1 1
14007 1 1
14008 1 1
14037 1 1
14132 1 1
14163 1 1
14318 1 1
14353 1 1
14454 1 1
14462 1 1
14514 1 1
14587 1 1
14632 1 1
14640 1 1
14670 1 1
14689 1 1
14988 1 1
15147 1 1
15166 1 1
15305 1 1
15376 1 1
15557 1 1
15686 1 1
15722 1 1
15725 1 1
15742 1 1
15856 1 1
15862 1 1
15922 1 1
16195 1 1
16196 1 1
16197 1 1
16199 1 1
16202 1 1
16221 1 1
16225 1 1
16226 1 1
16230 1 1
16231 1 1
16232 1 1
16338 1 1
16732 1 1
16751 1 1
16805 1 1
17723 1 1
17823 1 1
17935 1 1
18352 1 1
18466 1 1
18492 1 1
18537 1 1
18564 1 1
18619 1 1
18624 1 1
19084 1 1
19085 1 1
19092 1 1
19094 1 1
19095 1 1
19096 1 1
19098 1 1
19101 1 1
19137 1 1
19511 1 1
19704 1 1
20097 1 1
20131 1 1
20161 1 1
20184 1 1
20252 1 1
20573 1 1
20642 1 1
20798 1 1
21002 1 1
21003 1 1
21004 1 1
21028 1 1
21034 1 1
21555 1 1
21558 1 1
21706 1 1
22012 1 1
22104 1 1
22469 1 1
22811 1 1
22813 1 1
22814 1 1
22815 1 1
22868 1 1
23164 1 1
23429 1 1
23433 1 1
23434 1 1
23435 1 1
23436 1 1
23437 1 1
23438 1 1
23439 1 1
23440 1 1
23441 1 1
23442 1 1
23443 1 1
23444 1 1
23445 1 1
23446 1 1
23447 1 1
23448 1 1
23449 1 1
23450 1 1
23451 1 1
23452 1 1
23453 1 1
23454 1 1
23455 1 1
23456 1 1
23457 1 1
23458 1 1
23459 1 1
23460 1 1
23461 1 1
23462 1 1
23463 1 1
23464 1 1
23465 1 1
23466 1 1
23467 1 1
23468 1 1
23469 1 1
23470 1 1
23471 1 1
23472 1 1
23473 1 1
23474 1 1
216 2 1
9 3 1
17 3 1
22 3 1
30 3 1
57 3 1
80 3 1
88 3 1
109 3 1
141 3 1
157 3 1
167 3 1
195 3 1
204 3 1
211 3 1
214 3 1
216 3 1
222 3 1
223 3 1
229 3 1
232 3 1
235 3 1
236 3 1
254 3 1
258 3 1
276 3 1
333 3 1
339 3 1
354 3 1
367 3 1
369 3 1
371 3 1
380 3 1
404 3 1
440 3 1
446 3 1
451 3 1
455 3 1
458 3 1
472 3 1
488 3 1
504 3 1
527 3 1
531 3 1
571 3 1
614 3 1
616 3 1
638 3 1
639 3 1
678 3 1
683 3 1
711 3 1
732 3 1
733 3 1
750 3 1
798 3 1
810 3 1
824 3 1
825 3 1
830 3 1
933 3 1
940 3 1
957 3 1
1028 3 1
1059 3 1
1074 3 1
1105 3 1
1106 3 1
1133 3 1
1180 3 1
1209 3 1
1232 3 1
1248 3 1
1273 3 1
1281 3 1
1316 3 1
1468 3 1
1487 3 1
1572 3 1
1580 3 1
1581 3 1
1582 3 1
1621 3 1
1707 3 1
1879 3 1
1906 3 1
1921 3 1
2012 3 1
2047 3 1
2048 3 1
2208 3 1
2219 3 1
2245 3 1
2264 3 1
2284 3 1
2300 3 1
2337 3 1
2339 3 1
2415 3 1
2470 3 1
2493 3 1
2561 3 1
2565 3 1
2594 3 1
2601 3 1
2610 3 1
2611 3 1
2621 3 1
2648 3 1
2683 3 1
2694 3 1
2697 3 1
2707 3 1
2783 3 1
2791 3 1
2837 3 1
2849 3 1
2863 3 1
2904 3 1
2924 3 1
2925 3 1
2945 3 1
2973 3 1
2987 3 1
2995 3 1
3000 3 1
3018 3 1
3030 3 1
3052 3 1
3060 3 1
3094 3 1
3170 3 1
3276 3 1
3278 3 1
3309 3 1
3389 3 1
3402 3 1
3415 3 1
3526 3 1
3557 3 1
3739 3 1
3759 3 1
3793 3 1
3798 3 1
3809 3 1
3882 3 1
3883 3 1
3884 3 1
3910 3 1
3911 3 1
3933 3 1
3946 3 1
3967 3 1
4032 3 1
4038 3 1
4059 3 1
4060 3 1
4066 3 1
4176 3 1
4177 3 1
4186 3 1
4187 3 1
4189 3 1
4239 3 1
4273 3 1
4307 3 1
4348 3 1
4349 3 1
4350 3 1
4359 3 1
4362 3 1
4363 3 1
4371 3 1
4389 3 1
4412 3 1
4613 3 1
4707 3 1
4709 3 1
4874 3 1
4919 3 1
5021 3 1
5048 3 1
5064 3 1
5074 3 1
5094 3 1
5098 3 1
5099 3 1
5103 3 1
5125 3 1
5139 3 1
5239 3 1
5262 3 1
5292 3 1
5361 3 1
5438 3 1
5617 3 1
5716 3 1
5912 3 1
5922 3 1
5973 3 1
5989 3 1
5990 3 1
6003 3 1
6112 3 1
6123 3 1
6125 3 1
6128 3 1
6129 3 1
6134 3 1
6142 3 1
6147 3 1
6211 3 1
6241 3 1
6408 3 1
6435 3 1
6461 3 1
6472 3 1
6485 3 1
6504 3 1
6540 3 1
6596 3 1
6638 3 1
6674 3 1
6749 3 1
6762 3 1
6768 3 1
6786 3 1
6799 3 1
6818 3 1
6868 3 1
6872 3 1
6882 3 1
6891 3 1
6910 3 1
6923 3 1
6935 3 1
7005 3 1
7012 3 1
7018 3 1
7032 3 1
7034 3 1
7051 3 1
7062 3 1
7064 3 1
7118 3 1
7167 3 1
7214 3 1
7295 3 1
7325 3 1
7342 3 1
7345 3 1
7385 3 1
7417 3 1
7454 3 1
7460 3 1
7550 3 1
7661 3 1
7685 3 1
7690 3 1
7714 3 1
7730 3 1
7744 3 1
7793 3 1
7809 3 1
7813 3 1
7848 3 1
7850 3 1
7861 3 1
7881 3 1
7949 3 1
8001 3 1
8004 3 1
8059 3 1
8104 3 1
8131 3 1
8142 3 1
8177 3 1
8191 3 1
8224 3 1
8251 3 1
8296 3 1
8297 3 1
8308 3 1
8314 3 1
8321 3 1
8387 3 1
8404 3 1
8422 3 1
8460 3 1
8472 3 1
8479 3 1
8546 3 1
8576 3 1
8585 3 1
8592 3 1
8601 3 1
8615 3 1
8621 3 1
8634 3 1
8650 3 1
8729 3 1
8731 3 1
8772 3 1
8817 3 1
8831 3 1
8903 3 1
8918 3 1
8928 3 1
8971 3 1
8993 3 1
9029 3 1
9046 3 1
9047 3 1
9072 3 1
9088 3 1
9126 3 1
9139 3 1
9166 3 1
9202 3 1
9399 3 1
9635 3 1
9652 3 1
9689 3 1
9870 3 1
9872 3 1
9883 3 1
10168 3 1
10196 3 1
10206 3 1
10208 3 1
10241 3 1
10260 3 1
10269 3 1
10282 3 1
10308 3 1
10372 3 1
10415 3 1
10416 3 1
10439 3 1
10444 3 1
10453 3 1
10455 3 1
10497 3 1
10503 3 1
10519 3 1
10525 3 1
10543 3 1
10551 3 1
10562 3 1
10569 3 1
10611 3 1
10619 3 1
10724 3 1
10747 3 1
10754 3 1
10762 3 1
10805 3 1
10807 3 1
10821 3 1
10839 3 1
10844 3 1
10871 3 1
10896 3 1
10904 3 1
10942 3 1
11003 3 1
11021 3 1
11029 3 1
11044 3 1
11084 3 1
11267 3 1
11296 3 1
11305 3 1
11459 3 1
11463 3 1
11482 3 1
11484 3 1
11525 3 1
11559 3 1
11564 3 1
11614 3 1
11634 3 1
11683 3 1
11684 3 1
11714 3 1
11717 3 1
11784 3 1
11785 3 1
11950 3 1
11951 3 1
11952 3 1
11953 3 1
11954 3 1
11955 3 1
11956 3 1
11957 3 1
11958 3 1
11959 3 1
11960 3 1
11961 3 1
11962 3 1
11963 3 1
11964 3 1
11965 3 1
11966 3 1
11967 3 1
11968 3 1
11969 3 1
11970 3 1
11971 3 1
11972 3 1
11973 3 1
11974 3 1
11975 3 1
11976 3 1
11977 3 1
11978 3 1
11979 3 1
11980 3 1
11981 3 1
11982 3 1
11983 3 1
11984 3 1
11985 3 1
11986 3 1
11987 3 1
11988 3 1
11989 3 1
11990 3 1
11991 3 1
11992 3 1
11993 3 1
11994 3 1
11995 3 1
11996 3 1
11997 3 1
11998 3 1
11999 3 1
12000 3 1
12001 3 1
12002 3 1
12003 3 1
12004 3 1
12005 3 1
12006 3 1
12007 3 1
12008 3 1
12009 3 1
12010 3 1
12011 3 1
12012 3 1
12013 3 1
12014 3 1
12015 3 1
12016 3 1
12017 3 1
12018 3 1
12019 3 1
12020 3 1
12021 3 1
12022 3 1
12023 3 1
12024 3 1
12025 3 1
12026 3 1
12027 3 1
12028 3 1
12029 3 1
12030 3 1
12031 3 1
12032 3 1
12033 3 1
12034 3 1
12035 3 1
12036 3 1
12037 3 1
12038 3 1
12039 3 1
12040 3 1
12041 3 1
12042 3 1
12043 3 1
12044 3 1
12045 3 1
12046 3 1
12047 3 1
12048 3 1
12049 3 1
12050 3 1
12051 3 1
12052 3 1
12053 3 1
12054 3 1
12055 3 1
12056 3 1
12057 3 1
12058 3 1
12059 3 1
12060 3 1
12061 3 1
12062 3 1
12063 3 1
12064 3 1
12065 3 1
12066 3 1
12067 3 1
12068 3 1
12069 3 1
12070 3 1
12071 3 1
12072 3 1
12073 3 1
12074 3 1
12075 3 1
12076 3 1
12077 3 1
12078 3 1
12079 3 1
12080 3 1
12081 3 1
12082 3 1
12083 3 1
12084 3 1
12085 3 1
12086 3 1
12087 3 1
12088 3 1
12089 3 1
12090 3 1
12091 3 1
12092 3 1
12093 3 1
12094 3 1
12095 3 1
12096 3 1
12097 3 1
12098 3 1
12099 3 1
12100 3 1
12101 3 1
12102 3 1
12103 3 1
12104 3 1
12105 3 1
12106 3 1
12107 3 1
12108 3 1
12109 3 1
12110 3 1
12111 3 1
12112 3 1
12113 3 1
12114 3 1
12115 3 1
12116 3 1
12117 3 1
12118 3 1
12119 3 1
12120 3 1
12121 3 1
12122 3 1
12123 3 1
12124 3 1
12125 3 1
12126 3 1
12127 3 1
12128 3 1
12129 3 1
12130 3 1
12131 3 1
12132 3 1
12133 3 1
12134 3 1
12135 3 1
12136 3 1
12137 3 1
12138 3 1
12139 3 1
12140 3 1
12141 3 1
12142 3 1
12143 3 1
12144 3 1
12145 3 1
12146 3 1
12147 3 1
12148 3 1
12149 3 1
12150 3 1
12151 3 1
12152 3 1
12153 3 1
12154 3 1
12155 3 1
12156 3 1
12157 3 1
12158 3 1
12159 3 1
12160 3 1
12161 3 1
12162 3 1
12163 3 1
12164 3 1
12165 3 1
12166 3 1
12167 3 1
12168 3 1
12169 3 1
12170 3 1
12171 3 1
12172 3 1
12173 3 1
12174 3 1
12175 3 1
12176 3 1
12177 3 1
12178 3 1
12179 3 1
12180 3 1
12181 3 1
12182 3 1
12183 3 1
12184 3 1
12185 3 1
12186 3 1
12187 3 1
12188 3 1
12189 3 1
12190 3 1
12191 3 1
12192 3 1
12193 3 1
12194 3 1
12195 3 1
12196 3 1
12197 3 1
12198 3 1
12199 3 1
12200 3 1
12201 3 1
12202 3 1
12203 3 1
12204 3 1
12205 3 1
12206 3 1
12207 3 1
12208 3 1
12209 3 1
12210 3 1
12211 3 1
12212 3 1
12213 3 1
12214 3 1
12215 3 1
12216 3 1
12217 3 1
12218 3 1
12219 3 1
12220 3 1
12221 3 1
12222 3 1
12223 3 1
12224 3 1
12225 3 1
12226 3 1
12227 3 1
12228 3 1
12229 3 1
12230 3 1
12231 3 1
12232 3 1
12233 3 1
12234 3 1
12235 3 1
12236 3 1
12237 3 1
12238 3 1
12239 3 1
12240 3 1
12241 3 1
12242 3 1
12243 3 1
12244 3 1
12245 3 1
12246 3 1
12247 3 1
12248 3 1
12249 3 1
12250 3 1
12251 3 1
12252 3 1
12253 3 1
12254 3 1
12255 3 1
12256 3 1
12257 3 1
12258 3 1
12259 3 1
12260 3 1
12261 3 1
12262 3 1
12263 3 1
12264 3 1
12265 3 1
12266 3 1
12267 3 1
12268 3 1
12269 3 1
12270 3 1
12271 3 1
12272 3 1
12273 3 1
12274 3 1
12275 3 1
12276 3 1
12277 3 1
12278 3 1
12279 3 1
12280 3 1
12281 3 1
12282 3 1
12283 3 1
12284 3 1
12285 3 1
12286 3 1
12287 3 1
12288 3 1
12289 3 1
12290 3 1
12291 3 1
12292 3 1
12293 3 1
12294 3 1
12295 3 1
12296 3 1
12297 3 1
12298 3 1
12299 3 1
12300 3 1
12301 3 1
12302 3 1
12303 3 1
12304 3 1
12305 3 1
12306 3 1
12307 3 1
12308 3 1
12309 3 1
12310 3 1
12311 3 1
12312 3 1
12313 3 1
12314 3 1
12315 3 1
12316 3 1
12317 3 1
12318 3 1
12319 3 1
12320 3 1
12321 3 1
12322 3 1
12323 3 1
12324 3 1
12325 3 1
12326 3 1
12327 3 1
12328 3 1
12329 3 1
12330 3 1
12331 3 1
12332 3 1
12333 3 1
12334 3 1
12335 3 1
12336 3 1
12337 3 1
12338 3 1
12339 3 1
12340 3 1
12341 3 1
12342 3 1
12343 3 1
12344 3 1
12345 3 1
12346 3 1
12347 3 1
12348 3 1
12349 3 1
12350 3 1
12351 3 1
12352 3 1
12353 3 1
12354 3 1
12355 3 1
12356 3 1
12357 3 1
12358 3 1
12359 3 1
12360 3 1
12361 3 1
12362 3 1
12363 3 1
12364 3 1
12365 3 1
12366 3 1
12367 3 1
12368 3 1
12369 3 1
12370 3 1
12371 3 1
12372 3 1
12373 3 1
12374 3 1
12375 3 1
12376 3 1
12377 3 1
12378 3 1
12379 3 1
12380 3 1
12381 3 1
12382 3 1
12383 3 1
12384 3 1
12385 3 1
12386 3 1
12387 3 1
12388 3 1
12389 3 1
12390 3 1
12391 3 1
12392 3 1
12393 3 1
12394 3 1
12395 3 1
12396 3 1
12397 3 1
12398 3 1
12399 3 1
12400 3 1
12401 3 1
12402 3 1
12403 3 1
12404 3 1
12405 3 1
12406 3 1
12407 3 1
12408 3 1
12409 3 1
12410 3 1
12411 3 1
12412 3 1
12413 3 1
12414 3 1
12415 3 1
12416 3 1
12417 3 1
12418 3 1
12419 3 1
12420 3 1
12421 3 1
12422 3 1
12423 3 1
12424 3 1
12425 3 1
12426 3 1
12427 3 1
12428 3 1
12429 3 1
12430 3 1
12431 3 1
12432 3 1
12433 3 1
12434 3 1
12435 3 1
12436 3 1
12437 3 1
12438 3 1
12439 3 1
12440 3 1
12441 3 1
12442 3 1
12443 3 1
12444 3 1
12445 3 1
12446 3 1
12447 3 1
12448 3 1
12449 3 1
12450 3 1
12451 3 1
12452 3 1
12453 3 1
12454 3 1
12455 3 1
12456 3 1
12457 3 1
12458 3 1
12459 3 1
12460 3 1
12461 3 1
12462 3 1
12463 3 1
12464 3 1
12465 3 1
12466 3 1
12467 3 1
12468 3 1
12469 3 1
12470 3 1
12471 3 1
12472 3 1
12473 3 1
12474 3 1
5 4 1
6 4 1
11 5 1
17 5 1
22 5 1
42 5 1
89 5 1
141 5 1
216 5 1
218 5 1
254 5 1
276 5 1
333 5 1
451 5 1
472 5 1
480 5 1
810 5 1
957 5 1
3071 5 1
4436 5 1
10193 5 1
11837 5 1
12764 5 1
13898 5 1
18889 5 1
20068 5 1
22560 5 1
23264 5 1
23383 5 1
24585 5 1
25532 5 1
25602 5 1
11 6 1
17 6 1
22 6 1
29 6 1
30 6 1
42 6 1
57 6 1
89 6 1
97 6 1
110 6 1
141 6 1
151 6 1
157 6 1
195 6 1
214 6 1
222 6 1
223 6 1
229 6 1
276 6 1
296 6 1
336 6 1
435 6 1
451 6 1
455 6 1
480 6 1
571 6 1
612 6 1
733 6 1
736 6 1
810 6 1
955 6 1
1002 6 1
1130 6 1
1153 6 1
1276 6 1
1359 6 1
1553 6 1
1556 6 1
1599 6 1
1631 6 1
1944 6 1
2026 6 1
2064 6 1
2089 6 1
2107 6 1
2214 6 1
2242 6 1
2567 6 1
2574 6 1
2692 6 1
2737 6 1
2843 6 1
2926 6 1
3009 6 1
3062 6 1
3083 6 1
3089 6 1
3348 6 1
3425 6 1
3546 6 1
3549 6 1
3561 6 1
3629 6 1
3782 6 1
3954 6 1
4020 6 1
4070 6 1
4163 6 1
4213 6 1
4227 6 1
4233 6 1
4238 6 1
4253 6 1
4387 6 1
4489 6 1
4495 6 1
4516 6 1
4674 6 1
4788 6 1
5051 6 1
5080 6 1
5156 6 1
5185 6 1
5980 6 1
6063 6 1
6136 6 1
6173 6 1
6228 6 1
6254 6 1
6283 6 1
6344 6 1
6380 6 1
6405 6 1
6409 6 1
6536 6 1
6556 6 1
6607 6 1
6843 6 1
6919 6 1
6936 6 1
6944 6 1
7174 6 1
7272 6 1
7435 6 1
7519 6 1
7891 6 1
7984 6 1
8013 6 1
8089 6 1
8254 6 1
8575 6 1
8705 6 1
8710 6 1
8743 6 1
8748 6 1
8775 6 1
9039 6 1
9258 6 1
9293 6 1
9314 6 1
9323 6 1
9339 6 1
9346 6 1
9374 6 1
9381 6 1
9521 6 1
9741 6 1
9788 6 1
9791 6 1
9934 6 1
9959 6 1
9966 6 1
10027 6 1
10062 6 1
10075 6 1
10159 6 1
10305 6 1
10350 6 1
10648 6 1
10817 6 1
10825 6 1
11035 6 1
11051 6 1
11103 6 1
11115 6 1
11127 6 1
11135 6 1
11272 6 1
11277 6 1
11567 6 1
11609 6 1
11633 6 1
11656 6 1
11671 6 1
11740 6 1
11837 6 1
11899 6 1
12567 6 1
12590 6 1
12792 6 1
12807 6 1
12836 6 1
13060 6 1
13078 6 1
13088 6 1
13116 6 1
13130 6 1
13245 6 1
13261 6 1
13299 6 1
13311 6 1
13333 6 1
13365 6 1
13380 6 1
13696 6 1
13795 6 1
13868 6 1
14003 6 1
14129 6 1
14223 6 1
14228 6 1
14230 6 1
14231 6 1
14233 6 1
14239 6 1
14242 6 1
14244 6 1
14257 6 1
14263 6 1
14273 6 1
14332 6 1
14384 6 1
14536 6 1
14651 6 1
14667 6 1
14776 6 1
14780 6 1
14781 6 1
14795 6 1
14799 6 1
14801 6 1
14814 6 1
14871 6 1
15046 6 1
15058 6 1
15065 6 1
15071 6 1
15074 6 1
15118 6 1
15280 6 1
15297 6 1
15357 6 1
15364 6 1
15536 6 1
15834 6 1
15845 6 1
15889 6 1
15916 6 1
15947 6 1
16025 6 1
16066 6 1
16067 6 1
16123 6 1
16188 6 1
16325 6 1
16332 6 1
16438 6 1
16509 6 1
16571 6 1
16601 6 1
16719 6 1
16728 6 1
16776 6 1
16780 6 1
16787 6 1
16792 6 1
16839 6 1
16852 6 1
16918 6 1
16976 6 1
16990 6 1
16999 6 1
17003 6 1
17053 6 1
17082 6 1
17671 6 1
17762 6 1
17847 6 1
17887 6 1
17942 6 1
17948 6 1
17949 6 1
17962 6 1
17963 6 1
17970 6 1
18037 6 1
18045 6 1
18123 6 1
18125 6 1
18132 6 1
18133 6 1
18136 6 1
18143 6 1
18146 6 1
18163 6 1
18165 6 1
18178 6 1
18335 6 1
18351 6 1
18436 6 1
18442 6 1
18461 6 1
18503 6 1
18508 6 1
18516 6 1
18556 6 1
18652 6 1
18874 6 1
18887 6 1
19025 6 1
19065 6 1
19112 6 1
19121 6 1
19143 6 1
19224 6 1
19278 6 1
19364 6 1
19409 6 1
19415 6 1
19416 6 1
19421 6 1
19424 6 1
19521 6 1
19604 6 1
19774 6 1
19776 6 1
19852 6 1
19897 6 1
19920 6 1
19921 6 1
19935 6 1
19949 6 1
20007 6 1
20026 6 1
20068 6 1
20099 6 1
20158 6 1
20214 6 1
20333 6 1
20355 6 1
20398 6 1
20400 6 1
20518 6 1
20528 6 1
20547 6 1
20636 6 1
20643 6 1
20796 6 1
20811 6 1
20816 6 1
20817 6 1
20864 6 1
21010 6 1
21014 6 1
21082 6 1
21084 6 1
21348 6 1
21350 6 1
21499 6 1
21516 6 1
21563 6 1
21607 6 1
21609 6 1
21665 6 1
21790 6 1
21798 6 1
21803 6 1
21936 6 1
21953 6 1
22100 6 1
22138 6 1
22172 6 1
22187 6 1
22214 6 1
22218 6 1
22219 6 1
22224 6 1
22231 6 1
22258 6 1
22262 6 1
22265 6 1
22266 6 1
22267 6 1
22268 6 1
22269 6 1
22270 6 1
22273 6 1
22392 6 1
22504 6 1
22550 6 1
22592 6 1
22712 6 1
22772 6 1
22785 6 1
22833 6 1
22862 6 1
22877 6 1
23109 6 1
23182 6 1
23184 6 1
23230 6 1
23275 6 1
23276 6 1
23279 6 1
23305 6 1
23323 6 1
23326 6 1
23328 6 1
23333 6 1
23334 6 1
23335 6 1
23339 6 1
23340 6 1
23345 6 1
23347 6 1
23480 6 1
23515 6 1
23626 6 1
23768 6 1
23778 6 1
23791 6 1
23805 6 1
23881 6 1
23915 6 1
23947 6 1
23958 6 1
23999 6 1
24011 6 1
24037 6 1
24137 6 1
24451 6 1
24464 6 1
24497 6 1
24498 6 1
24511 6 1
24520 6 1
24547 6 1
24641 6 1
24642 6 1
24643 6 1
24644 6 1
24645 6 1
24646 6 1
24647 6 1
24648 6 1
24649 6 1
24650 6 1
24651 6 1
24652 6 1
24653 6 1
24654 6 1
24655 6 1
24656 6 1
24657 6 1
24658 6 1
24659 6 1
24660 6 1
24661 6 1
24662 6 1
24663 6 1
24664 6 1
24665 6 1
24666 6 1
24667 6 1
24668 6 1
24669 6 1
24670 6 1
24671 6 1
24672 6 1
24673 6 1
24674 6 1
24675 6 1
24676 6 1
24677 6 1
24678 6 1
24679 6 1
24680 6 1
24681 6 1
24682 6 1
24683 6 1
24684 6 1
24685 6 1
24686 6 1
24687 6 1
24688 6 1
24689 6 1
24690 6 1
24691 6 1
24692 6 1
24693 6 1
24694 6 1
24695 6 1
24696 6 1
24697 6 1
24698 6 1
24699 6 1
24700 6 1
24701 6 1
8 7 1
9 7 1
10 7 1
11 7 1
12 7 1
13 7 1
14 7 1
15 7 1
16 7 1
17 7 1
18 7 1
19 7 1
20 7 1
21 7 1
22 7 1
23 7 1
24 7 1
25 7 1
26 7 1
27 7 1
28 7 1
29 7 1
30 7 1
31 7 1
32 7 1
33 7 1
34 7 1
35 7 1
36 7 1
37 7 1
38 7 1
39 7 1
40 7 1
41 7 1
42 7 1
43 7 1
44 7 1
2455 8 1
11 9 1
17 9 1
22 9 1
29 9 1
42 9 1
157 9 1
216 9 1
222 9 1
276 9 1
336 9 1
397 9 1
451 9 1
472 9 1
480 9 1
971 9 1
1026 9 1
3326 9 1
10356 9 1
15639 9 1
25270 9 1
25271 9 1
25272 9 1
25273 9 1
25274 9 1
44 10 1
17 11 1
22 11 1
26 11 1
29 11 1
30 11 1
36 11 1
89 11 1
109 11 1
151 11 1
216 11 1
229 11 1
235 11 1
291 11 1
297 11 1
330 11 1
333 11 1
336 11 1
346 11 1
430 11 1
437 11 1
480 11 1
582 11 1
585 11 1
638 11 1
696 11 1
732 11 1
741 11 1
774 11 1
783 11 1
806 11 1
841 11 1
851 11 1
868 11 1
935 11 1
946 11 1
951 11 1
954 11 1
959 11 1
972 11 1
975 11 1
977 11 1
984 11 1
1046 11 1
1109 11 1
1245 11 1
1246 11 1
1281 11 1
1282 11 1
1303 11 1
1517 11 1
1532 11 1
1600 11 1
1939 11 1
2104 11 1
2169 11 1
2171 11 1
2175 11 1
2176 11 1
2184 11 1
2199 11 1
2276 11 1
2307 11 1
2333 11 1
2342 11 1
2348 11 1
2361 11 1
2374 11 1
2415 11 1
2419 11 1
2443 11 1
2455 11 1
2609 11 1
2626 11 1
2660 11 1
2675 11 1
2724 11 1
2773 11 1
2827 11 1
2840 11 1
2870 11 1
2896 11 1
2899 11 1
2974 11 1
2993 11 1
3008 11 1
3015 11 1
3046 11 1
3066 11 1
3070 11 1
3082 11 1
3090 11 1
3122 11 1
3128 11 1
3144 11 1
3174 11 1
3217 11 1
3226 11 1
3250 11 1
3266 11 1
3274 11 1
3326 11 1
3347 11 1
3388 11 1
3436 11 1
3477 11 1
3478 11 1
3583 11 1
4000 11 1
4203 11 1
4221 11 1
4288 11 1
4794 11 1
4864 11 1
4866 11 1
4877 11 1
4890 11 1
4897 11 1
4905 11 1
4909 11 1
4914 11 1
4916 11 1
4959 11 1
4976 11 1
5929 11 1
5930 11 1
5931 11 1
5932 11 1
5933 11 1
5934 11 1
5935 11 1
5936 11 1
5937 11 1
5938 11 1
5939 11 1
5940 11 1
5941 11 1
5942 11 1
5943 11 1
5944 11 1
5945 11 1
5946 11 1
5947 11 1
5948 11 1
5949 11 1
5950 11 1
5951 11 1
5952 11 1
5953 11 1
5954 11 1
5955 11 1
5956 11 1
5957 11 1
5958 11 1
5959 11 1
5960 11 1
5961 11 1
5962 11 1
5963 11 1
5964 11 1
5965 11 1
5966 11 1
5967 11 1
5968 11 1
5969 11 1
5970 11 1
216 12 1
877 12 1
10356 14 1
946 16 1
22 17 1
30 17 1
36 17 1
42 17 1
81 17 1
89 17 1
98 17 1
109 17 1
126 17 1
141 17 1
151 17 1
157 17 1
214 17 1
216 17 1
222 17 1
229 17 1
235 17 1
236 17 1
241 17 1
276 17 1
291 17 1
297 17 1
306 17 1
330 17 1
333 17 1
336 17 1
346 17 1
385 17 1
404 17 1
415 17 1
437 17 1
440 17 1
451 17 1
455 17 1
458 17 1
472 17 1
480 17 1
488 17 1
504 17 1
531 17 1
542 17 1
571 17 1
582 17 1
585 17 1
601 17 1
607 17 1
612 17 1
638 17 1
696 17 1
697 17 1
711 17 1
713 17 1
715 17 1
730 17 1
732 17 1
733 17 1
736 17 1
739 17 1
741 17 1
774 17 1
778 17 1
783 17 1
798 17 1
810 17 1
841 17 1
851 17 1
871 17 1
885 17 1
886 17 1
904 17 1
940 17 1
946 17 1
954 17 1
955 17 1
957 17 1
960 17 1
962 17 1
971 17 1
972 17 1
975 17 1
977 17 1
984 17 1
1062 17 1
1081 17 1
1115 17 1
1197 17 1
1255 17 1
1281 17 1
1286 17 1
1303 17 1
1376 17 1
1468 17 1
1487 17 1
1514 17 1
1515 17 1
1517 17 1
1532 17 1
1575 17 1
1632 17 1
1877 17 1
1929 17 1
1939 17 1
2046 17 1
2081 17 1
2090 17 1
2104 17 1
2107 17 1
2169 17 1
2171 17 1
2172 17 1
2175 17 1
2176 17 1
2180 17 1
2181 17 1
2184 17 1
2199 17 1
2242 17 1
2250 17 1
2267 17 1
2297 17 1
2307 17 1
2314 17 1
2316 17 1
2321 17 1
2327 17 1
2337 17 1
2339 17 1
2342 17 1
2343 17 1
2348 17 1
2354 17 1
2361 17 1
2374 17 1
2378 17 1
2389 17 1
2402 17 1
2403 17 1
2406 17 1
2412 17 1
2415 17 1
2419 17 1
2421 17 1
2429 17 1
2478 17 1
2509 17 1
2510 17 1
2539 17 1
2574 17 1
2580 17 1
2609 17 1
2626 17 1
2635 17 1
2687 17 1
2699 17 1
2741 17 1
2756 17 1
2773 17 1
2780 17 1
2784 17 1
2813 17 1
2826 17 1
2827 17 1
2840 17 1
2856 17 1
2879 17 1
2890 17 1
2899 17 1
2918 17 1
2926 17 1
2940 17 1
2941 17 1
2949 17 1
2989 17 1
2993 17 1
3008 17 1
3013 17 1
3040 17 1
3066 17 1
3070 17 1
3083 17 1
3114 17 1
3122 17 1
3128 17 1
3142 17 1
3144 17 1
3154 17 1
3171 17 1
3177 17 1
3178 17 1
3184 17 1
3220 17 1
3222 17 1
3250 17 1
3266 17 1
3274 17 1
3280 17 1
3306 17 1
3320 17 1
3323 17 1
3345 17 1
3346 17 1
3347 17 1
3377 17 1
3386 17 1
3388 17 1
3392 17 1
3454 17 1
3475 17 1
3477 17 1
3485 17 1
3595 17 1
3678 17 1
3905 17 1
4000 17 1
4203 17 1
4221 17 1
4249 17 1
4288 17 1
4375 17 1
4475 17 1
4498 17 1
4615 17 1
4622 17 1
4642 17 1
4762 17 1
4794 17 1
4800 17 1
4801 17 1
4808 17 1
4838 17 1
4839 17 1
4841 17 1
4859 17 1
4909 17 1
4918 17 1
4926 17 1
4933 17 1
4939 17 1
4940 17 1
4948 17 1
4963 17 1
4971 17 1
4972 17 1
4976 17 1
5110 17 1
5140 17 1
5210 17 1
5847 17 1
5942 17 1
5946 17 1
5947 17 1
5952 17 1
5957 17 1
5959 17 1
5962 17 1
5967 17 1
5968 17 1
5969 17 1
6033 17 1
6138 17 1
6254 17 1
6417 17 1
6711 17 1
6889 17 1
7003 17 1
7194 17 1
7413 17 1
8005 17 1
8436 17 1
8517 17 1
8696 17 1
9024 17 1
9189 17 1
9241 17 1
9253 17 1
9320 17 1
9321 17 1
9332 17 1
9333 17 1
9334 17 1
9336 17 1
9340 17 1
9344 17 1
9345 17 1
9348 17 1
9354 17 1
9356 17 1
9358 17 1
9362 17 1
9363 17 1
9365 17 1
9366 17 1
9369 17 1
9378 17 1
9518 17 1
9818 17 1
9951 17 1
9964 17 1
9996 17 1
10007 17 1
10009 17 1
10012 17 1
10037 17 1
10284 17 1
10351 17 1
10427 17 1
10588 17 1
10648 17 1
10721 17 1
10862 17 1
10981 17 1
11009 17 1
11051 17 1
11408 17 1
12828 17 1
12836 17 1
12840 17 1
13288 17 1
13382 17 1
13556 17 1
13621 17 1
13784 17 1
14033 17 1
14128 17 1
14652 17 1
14671 17 1
14860 17 1
15047 17 1
15271 17 1
15478 17 1
15646 17 1
15813 17 1
15886 17 1
15896 17 1
16332 17 1
16509 17 1
16675 17 1
16815 17 1
16918 17 1
17030 17 1
17035 17 1
17044 17 1
17939 17 1
18043 17 1
18347 17 1
18350 17 1
18416 17 1
18419 17 1
18556 17 1
19057 17 1
19464 17 1
19897 17 1
19899 17 1
19934 17 1
20104 17 1
20136 17 1
20392 17 1
20400 17 1
20647 17 1
20864 17 1
20994 17 1
20996 17 1
21179 17 1
21510 17 1
21652 17 1
21792 17 1
21808 17 1
22486 17 1
22716 17 1
23319 17 1
23320 17 1
23321 17 1
23322 17 1
23323 17 1
23324 17 1
23325 17 1
23326 17 1
23327 17 1
23328 17 1
23329 17 1
23330 17 1
23331 17 1
23332 17 1
23333 17 1
23334 17 1
23335 17 1
23336 17 1
23337 17 1
23338 17 1
23339 17 1
23340 17 1
23341 17 1
23342 17 1
23343 17 1
23344 17 1
23345 17 1
23346 17 1
23347 17 1
23348 17 1
44 19 1
430 20 1
18481 20 1
26 22 1
29 22 1
30 22 1
36 22 1
89 22 1
94 22 1
98 22 1
109 22 1
126 22 1
141 22 1
151 22 1
157 22 1
214 22 1
216 22 1
220 22 1
235 22 1
241 22 1
254 22 1
276 22 1
291 22 1
297 22 1
327 22 1
330 22 1
333 22 1
336 22 1
341 22 1
346 22 1
385 22 1
404 22 1
415 22 1
427 22 1
437 22 1
451 22 1
472 22 1
480 22 1
523 22 1
542 22 1
571 22 1
582 22 1
585 22 1
602 22 1
605 22 1
607 22 1
612 22 1
638 22 1
696 22 1
697 22 1
732 22 1
733 22 1
741 22 1
742 22 1
748 22 1
771 22 1
774 22 1
806 22 1
810 22 1
829 22 1
841 22 1
851 22 1
871 22 1
891 22 1
892 22 1
933 22 1
946 22 1
954 22 1
962 22 1
971 22 1
972 22 1
975 22 1
977 22 1
984 22 1
1046 22 1
1059 22 1
1076 22 1
1081 22 1
1109 22 1
1112 22 1
1115 22 1
1144 22 1
1209 22 1
1281 22 1
1303 22 1
1515 22 1
1517 22 1
1532 22 1
1556 22 1
1575 22 1
1581 22 1
1632 22 1
1877 22 1
1886 22 1
1929 22 1
1937 22 1
1939 22 1
2008 22 1
2046 22 1
2081 22 1
2090 22 1
2104 22 1
2169 22 1
2171 22 1
2175 22 1
2176 22 1
2180 22 1
2181 22 1
2184 22 1
2190 22 1
2199 22 1
2250 22 1
2267 22 1
2269 22 1
2270 22 1
2276 22 1
2307 22 1
2314 22 1
2316 22 1
2321 22 1
2333 22 1
2342 22 1
2348 22 1
2354 22 1
2361 22 1
2374 22 1
2389 22 1
2403 22 1
2415 22 1
2419 22 1
2421 22 1
2422 22 1
2478 22 1
2487 22 1
2488 22 1
2506 22 1
2509 22 1
2541 22 1
2574 22 1
2580 22 1
2596 22 1
2605 22 1
2609 22 1
2626 22 1
2635 22 1
2639 22 1
2675 22 1
2698 22 1
2741 22 1
2763 22 1
2773 22 1
2774 22 1
2813 22 1
2827 22 1
2840 22 1
2856 22 1
2870 22 1
2879 22 1
2890 22 1
2899 22 1
2918 22 1
2939 22 1
2941 22 1
2974 22 1
2993 22 1
3008 22 1
3019 22 1
3064 22 1
3066 22 1
3080 22 1
3082 22 1
3083 22 1
3092 22 1
3114 22 1
3122 22 1
3124 22 1
3144 22 1
3154 22 1
3184 22 1
3226 22 1
3250 22 1
3264 22 1
3266 22 1
3274 22 1
3280 22 1
3282 22 1
3306 22 1
3323 22 1
3332 22 1
3335 22 1
3345 22 1
3347 22 1
3374 22 1
3377 22 1
3386 22 1
3388 22 1
3392 22 1
3404 22 1
3405 22 1
3429 22 1
3436 22 1
3475 22 1
3477 22 1
3485 22 1
3532 22 1
3583 22 1
3595 22 1
3693 22 1
3860 22 1
3905 22 1
3915 22 1
4000 22 1
4015 22 1
4155 22 1
4203 22 1
4221 22 1
4249 22 1
4288 22 1
4305 22 1
4437 22 1
4475 22 1
4498 22 1
4534 22 1
4555 22 1
4615 22 1
4675 22 1
4686 22 1
4762 22 1
4786 22 1
4794 22 1
4800 22 1
4801 22 1
4808 22 1
4816 22 1
4824 22 1
4851 22 1
4857 22 1
4866 22 1
4892 22 1
4903 22 1
4905 22 1
4909 22 1
4914 22 1
4924 22 1
4932 22 1
4933 22 1
4940 22 1
4948 22 1
4955 22 1
4962 22 1
4967 22 1
4971 22 1
4976 22 1
4987 22 1
5054 22 1
5183 22 1
5193 22 1
5195 22 1
5210 22 1
5267 22 1
5731 22 1
5732 22 1
5889 22 1
5932 22 1
5934 22 1
5937 22 1
5941 22 1
5942 22 1
5945 22 1
5946 22 1
5951 22 1
5952 22 1
5954 22 1
5957 22 1
5959 22 1
5962 22 1
5963 22 1
5964 22 1
5967 22 1
5968 22 1
6026 22 1
6117 22 1
6160 22 1
6173 22 1
6180 22 1
6196 22 1
6326 22 1
6327 22 1
6345 22 1
6387 22 1
6430 22 1
6444 22 1
6711 22 1
8436 22 1
8696 22 1
8737 22 1
9024 22 1
9184 22 1
9241 22 1
9335 22 1
9336 22 1
9493 22 1
9498 22 1
9524 22 1
9559 22 1
9609 22 1
9639 22 1
9745 22 1
9818 22 1
9824 22 1
9853 22 1
9929 22 1
9937 22 1
9945 22 1
9996 22 1
10007 22 1
10009 22 1
10012 22 1
10015 22 1
10020 22 1
10031 22 1
10041 22 1
10059 22 1
10068 22 1
10071 22 1
10078 22 1
10080 22 1
10088 22 1
10098 22 1
10185 22 1
10284 22 1
10333 22 1
10350 22 1
10351 22 1
10427 22 1
10588 22 1
10593 22 1
10614 22 1
10632 22 1
10636 22 1
10649 22 1
10676 22 1
10698 22 1
10744 22 1
10755 22 1
10783 22 1
10796 22 1
10862 22 1
10943 22 1
10963 22 1
10997 22 1
11073 22 1
11131 22 1
11375 22 1
11408 22 1
11473 22 1
11529 22 1
11557 22 1
11566 22 1
11692 22 1
12500 22 1
12578 22 1
12827 22 1
12842 22 1
12851 22 1
12883 22 1
12949 22 1
12994 22 1
13017 22 1
13245 22 1
13288 22 1
13316 22 1
13383 22 1
13595 22 1
13853 22 1
13957 22 1
14146 22 1
14200 22 1
14225 22 1
14230 22 1
14236 22 1
14277 22 1
14508 22 1
14538 22 1
14625 22 1
14652 22 1
14719 22 1
14843 22 1
14893 22 1
14910 22 1
15005 22 1
15006 22 1
15047 22 1
15052 22 1
15285 22 1
15610 22 1
15646 22 1
15920 22 1
15968 22 1
15994 22 1
16675 22 1
16822 22 1
16837 22 1
16852 22 1
16854 22 1
17014 22 1
17017 22 1
17027 22 1
17032 22 1
17035 22 1
17040 22 1
17044 22 1
17101 22 1
17883 22 1
17900 22 1
17927 22 1
17939 22 1
17944 22 1
17960 22 1
17966 22 1
18054 22 1
18347 22 1
18395 22 1
18415 22 1
18505 22 1
18511 22 1
18512 22 1
18514 22 1
18546 22 1
18586 22 1
18587 22 1
19412 22 1
19539 22 1
19575 22 1
19603 22 1
19682 22 1
19899 22 1
19919 22 1
19934 22 1
19954 22 1
20148 22 1
20222 22 1
20253 22 1
20368 22 1
20989 22 1
20994 22 1
20996 22 1
20998 22 1
21008 22 1
21016 22 1
21037 22 1
21212 22 1
21252 22 1
21266 22 1
21282 22 1
21375 22 1
21391 22 1
21419 22 1
21425 22 1
21991 22 1
22397 22 1
22486 22 1
22559 22 1
22698 22 1
23121 22 1
23246 22 1
23638 22 1
24008 22 1
24010 22 1
24011 22 1
24014 22 1
24075 22 1
24102 22 1
24561 22 1
24571 22 1
24598 22 1
24649 22 1
24724 22 1
25219 22 1
25265 22 1
25435 22 1
25523 22 1
25528 22 1
25529 22 1
25530 22 1
25531 22 1
25532 22 1
25533 22 1
25534 22 1
25535 22 1
25536 22 1
25537 22 1
25538 22 1
3758 23 1
1281 24 1
1282 24 1
3066 25 1
216 26 1
1286 26 1
2709 26 1
35 29 1
36 29 1
42 29 1
81 29 1
89 29 1
94 29 1
109 29 1
195 29 1
214 29 1
216 29 1
223 29 1
229 29 1
297 29 1
318 29 1
330 29 1
336 29 1
352 29 1
438 29 1
440 29 1
480 29 1
571 29 1
612 29 1
682 29 1
706 29 1
711 29 1
733 29 1
736 29 1
753 29 1
771 29 1
783 29 1
789 29 1
798 29 1
799 29 1
810 29 1
841 29 1
933 29 1
954 29 1
971 29 1
983 29 1
984 29 1
1016 29 1
1064 29 1
1115 29 1
1146 29 1
1162 29 1
1201 29 1
1277 29 1
1281 29 1
1290 29 1
1359 29 1
1388 29 1
1493 29 1
1532 29 1
1538 29 1
1552 29 1
1608 29 1
1631 29 1
1679 29 1
1838 29 1
1886 29 1
1943 29 1
2019 29 1
2064 29 1
2089 29 1
2104 29 1
2107 29 1
2176 29 1
2217 29 1
2343 29 1
2361 29 1
2417 29 1
2443 29 1
2463 29 1
2468 29 1
2485 29 1
2503 29 1
2509 29 1
2538 29 1
2574 29 1
2679 29 1
2708 29 1
2709 29 1
2737 29 1
2769 29 1
2864 29 1
2893 29 1
2958 29 1
3083 29 1
3085 29 1
3089 29 1
3111 29 1
3146 29 1
3180 29 1
3211 29 1
3244 29 1
3272 29 1
3356 29 1
3382 29 1
3629 29 1
3682 29 1
3782 29 1
3860 29 1
3954 29 1
4127 29 1
4318 29 1
4444 29 1
4504 29 1
4516 29 1
4540 29 1
4672 29 1
4762 29 1
4786 29 1
4890 29 1
4913 29 1
4918 29 1
4919 29 1
4948 29 1
4988 29 1
4991 29 1
5024 29 1
5080 29 1
5085 29 1
5113 29 1
5171 29 1
5194 29 1
5237 29 1
5310 29 1
5730 29 1
5823 29 1
5880 29 1
5888 29 1
5945 29 1
5985 29 1
6063 29 1
6113 29 1
6163 29 1
6185 29 1
6371 29 1
6394 29 1
6395 29 1
6400 29 1
6427 29 1
6484 29 1
6555 29 1
6567 29 1
6607 29 1
6660 29 1
6671 29 1
6677 29 1
6704 29 1
6722 29 1
6733 29 1
6761 29 1
6763 29 1
6769 29 1
6774 29 1
6779 29 1
6801 29 1
6807 29 1
6821 29 1
6826 29 1
6843 29 1
6861 29 1
6862 29 1
6884 29 1
6899 29 1
6906 29 1
6944 29 1
6986 29 1
7003 29 1
7015 29 1
7022 29 1
7045 29 1
7056 29 1
7060 29 1
7074 29 1
7075 29 1
7085 29 1
7092 29 1
7094 29 1
7145 29 1
7164 29 1
7174 29 1
7212 29 1
7215 29 1
7218 29 1
7233 29 1
7240 29 1
7251 29 1
7252 29 1
7255 29 1
7258 29 1
7267 29 1
7272 29 1
7281 29 1
7304 29 1
7308 29 1
7341 29 1
7354 29 1
7376 29 1
7406 29 1
7441 29 1
7447 29 1
7449 29 1
7456 29 1
7496 29 1
7504 29 1
7521 29 1
7525 29 1
7528 29 1
7551 29 1
7577 29 1
7604 29 1
7616 29 1
7618 29 1
7630 29 1
7645 29 1
7657 29 1
7664 29 1
7674 29 1
7684 29 1
7693 29 1
7706 29 1
7707 29 1
7753 29 1
7772 29 1
7808 29 1
7813 29 1
7821 29 1
7824 29 1
7836 29 1
7838 29 1
7863 29 1
7891 29 1
7917 29 1
7923 29 1
7932 29 1
7939 29 1
7956 29 1
7975 29 1
8005 29 1
8013 29 1
8021 29 1
8025 29 1
8042 29 1
8058 29 1
8068 29 1
8086 29 1
8148 29 1
8204 29 1
8210 29 1
8213 29 1
8219 29 1
8236 29 1
8243 29 1
8247 29 1
8248 29 1
8318 29 1
8336 29 1
8348 29 1
8364 29 1
8456 29 1
8492 29 1
8497 29 1
8506 29 1
8510 29 1
8514 29 1
8520 29 1
8538 29 1
8545 29 1
8546 29 1
8552 29 1
8564 29 1
8571 29 1
8572 29 1
8575 29 1
8586 29 1
8587 29 1
8609 29 1
8612 29 1
8623 29 1
8628 29 1
8966 29 1
9191 29 1
9309 29 1
9314 29 1
9350 29 1
9479 29 1
9489 29 1
9524 29 1
9602 29 1
9638 29 1
9714 29 1
9741 29 1
9761 29 1
9794 29 1
9817 29 1
9951 29 1
10032 29 1
10100 29 1
10148 29 1
10159 29 1
10634 29 1
10744 29 1
10783 29 1
10945 29 1
11141 29 1
11204 29 1
11211 29 1
11216 29 1
11218 29 1
11316 29 1
11389 29 1
12789 29 1
12795 29 1
12798 29 1
12799 29 1
12802 29 1
12803 29 1
12806 29 1
12807 29 1
12809 29 1
12810 29 1
12815 29 1
12816 29 1
12817 29 1
12819 29 1
12820 29 1
12838 29 1
13338 29 1
13371 29 1
13372 29 1
13373 29 1
13380 29 1
13473 29 1
13613 29 1
13999 29 1
14001 29 1
14028 29 1
14121 29 1
14205 29 1
14212 29 1
14237 29 1
14243 29 1
14251 29 1
14254 29 1
14266 29 1
14271 29 1
14276 29 1
14280 29 1
14283 29 1
14408 29 1
14527 29 1
14667 29 1
14689 29 1
14774 29 1
14777 29 1
14778 29 1
14786 29 1
14791 29 1
14797 29 1
14801 29 1
14803 29 1
14804 29 1
14816 29 1
14818 29 1
15021 29 1
15057 29 1
15065 29 1
15209 29 1
15320 29 1
15478 29 1
15491 29 1
15578 29 1
15622 29 1
15760 29 1
15845 29 1
16259 29 1
16310 29 1
16390 29 1
16424 29 1
16826 29 1
16873 29 1
16976 29 1
17082 29 1
17089 29 1
17137 29 1
17160 29 1
17750 29 1
17870 29 1
17885 29 1
17921 29 1
17947 29 1
17969 29 1
18027 29 1
18043 29 1
18143 29 1
18281 29 1
18347 29 1
18350 29 1
18410 29 1
18428 29 1
18446 29 1
18461 29 1
18513 29 1
18527 29 1
18602 29 1
18872 29 1
18874 29 1
18957 29 1
19066 29 1
19071 29 1
19112 29 1
19117 29 1
19196 29 1
19518 29 1
19719 29 1
19931 29 1
19959 29 1
20026 29 1
20355 29 1
20563 29 1
20754 29 1
21018 29 1
21050 29 1
21602 29 1
21603 29 1
21607 29 1
21609 29 1
21665 29 1
21693 29 1
21808 29 1
21815 29 1
21936 29 1
21956 29 1
22024 29 1
22212 29 1
22486 29 1
22592 29 1
22645 29 1
22766 29 1
22771 29 1
22785 29 1
22833 29 1
22883 29 1
22920 29 1
23030 29 1
23064 29 1
23129 29 1
23142 29 1
23171 29 1
23212 29 1
23244 29 1
23270 29 1
23322 29 1
23335 29 1
23339 29 1
23484 29 1
23642 29 1
23663 29 1
23691 29 1
23937 29 1
23949 29 1
23970 29 1
24009 29 1
24443 29 1
24464 29 1
24521 29 1
24547 29 1
24571 29 1
24644 29 1
24647 29 1
24652 29 1
24656 29 1
24666 29 1
24668 29 1
24670 29 1
24674 29 1
24685 29 1
24808 29 1
24903 29 1
25002 29 1
25045 29 1
25055 29 1
25110 29 1
25158 29 1
25161 29 1
25174 29 1
25177 29 1
25344 29 1
25347 29 1
25367 29 1
25393 29 1
25534 29 1
25602 29 1
25689 29 1
25954 29 1
25971 29 1
26035 29 1
26167 29 1
26288 29 1
26322 29 1
26336 29 1
26392 29 1
26405 29 1
26422 29 1
26444 29 1
26452 29 1
26457 29 1
26468 29 1
26469 29 1
26470 29 1
36 30 1
42 30 1
57 30 1
81 30 1
89 30 1
98 30 1
109 30 1
120 30 1
123 30 1
126 30 1
141 30 1
151 30 1
216 30 1
218 30 1
220 30 1
222 30 1
223 30 1
229 30 1
241 30 1
246 30 1
249 30 1
254 30 1
265 30 1
276 30 1
280 30 1
294 30 1
297 30 1
298 30 1
301 30 1
303 30 1
306 30 1
309 30 1
330 30 1
333 30 1
336 30 1
339 30 1
341 30 1
354 30 1
367 30 1
369 30 1
378 30 1
384 30 1
415 30 1
439 30 1
440 30 1
441 30 1
446 30 1
449 30 1
450 30 1
451 30 1
455 30 1
458 30 1
460 30 1
472 30 1
476 30 1
480 30 1
488 30 1
498 30 1
504 30 1
510 30 1
516 30 1
518 30 1
520 30 1
523 30 1
526 30 1
531 30 1
549 30 1
571 30 1
582 30 1
583 30 1
589 30 1
599 30 1
601 30 1
606 30 1
607 30 1
611 30 1
616 30 1
639 30 1
643 30 1
678 30 1
681 30 1
684 30 1
687 30 1
692 30 1
709 30 1
711 30 1
713 30 1
730 30 1
732 30 1
733 30 1
736 30 1
750 30 1
760 30 1
771 30 1
778 30 1
798 30 1
799 30 1
810 30 1
815 30 1
892 30 1
901 30 1
906 30 1
907 30 1
933 30 1
946 30 1
955 30 1
956 30 1
957 30 1
959 30 1
962 30 1
972 30 1
975 30 1
979 30 1
984 30 1
988 30 1
991 30 1
993 30 1
995 30 1
1003 30 1
1053 30 1
1081 30 1
1084 30 1
1089 30 1
1093 30 1
1098 30 1
1108 30 1
1116 30 1
1120 30 1
1129 30 1
1139 30 1
1144 30 1
1145 30 1
1151 30 1
1169 30 1
1174 30 1
1209 30 1
1219 30 1
1255 30 1
1273 30 1
1277 30 1
1281 30 1
1316 30 1
1345 30 1
1353 30 1
1354 30 1
1405 30 1
1412 30 1
1456 30 1
1486 30 1
1487 30 1
1497 30 1
1502 30 1
1505 30 1
1509 30 1
1533 30 1
1546 30 1
1558 30 1
1581 30 1
1603 30 1
1608 30 1
1886 30 1
1887 30 1
1929 30 1
1932 30 1
1941 30 1
1943 30 1
2002 30 1
2007 30 1
2009 30 1
2029 30 1
2042 30 1
2043 30 1
2046 30 1
2052 30 1
2054 30 1
2090 30 1
2110 30 1
2153 30 1
2159 30 1
2172 30 1
2175 30 1
2180 30 1
2184 30 1
2189 30 1
2199 30 1
2203 30 1
2213 30 1
2214 30 1
2236 30 1
2246 30 1
2250 30 1
2251 30 1
2267 30 1
2270 30 1
2279 30 1
2280 30 1
2307 30 1
2308 30 1
2312 30 1
2337 30 1
2339 30 1
2343 30 1
2354 30 1
2378 30 1
2380 30 1
2422 30 1
2434 30 1
2443 30 1
2450 30 1
2456 30 1
2457 30 1
2467 30 1
2479 30 1
2487 30 1
2498 30 1
2507 30 1
2509 30 1
2511 30 1
2512 30 1
2521 30 1
2530 30 1
2539 30 1
2566 30 1
2574 30 1
2580 30 1
2586 30 1
2591 30 1
2596 30 1
2603 30 1
2605 30 1
2610 30 1
2620 30 1
2626 30 1
2628 30 1
2638 30 1
2660 30 1
2663 30 1
2664 30 1
2675 30 1
2687 30 1
2692 30 1
2698 30 1
2699 30 1
2700 30 1
2701 30 1
2706 30 1
2709 30 1
2729 30 1
2735 30 1
2741 30 1
2747 30 1
2767 30 1
2770 30 1
2774 30 1
2784 30 1
2787 30 1
2790 30 1
2797 30 1
2798 30 1
2826 30 1
2827 30 1
2844 30 1
2858 30 1
2876 30 1
2877 30 1
2889 30 1
2894 30 1
2899 30 1
2901 30 1
2916 30 1
2918 30 1
2921 30 1
2931 30 1
2934 30 1
2935 30 1
2937 30 1
2944 30 1
2966 30 1
2971 30 1
2973 30 1
2984 30 1
2991 30 1
2993 30 1
3000 30 1
3011 30 1
3019 30 1
3025 30 1
3026 30 1
3031 30 1
3042 30 1
3051 30 1
3055 30 1
3074 30 1
3084 30 1
3086 30 1
3088 30 1
3103 30 1
3111 30 1
3119 30 1
3122 30 1
3128 30 1
3129 30 1
3131 30 1
3143 30 1
3144 30 1
3154 30 1
3156 30 1
3164 30 1
3178 30 1
3183 30 1
3184 30 1
3195 30 1
3221 30 1
3226 30 1
3229 30 1
3231 30 1
3235 30 1
3236 30 1
3239 30 1
3240 30 1
3256 30 1
3296 30 1
3301 30 1
3304 30 1
3317 30 1
3343 30 1
3350 30 1
3358 30 1
3366 30 1
3373 30 1
3386 30 1
3388 30 1
3400 30 1
3404 30 1
3409 30 1
3415 30 1
3435 30 1
3439 30 1
3444 30 1
3454 30 1
3458 30 1
3467 30 1
3478 30 1
3483 30 1
3494 30 1
3497 30 1
3532 30 1
3534 30 1
3569 30 1
3595 30 1
3640 30 1
3678 30 1
3760 30 1
3761 30 1
3825 30 1
3860 30 1
3861 30 1
3868 30 1
3877 30 1
3894 30 1
3905 30 1
3908 30 1
3924 30 1
3946 30 1
3959 30 1
3964 30 1
3976 30 1
3988 30 1
3991 30 1
4000 30 1
4001 30 1
4017 30 1
4020 30 1
4028 30 1
4035 30 1
4077 30 1
4079 30 1
4122 30 1
4127 30 1
4141 30 1
4175 30 1
4192 30 1
4199 30 1
4200 30 1
4206 30 1
4235 30 1
4240 30 1
4241 30 1
4249 30 1
4253 30 1
4255 30 1
4276 30 1
4283 30 1
4288 30 1
4292 30 1
4307 30 1
4312 30 1
4315 30 1
4346 30 1
4368 30 1
4371 30 1
4373 30 1
4389 30 1
4436 30 1
4437 30 1
4438 30 1
4456 30 1
4498 30 1
4508 30 1
4509 30 1
4534 30 1
4555 30 1
4580 30 1
4615 30 1
4622 30 1
4638 30 1
4645 30 1
4646 30 1
4647 30 1
4657 30 1
4686 30 1
4714 30 1
4742 30 1
4743 30 1
4769 30 1
4772 30 1
4789 30 1
4792 30 1
4794 30 1
4798 30 1
4799 30 1
4801 30 1
4803 30 1
4806 30 1
4808 30 1
4814 30 1
4818 30 1
4820 30 1
4824 30 1
4828 30 1
4835 30 1
4838 30 1
4841 30 1
4843 30 1
4846 30 1
4851 30 1
4857 30 1
4859 30 1
4861 30 1
4868 30 1
4872 30 1
4873 30 1
4889 30 1
4892 30 1
4905 30 1
4924 30 1
4928 30 1
4929 30 1
4932 30 1
4939 30 1
4940 30 1
4943 30 1
4945 30 1
4951 30 1
4956 30 1
4957 30 1
4960 30 1
4967 30 1
4975 30 1
4976 30 1
4978 30 1
4988 30 1
5023 30 1
5052 30 1
5087 30 1
5097 30 1
5102 30 1
5104 30 1
5107 30 1
5157 30 1
5174 30 1
5183 30 1
5186 30 1
5193 30 1
5211 30 1
5212 30 1
5214 30 1
5216 30 1
5220 30 1
5221 30 1
5222 30 1
5224 30 1
5225 30 1
5259 30 1
5295 30 1
5299 30 1
5306 30 1
5331 30 1
5333 30 1
5366 30 1
5428 30 1
5436 30 1
5732 30 1
5855 30 1
5864 30 1
5870 30 1
5889 30 1
5916 30 1
5922 30 1
5927 30 1
5930 30 1
5942 30 1
5952 30 1
5962 30 1
5964 30 1
5967 30 1
5969 30 1
5972 30 1
5976 30 1
5996 30 1
6033 30 1
6038 30 1
6093 30 1
6111 30 1
6119 30 1
6139 30 1
6140 30 1
6146 30 1
6161 30 1
6185 30 1
6196 30 1
6205 30 1
6215 30 1
6216 30 1
6219 30 1
6221 30 1
6227 30 1
6242 30 1
6244 30 1
6246 30 1
6264 30 1
6266 30 1
6268 30 1
6269 30 1
6270 30 1
6273 30 1
6277 30 1
6295 30 1
6306 30 1
6307 30 1
6317 30 1
6331 30 1
6367 30 1
6381 30 1
6392 30 1
6396 30 1
6398 30 1
6403 30 1
6405 30 1
6417 30 1
6431 30 1
6437 30 1
6450 30 1
6457 30 1
6476 30 1
6542 30 1
6561 30 1
6605 30 1
6630 30 1
6644 30 1
6662 30 1
6679 30 1
6717 30 1
6752 30 1
6799 30 1
6803 30 1
6808 30 1
6823 30 1
6832 30 1
6841 30 1
6865 30 1
6878 30 1
6893 30 1
6910 30 1
6917 30 1
6961 30 1
7031 30 1
7037 30 1
7055 30 1
7062 30 1
7078 30 1
7097 30 1
7120 30 1
7191 30 1
7228 30 1
7232 30 1
7242 30 1
7283 30 1
7292 30 1
7325 30 1
7333 30 1
7408 30 1
7421 30 1
7496 30 1
7549 30 1
7569 30 1
7571 30 1
7610 30 1
7638 30 1
7640 30 1
7676 30 1
7711 30 1
7733 30 1
7849 30 1
7860 30 1
7870 30 1
7893 30 1
7910 30 1
7921 30 1
7934 30 1
7935 30 1
7969 30 1
7970 30 1
8014 30 1
8017 30 1
8037 30 1
8056 30 1
8101 30 1
8108 30 1
8111 30 1
8139 30 1
8149 30 1
8155 30 1
8184 30 1
8202 30 1
8209 30 1
8231 30 1
8238 30 1
8287 30 1
8288 30 1
8300 30 1
8320 30 1
8338 30 1
8345 30 1
8367 30 1
8372 30 1
8373 30 1
8398 30 1
8425 30 1
8450 30 1
8475 30 1
8502 30 1
8510 30 1
8513 30 1
8525 30 1
8592 30 1
8626 30 1
8641 30 1
8647 30 1
8665 30 1
8668 30 1
8673 30 1
8681 30 1
8727 30 1
8737 30 1
8777 30 1
8815 30 1
8902 30 1
8914 30 1
8924 30 1
8926 30 1
8930 30 1
8950 30 1
8959 30 1
8962 30 1
8964 30 1
8984 30 1
8985 30 1
9000 30 1
9001 30 1
9013 30 1
9014 30 1
9018 30 1
9020 30 1
9022 30 1
9028 30 1
9045 30 1
9071 30 1
9072 30 1
9077 30 1
9103 30 1
9114 30 1
9136 30 1
9154 30 1
9155 30 1
9159 30 1
9163 30 1
9176 30 1
9189 30 1
9222 30 1
9241 30 1
9244 30 1
9251 30 1
9293 30 1
9314 30 1
9326 30 1
9335 30 1
9336 30 1
9369 30 1
9386 30 1
9491 30 1
9493 30 1
9502 30 1
9514 30 1
9524 30 1
9525 30 1
9543 30 1
9570 30 1
9574 30 1
9718 30 1
9723 30 1
9724 30 1
9733 30 1
9797 30 1
9812 30 1
9818 30 1
9853 30 1
9893 30 1
9894 30 1
9901 30 1
9902 30 1
9910 30 1
9911 30 1
9914 30 1
9916 30 1
9920 30 1
9921 30 1
9936 30 1
9948 30 1
9949 30 1
9954 30 1
9960 30 1
9964 30 1
9966 30 1
9967 30 1
9970 30 1
9971 30 1
9977 30 1
9987 30 1
10007 30 1
10010 30 1
10012 30 1
10021 30 1
10027 30 1
10028 30 1
10030 30 1
10031 30 1
10037 30 1
10043 30 1
10044 30 1
10056 30 1
10059 30 1
10066 30 1
10072 30 1
10088 30 1
10091 30 1
10094 30 1
10095 30 1
10098 30 1
10118 30 1
10163 30 1
10165 30 1
10182 30 1
10186 30 1
10187 30 1
10188 30 1
10191 30 1
10192 30 1
10200 30 1
10204 30 1
10210 30 1
10215 30 1
10223 30 1
10229 30 1
10265 30 1
10284 30 1
10288 30 1
10304 30 1
10306 30 1
10332 30 1
10335 30 1
10351 30 1
10354 30 1
10357 30 1
10364 30 1
10365 30 1
10381 30 1
10403 30 1
10404 30 1
10407 30 1
10413 30 1
10425 30 1
10431 30 1
10441 30 1
10443 30 1
10452 30 1
10460 30 1
10462 30 1
10483 30 1
10497 30 1
10500 30 1
10515 30 1
10520 30 1
10528 30 1
10547 30 1
10553 30 1
10562 30 1
10563 30 1
10580 30 1
10584 30 1
10587 30 1
10588 30 1
10600 30 1
10603 30 1
10605 30 1
10606 30 1
10612 30 1
10619 30 1
10637 30 1
10649 30 1
10659 30 1
10660 30 1
10663 30 1
10668 30 1
10679 30 1
10681 30 1
10682 30 1
10683 30 1
10701 30 1
10722 30 1
10729 30 1
10733 30 1
10740 30 1
10744 30 1
10755 30 1
10770 30 1
10782 30 1
10792 30 1
10812 30 1
10828 30 1
10833 30 1
10845 30 1
10867 30 1
10882 30 1
10892 30 1
10893 30 1
10908 30 1
10917 30 1
10943 30 1
10950 30 1
10955 30 1
10966 30 1
10971 30 1
10989 30 1
10997 30 1
11004 30 1
11009 30 1
11015 30 1
11033 30 1
11045 30 1
11046 30 1
11110 30 1
11118 30 1
11184 30 1
11251 30 1
11268 30 1
11269 30 1
11270 30 1
11273 30 1
11277 30 1
11279 30 1
11281 30 1
11293 30 1
11298 30 1
11299 30 1
11302 30 1
11317 30 1
11328 30 1
11330 30 1
11356 30 1
11424 30 1
11462 30 1
11473 30 1
11482 30 1
11503 30 1
11566 30 1
11621 30 1
11635 30 1
11687 30 1
11692 30 1
11705 30 1
11718 30 1
11724 30 1
11729 30 1
11739 30 1
11749 30 1
11758 30 1
11760 30 1
11818 30 1
11840 30 1
11893 30 1
11901 30 1
11949 30 1
11969 30 1
11970 30 1
11991 30 1
12007 30 1
12034 30 1
12072 30 1
12084 30 1
12097 30 1
12133 30 1
12135 30 1
12136 30 1
12149 30 1
12152 30 1
12166 30 1
12170 30 1
12175 30 1
12197 30 1
12214 30 1
12252 30 1
12286 30 1
12334 30 1
12351 30 1
12386 30 1
12474 30 1
12517 30 1
12540 30 1
12566 30 1
12571 30 1
12578 30 1
12608 30 1
12609 30 1
12610 30 1
12614 30 1
12615 30 1
12641 30 1
12692 30 1
12703 30 1
12760 30 1
12768 30 1
12828 30 1
12831 30 1
12839 30 1
12970 30 1
12982 30 1
12989 30 1
13012 30 1
13013 30 1
13022 30 1
13023 30 1
13077 30 1
13091 30 1
13144 30 1
13251 30 1
13253 30 1
13288 30 1
13326 30 1
13339 30 1
13371 30 1
13392 30 1
13402 30 1
13406 30 1
13458 30 1
13486 30 1
13487 30 1
13491 30 1
13493 30 1
13508 30 1
13511 30 1
13532 30 1
13573 30 1
13575 30 1
13577 30 1
13628 30 1
13674 30 1
13771 30 1
13787 30 1
13877 30 1
13878 30 1
13882 30 1
13913 30 1
13917 30 1
13982 30 1
13988 30 1
13989 30 1
14011 30 1
14022 30 1
14043 30 1
14056 30 1
14059 30 1
14060 30 1
14138 30 1
14177 30 1
14179 30 1
14195 30 1
14197 30 1
14210 30 1
14233 30 1
14235 30 1
14255 30 1
14281 30 1
14289 30 1
14313 30 1
14320 30 1
14322 30 1
14324 30 1
14325 30 1
14330 30 1
14349 30 1
14354 30 1
14439 30 1
14440 30 1
14450 30 1
14459 30 1
14467 30 1
14470 30 1
14509 30 1
14547 30 1
14549 30 1
14568 30 1
14583 30 1
14586 30 1
14593 30 1
14724 30 1
14733 30 1
14736 30 1
14739 30 1
14740 30 1
14742 30 1
14761 30 1
14765 30 1
14779 30 1
14824 30 1
14848 30 1
14856 30 1
14862 30 1
14870 30 1
14893 30 1
14917 30 1
14952 30 1
14970 30 1
14979 30 1
14999 30 1
15009 30 1
15031 30 1
15033 30 1
15039 30 1
15089 30 1
15092 30 1
15136 30 1
15187 30 1
15221 30 1
15232 30 1
15271 30 1
15278 30 1
15285 30 1
15286 30 1
15295 30 1
15322 30 1
15331 30 1
15332 30 1
15375 30 1
15413 30 1
15430 30 1
15468 30 1
15473 30 1
15556 30 1
15573 30 1
15630 30 1
15634 30 1
15640 30 1
15646 30 1
15665 30 1
15674 30 1
15675 30 1
15676 30 1
15685 30 1
15698 30 1
15702 30 1
15710 30 1
15759 30 1
15781 30 1
15782 30 1
15833 30 1
15841 30 1
15920 30 1
15921 30 1
15939 30 1
15968 30 1
15995 30 1
16026 30 1
16038 30 1
16043 30 1
16047 30 1
16053 30 1
16058 30 1
16065 30 1
16068 30 1
16082 30 1
16101 30 1
16143 30 1
16144 30 1
16145 30 1
16146 30 1
16147 30 1
16148 30 1
16149 30 1
16150 30 1
16151 30 1
16152 30 1
16154 30 1
16155 30 1
16156 30 1
16157 30 1
16158 30 1
16159 30 1
16174 30 1
16313 30 1
16334 30 1
16337 30 1
16418 30 1
16440 30 1
16485 30 1
16541 30 1
16556 30 1
16611 30 1
16692 30 1
16705 30 1
16798 30 1
16812 30 1
16815 30 1
16821 30 1
16827 30 1
16851 30 1
16899 30 1
16901 30 1
16911 30 1
16981 30 1
16994 30 1
17002 30 1
17004 30 1
17005 30 1
17015 30 1
17020 30 1
17022 30 1
17029 30 1
17030 30 1
17032 30 1
17034 30 1
17035 30 1
17036 30 1
17044 30 1
17083 30 1
17117 30 1
17122 30 1
17172 30 1
17188 30 1
17206 30 1
17217 30 1
17223 30 1
17234 30 1
17238 30 1
17247 30 1
17293 30 1
17300 30 1
17388 30 1
17433 30 1
17481 30 1
17489 30 1
17523 30 1
17580 30 1
17605 30 1
17652 30 1
17806 30 1
17824 30 1
17896 30 1
17900 30 1
17932 30 1
17966 30 1
17978 30 1
18002 30 1
18022 30 1
18051 30 1
18062 30 1
18067 30 1
18236 30 1
18257 30 1
18334 30 1
18336 30 1
18338 30 1
18353 30 1
18357 30 1
18377 30 1
18400 30 1
18415 30 1
18472 30 1
18492 30 1
18515 30 1
18572 30 1
18573 30 1
18582 30 1
18598 30 1
18633 30 1
18651 30 1
18715 30 1
18720 30 1
18767 30 1
18806 30 1
18814 30 1
18865 30 1
18887 30 1
18898 30 1
18902 30 1
18903 30 1
18905 30 1
18939 30 1
18951 30 1
18965 30 1
18983 30 1
18995 30 1
19000 30 1
19003 30 1
19008 30 1
19032 30 1
19056 30 1
19076 30 1
19229 30 1
19241 30 1
19251 30 1
19263 30 1
19291 30 1
19310 30 1
19379 30 1
19381 30 1
19387 30 1
19390 30 1
19439 30 1
19443 30 1
19467 30 1
19478 30 1
19487 30 1
19492 30 1
19535 30 1
19541 30 1
19575 30 1
19580 30 1
19603 30 1
19605 30 1
19681 30 1
19697 30 1
19751 30 1
19768 30 1
19773 30 1
19789 30 1
19790 30 1
19828 30 1
19834 30 1
19842 30 1
19851 30 1
19902 30 1
19903 30 1
19941 30 1
19943 30 1
19954 30 1
19957 30 1
20002 30 1
20010 30 1
20047 30 1
20063 30 1
20064 30 1
20112 30 1
20113 30 1
20114 30 1
20117 30 1
20121 30 1
20133 30 1
20169 30 1
20176 30 1
20182 30 1
20201 30 1
20210 30 1
20235 30 1
20249 30 1
20272 30 1
20281 30 1
20298 30 1
20376 30 1
20381 30 1
20396 30 1
20401 30 1
20405 30 1
20409 30 1
20415 30 1
20418 30 1
20420 30 1
20603 30 1
20616 30 1
20627 30 1
20634 30 1
20664 30 1
20671 30 1
20686 30 1
20703 30 1
20712 30 1
20718 30 1
20810 30 1
20846 30 1
20858 30 1
20876 30 1
20891 30 1
20897 30 1
20975 30 1
20977 30 1
20978 30 1
20996 30 1
21001 30 1
21016 30 1
21020 30 1
21023 30 1
21032 30 1
21037 30 1
21041 30 1
21042 30 1
21047 30 1
21059 30 1
21063 30 1
21085 30 1
21149 30 1
21157 30 1
21172 30 1
21179 30 1
21191 30 1
21192 30 1
21193 30 1
21194 30 1
21195 30 1
21196 30 1
21197 30 1
21198 30 1
21199 30 1
21200 30 1
21201 30 1
21202 30 1
21203 30 1
21204 30 1
21205 30 1
21206 30 1
21207 30 1
21208 30 1
21209 30 1
21210 30 1
21211 30 1
21212 30 1
21213 30 1
21214 30 1
21215 30 1
21216 30 1
21217 30 1
21218 30 1
21219 30 1
21220 30 1
21221 30 1
21222 30 1
21223 30 1
21224 30 1
21225 30 1
21226 30 1
21227 30 1
21228 30 1
21229 30 1
21230 30 1
21231 30 1
21232 30 1
21233 30 1
21234 30 1
21235 30 1
21236 30 1
21237 30 1
21238 30 1
21239 30 1
21240 30 1
21241 30 1
21242 30 1
21243 30 1
21244 30 1
21245 30 1
21246 30 1
21247 30 1
21248 30 1
21249 30 1
21250 30 1
21251 30 1
21252 30 1
21253 30 1
21254 30 1
21255 30 1
21256 30 1
21257 30 1
21258 30 1
21259 30 1
21260 30 1
21261 30 1
21262 30 1
21263 30 1
21264 30 1
21265 30 1
21266 30 1
21267 30 1
21268 30 1
21269 30 1
21270 30 1
21271 30 1
21272 30 1
21273 30 1
21274 30 1
21275 30 1
21276 30 1
21277 30 1
21278 30 1
21279 30 1
21280 30 1
21281 30 1
21282 30 1
21283 30 1
21284 30 1
21285 30 1
21286 30 1
21287 30 1
21288 30 1
21289 30 1
21290 30 1
21291 30 1
21292 30 1
21293 30 1
21294 30 1
21295 30 1
21296 30 1
21297 30 1
21298 30 1
21299 30 1
21300 30 1
21301 30 1
21302 30 1
21303 30 1
21304 30 1
21305 30 1
21306 30 1
21307 30 1
21308 30 1
21309 30 1
21310 30 1
21311 30 1
21312 30 1
21313 30 1
21314 30 1
21315 30 1
21316 30 1
21317 30 1
21318 30 1
21319 30 1
21320 30 1
21321 30 1
21322 30 1
21323 30 1
21324 30 1
21325 30 1
21326 30 1
21327 30 1
21328 30 1
21329 30 1
21330 30 1
21331 30 1
21332 30 1
21333 30 1
21334 30 1
21335 30 1
21336 30 1
21337 30 1
21338 30 1
21339 30 1
21340 30 1
21341 30 1
21342 30 1
21343 30 1
21344 30 1
21345 30 1
21346 30 1
21347 30 1
21348 30 1
21349 30 1
21350 30 1
21351 30 1
21352 30 1
21353 30 1
21354 30 1
21355 30 1
21356 30 1
21357 30 1
21358 30 1
21359 30 1
21360 30 1
21361 30 1
21362 30 1
21363 30 1
21364 30 1
21365 30 1
21366 30 1
21367 30 1
21368 30 1
21369 30 1
21370 30 1
21371 30 1
21372 30 1
21373 30 1
21374 30 1
21375 30 1
21376 30 1
21377 30 1
21378 30 1
21379 30 1
21380 30 1
21381 30 1
21382 30 1
21383 30 1
21384 30 1
21385 30 1
21386 30 1
21387 30 1
21388 30 1
21389 30 1
21390 30 1
21391 30 1
21392 30 1
21393 30 1
21394 30 1
21395 30 1
21396 30 1
21397 30 1
21398 30 1
21399 30 1
21400 30 1
21401 30 1
21402 30 1
21403 30 1
21404 30 1
21405 30 1
21406 30 1
21407 30 1
21408 30 1
21409 30 1
21410 30 1
21411 30 1
21412 30 1
21413 30 1
21414 30 1
21415 30 1
21416 30 1
21417 30 1
21418 30 1
21419 30 1
21420 30 1
21421 30 1
21422 30 1
21423 30 1
21424 30 1
21425 30 1
21426 30 1
21427 30 1
21428 30 1
21429 30 1
21430 30 1
21431 30 1
21432 30 1
21433 30 1
21434 30 1
21435 30 1
21436 30 1
21437 30 1
21438 30 1
21439 30 1
21440 30 1
21441 30 1
21442 30 1
21443 30 1
21444 30 1
21445 30 1
21446 30 1
21447 30 1
21448 30 1
21449 30 1
21450 30 1
21451 30 1
21452 30 1
21453 30 1
21454 30 1
21455 30 1
21456 30 1
21457 30 1
21458 30 1
21459 30 1
21460 30 1
21461 30 1
21462 30 1
21463 30 1
21464 30 1
21465 30 1
21466 30 1
21467 30 1
21468 30 1
21469 30 1
21470 30 1
21471 30 1
21472 30 1
21473 30 1
21474 30 1
21475 30 1
21476 30 1
21477 30 1
21478 30 1
21479 30 1
21480 30 1
21481 30 1
21482 30 1
21483 30 1
21484 30 1
21485 30 1
21486 30 1
21487 30 1
21488 30 1
21489 30 1
21490 30 1
21491 30 1
21492 30 1
21493 30 1
21494 30 1
21495 30 1
21496 30 1
21497 30 1
21498 30 1
21499 30 1
21500 30 1
21501 30 1
21502 30 1
21503 30 1
21504 30 1
21505 30 1
21506 30 1
21507 30 1
21508 30 1
21509 30 1
21510 30 1
21511 30 1
21512 30 1
21513 30 1
21514 30 1
21515 30 1
21516 30 1
21517 30 1
21518 30 1
21519 30 1
21520 30 1
21521 30 1
21522 30 1
21523 30 1
21524 30 1
21525 30 1
21526 30 1
21527 30 1
21528 30 1
21529 30 1
21530 30 1
21531 30 1
21532 30 1
21533 30 1
21534 30 1
21535 30 1
21536 30 1
21537 30 1
21538 30 1
21539 30 1
21540 30 1
2455 31 1
3834 34 1
81 36 1
810 36 1
945 36 1
954 36 1
2455 36 1
2459 36 1
2926 36 1
5954 36 1
10078 36 1
14658 36 1
14935 36 1
14936 36 1
14937 36 1
2455 37 1
2455 40 1
3834 41 1
57 42 1
81 42 1
89 42 1
96 42 1
98 42 1
103 42 1
104 42 1
109 42 1
112 42 1
118 42 1
120 42 1
123 42 1
125 42 1
126 42 1
132 42 1
140 42 1
141 42 1
195 42 1
202 42 1
214 42 1
215 42 1
216 42 1
218 42 1
221 42 1
222 42 1
223 42 1
225 42 1
229 42 1
232 42 1
233 42 1
236 42 1
241 42 1
244 42 1
246 42 1
254 42 1
263 42 1
272 42 1
291 42 1
293 42 1
297 42 1
305 42 1
306 42 1
319 42 1
325 42 1
327 42 1
330 42 1
333 42 1
341 42 1
346 42 1
358 42 1
360 42 1
361 42 1
369 42 1
374 42 1
406 42 1
409 42 1
437 42 1
440 42 1
446 42 1
451 42 1
455 42 1
483 42 1
516 42 1
523 42 1
536 42 1
540 42 1
545 42 1
563 42 1
567 42 1
570 42 1
571 42 1
577 42 1
579 42 1
582 42 1
592 42 1
594 42 1
607 42 1
612 42 1
630 42 1
632 42 1
635 42 1
638 42 1
641 42 1
654 42 1
684 42 1
687 42 1
697 42 1
703 42 1
707 42 1
709 42 1
711 42 1
718 42 1
729 42 1
731 42 1
732 42 1
733 42 1
736 42 1
771 42 1
774 42 1
778 42 1
783 42 1
784 42 1
798 42 1
799 42 1
806 42 1
810 42 1
814 42 1
820 42 1
821 42 1
824 42 1
829 42 1
848 42 1
851 42 1
858 42 1
885 42 1
894 42 1
901 42 1
907 42 1
918 42 1
920 42 1
931 42 1
940 42 1
943 42 1
946 42 1
957 42 1
958 42 1
962 42 1
971 42 1
975 42 1
978 42 1
984 42 1
992 42 1
994 42 1
998 42 1
1003 42 1
1030 42 1
1046 42 1
1052 42 1
1059 42 1
1070 42 1
1074 42 1
1079 42 1
1090 42 1
1113 42 1
1119 42 1
1129 42 1
1136 42 1
1139 42 1
1141 42 1
1154 42 1
1162 42 1
1169 42 1
1176 42 1
1191 42 1
1193 42 1
1198 42 1
1209 42 1
1219 42 1
1225 42 1
1255 42 1
1268 42 1
1273 42 1
1281 42 1
1284 42 1
1288 42 1
1303 42 1
1348 42 1
1352 42 1
1353 42 1
1359 42 1
1376 42 1
1426 42 1
1428 42 1
1483 42 1
1491 42 1
1496 42 1
1502 42 1
1513 42 1
1517 42 1
1518 42 1
1522 42 1
1524 42 1
1525 42 1
1527 42 1
1537 42 1
1541 42 1
1573 42 1
1581 42 1
1611 42 1
1614 42 1
1625 42 1
1679 42 1
1693 42 1
1695 42 1
1697 42 1
1708 42 1
1838 42 1
1877 42 1
1883 42 1
1886 42 1
1922 42 1
1932 42 1
1944 42 1
2005 42 1
2007 42 1
2043 42 1
2046 42 1
2071 42 1
2081 42 1
2086 42 1
2090 42 1
2107 42 1
2112 42 1
2115 42 1
2120 42 1
2138 42 1
2175 42 1
2176 42 1
2180 42 1
2184 42 1
2199 42 1
2200 42 1
2205 42 1
2219 42 1
2221 42 1
2222 42 1
2236 42 1
2249 42 1
2267 42 1
2272 42 1
2275 42 1
2276 42 1
2307 42 1
2312 42 1
2314 42 1
2316 42 1
2321 42 1
2335 42 1
2336 42 1
2339 42 1
2342 42 1
2361 42 1
2369 42 1
2378 42 1
2389 42 1
2403 42 1
2406 42 1
2415 42 1
2421 42 1
2429 42 1
2434 42 1
2435 42 1
2440 42 1
2459 42 1
2462 42 1
2476 42 1
2479 42 1
2487 42 1
2488 42 1
2491 42 1
2492 42 1
2493 42 1
2506 42 1
2509 42 1
2514 42 1
2533 42 1
2551 42 1
2557 42 1
2563 42 1
2574 42 1
2580 42 1
2587 42 1
2589 42 1
2595 42 1
2602 42 1
2603 42 1
2628 42 1
2632 42 1
2633 42 1
2635 42 1
2652 42 1
2653 42 1
2656 42 1
2661 42 1
2673 42 1
2675 42 1
2677 42 1
2679 42 1
2694 42 1
2695 42 1
2696 42 1
2704 42 1
2714 42 1
2722 42 1
2723 42 1
2726 42 1
2729 42 1
2740 42 1
2743 42 1
2763 42 1
2766 42 1
2776 42 1
2778 42 1
2782 42 1
2788 42 1
2791 42 1
2792 42 1
2797 42 1
2813 42 1
2815 42 1
2819 42 1
2826 42 1
2827 42 1
2829 42 1
2830 42 1
2831 42 1
2834 42 1
2836 42 1
2839 42 1
2841 42 1
2842 42 1
2847 42 1
2848 42 1
2850 42 1
2852 42 1
2854 42 1
2855 42 1
2861 42 1
2871 42 1
2872 42 1
2881 42 1
2891 42 1
2892 42 1
2902 42 1
2905 42 1
2908 42 1
2912 42 1
2920 42 1
2922 42 1
2924 42 1
2925 42 1
2927 42 1
2931 42 1
2935 42 1
2937 42 1
2940 42 1
2944 42 1
2962 42 1
2964 42 1
2966 42 1
2970 42 1
2973 42 1
2978 42 1
2980 42 1
2996 42 1
3002 42 1
3003 42 1
3008 42 1
3009 42 1
3014 42 1
3026 42 1
3028 42 1
3034 42 1
3038 42 1
3040 42 1
3046 42 1
3051 42 1
3058 42 1
3059 42 1
3063 42 1
3066 42 1
3070 42 1
3074 42 1
3082 42 1
3083 42 1
3087 42 1
3091 42 1
3094 42 1
3095 42 1
3108 42 1
3114 42 1
3125 42 1
3135 42 1
3143 42 1
3147 42 1
3152 42 1
3158 42 1
3184 42 1
3186 42 1
3188 42 1
3190 42 1
3193 42 1
3195 42 1
3197 42 1
3204 42 1
3205 42 1
3213 42 1
3219 42 1
3220 42 1
3222 42 1
3226 42 1
3229 42 1
3234 42 1
3247 42 1
3248 42 1
3249 42 1
3252 42 1
3255 42 1
3256 42 1
3264 42 1
3266 42 1
3269 42 1
3271 42 1
3274 42 1
3275 42 1
3280 42 1
3282 42 1
3283 42 1
3290 42 1
3292 42 1
3293 42 1
3294 42 1
3301 42 1
3305 42 1
3317 42 1
3320 42 1
3323 42 1
3331 42 1
3340 42 1
3341 42 1
3342 42 1
3344 42 1
3360 42 1
3361 42 1
3362 42 1
3364 42 1
3366 42 1
3368 42 1
3371 42 1
3386 42 1
3404 42 1
3432 42 1
3436 42 1
3459 42 1
3470 42 1
3485 42 1
3490 42 1
3497 42 1
3534 42 1
3547 42 1
3564 42 1
3566 42 1
3576 42 1
3610 42 1
3624 42 1
3629 42 1
3678 42 1
3682 42 1
3694 42 1
3696 42 1
3700 42 1
3787 42 1
3832 42 1
3882 42 1
3910 42 1
3936 42 1
3939 42 1
3954 42 1
3956 42 1
3958 42 1
3985 42 1
4036 42 1
4039 42 1
4044 42 1
4062 42 1
4074 42 1
4079 42 1
4100 42 1
4116 42 1
4130 42 1
4131 42 1
4155 42 1
4175 42 1
4192 42 1
4199 42 1
4200 42 1
4203 42 1
4207 42 1
4228 42 1
4249 42 1
4271 42 1
4275 42 1
4276 42 1
4282 42 1
4285 42 1
4287 42 1
4288 42 1
4304 42 1
4347 42 1
4354 42 1
4371 42 1
4376 42 1
4389 42 1
4411 42 1
4416 42 1
4436 42 1
4445 42 1
4467 42 1
4475 42 1
4485 42 1
4508 42 1
4510 42 1
4525 42 1
4609 42 1
4643 42 1
4644 42 1
4692 42 1
4726 42 1
4773 42 1
4774 42 1
4780 42 1
4782 42 1
4786 42 1
4793 42 1
4799 42 1
4806 42 1
4827 42 1
4834 42 1
4845 42 1
4849 42 1
4853 42 1
4857 42 1
4876 42 1
4885 42 1
4887 42 1
4889 42 1
4904 42 1
4905 42 1
4909 42 1
4913 42 1
4916 42 1
4930 42 1
4933 42 1
4935 42 1
4939 42 1
4945 42 1
4955 42 1
4963 42 1
4964 42 1
4968 42 1
4969 42 1
4971 42 1
4978 42 1
4999 42 1
5000 42 1
5004 42 1
5036 42 1
5056 42 1
5073 42 1
5084 42 1
5088 42 1
5091 42 1
5103 42 1
5107 42 1
5112 42 1
5122 42 1
5135 42 1
5150 42 1
5154 42 1
5157 42 1
5194 42 1
5201 42 1
5210 42 1
5216 42 1
5256 42 1
5272 42 1
5300 42 1
5335 42 1
5352 42 1
5394 42 1
5428 42 1
5445 42 1
5732 42 1
5736 42 1
5856 42 1
5860 42 1
5870 42 1
5921 42 1
5922 42 1
5931 42 1
5945 42 1
5947 42 1
5949 42 1
5952 42 1
5958 42 1
5959 42 1
5963 42 1
5968 42 1
6038 42 1
6084 42 1
6138 42 1
6144 42 1
6146 42 1
6180 42 1
6190 42 1
6216 42 1
6244 42 1
6274 42 1
6285 42 1
6307 42 1
6331 42 1
6339 42 1
6375 42 1
6390 42 1
6403 42 1
6404 42 1
6417 42 1
6419 42 1
6437 42 1
6554 42 1
6608 42 1
6630 42 1
6648 42 1
6660 42 1
6661 42 1
6665 42 1
6678 42 1
6698 42 1
6730 42 1
6746 42 1
6763 42 1
6791 42 1
6796 42 1
6812 42 1
6817 42 1
6821 42 1
6849 42 1
6856 42 1
6858 42 1
6898 42 1
6914 42 1
6922 42 1
6951 42 1
6953 42 1
6978 42 1
6984 42 1
7010 42 1
7012 42 1
7013 42 1
7014 42 1
7028 42 1
7030 42 1
7032 42 1
7042 42 1
7060 42 1
7071 42 1
7073 42 1
7085 42 1
7102 42 1
7106 42 1
7109 42 1
7111 42 1
7114 42 1
7122 42 1
7164 42 1
7167 42 1
7174 42 1
7215 42 1
7249 42 1
7270 42 1
7315 42 1
7320 42 1
7323 42 1
7350 42 1
7370 42 1
7405 42 1
7413 42 1
7448 42 1
7452 42 1
7487 42 1
7491 42 1
7513 42 1
7514 42 1
7524 42 1
7537 42 1
7549 42 1
7561 42 1
7594 42 1
7595 42 1
7601 42 1
7643 42 1
7679 42 1
7689 42 1
7702 42 1
7729 42 1
7746 42 1
7759 42 1
7783 42 1
7792 42 1
7797 42 1
7799 42 1
7821 42 1
7849 42 1
7872 42 1
7884 42 1
7891 42 1
7909 42 1
7927 42 1
7953 42 1
7966 42 1
7971 42 1
7981 42 1
7983 42 1
7986 42 1
7999 42 1
8012 42 1
8044 42 1
8052 42 1
8061 42 1
8072 42 1
8092 42 1
8109 42 1
8125 42 1
8160 42 1
8163 42 1
8165 42 1
8187 42 1
8208 42 1
8216 42 1
8237 42 1
8248 42 1
8254 42 1
8259 42 1
8264 42 1
8293 42 1
8298 42 1
8319 42 1
8330 42 1
8342 42 1
8352 42 1
8369 42 1
8383 42 1
8393 42 1
8397 42 1
8399 42 1
8408 42 1
8436 42 1
8448 42 1
8482 42 1
8500 42 1
8511 42 1
8517 42 1
8525 42 1
8568 42 1
8572 42 1
8574 42 1
8578 42 1
8580 42 1
8601 42 1
8607 42 1
8611 42 1
8622 42 1
8625 42 1
8684 42 1
8685 42 1
8688 42 1
8690 42 1
8693 42 1
8723 42 1
8730 42 1
8923 42 1
8926 42 1
8935 42 1
8945 42 1
8959 42 1
8961 42 1
8965 42 1
8966 42 1
8967 42 1
8978 42 1
8985 42 1
9006 42 1
9026 42 1
9038 42 1
9071 42 1
9098 42 1
9100 42 1
9109 42 1
9120 42 1
9147 42 1
9156 42 1
9159 42 1
9166 42 1
9173 42 1
9180 42 1
9184 42 1
9185 42 1
9201 42 1
9210 42 1
9224 42 1
9252 42 1
9293 42 1
9313 42 1
9335 42 1
9386 42 1
9413 42 1
9491 42 1
9503 42 1
9543 42 1
9574 42 1
9588 42 1
9678 42 1
9699 42 1
9718 42 1
9803 42 1
9837 42 1
9853 42 1
9865 42 1
9925 42 1
9932 42 1
9933 42 1
9936 42 1
9938 42 1
9944 42 1
9948 42 1
9951 42 1
9955 42 1
9958 42 1
9970 42 1
9979 42 1
9980 42 1
9988 42 1
9989 42 1
9992 42 1
10002 42 1
10012 42 1
10014 42 1
10029 42 1
10033 42 1
10039 42 1
10045 42 1
10047 42 1
10049 42 1
10051 42 1
10057 42 1
10063 42 1
10067 42 1
10068 42 1
10073 42 1
10085 42 1
10086 42 1
10093 42 1
10099 42 1
10117 42 1
10118 42 1
10139 42 1
10147 42 1
10148 42 1
10149 42 1
10150 42 1
10151 42 1
10152 42 1
10153 42 1
10154 42 1
10155 42 1
10156 42 1
10157 42 1
10158 42 1
10159 42 1
10160 42 1
10161 42 1
10162 42 1
10163 42 1
10164 42 1
10165 42 1
10166 42 1
10167 42 1
10168 42 1
10169 42 1
10170 42 1
10171 42 1
10172 42 1
10173 42 1
10174 42 1
10175 42 1
10176 42 1
10177 42 1
10178 42 1
10179 42 1
10180 42 1
10181 42 1
10182 42 1
10183 42 1
10184 42 1
10185 42 1
10186 42 1
10187 42 1
10188 42 1
10189 42 1
10190 42 1
10191 42 1
10192 42 1
10193 42 1
10194 42 1
10195 42 1
10196 42 1
10197 42 1
10198 42 1
10199 42 1
10200 42 1
10201 42 1
10202 42 1
10203 42 1
10204 42 1
10205 42 1
10206 42 1
10207 42 1
10208 42 1
10209 42 1
10210 42 1
10211 42 1
10212 42 1
10213 42 1
10214 42 1
10215 42 1
10216 42 1
10217 42 1
10218 42 1
10219 42 1
10220 42 1
10221 42 1
10222 42 1
10223 42 1
10224 42 1
10225 42 1
10226 42 1
10227 42 1
10228 42 1
10229 42 1
10230 42 1
10231 42 1
10232 42 1
10233 42 1
10234 42 1
10235 42 1
10236 42 1
10237 42 1
10238 42 1
10239 42 1
10240 42 1
10241 42 1
10242 42 1
10243 42 1
10244 42 1
10245 42 1
10246 42 1
10247 42 1
10248 42 1
10249 42 1
10250 42 1
10251 42 1
10252 42 1
10253 42 1
10254 42 1
10255 42 1
10256 42 1
10257 42 1
10258 42 1
10259 42 1
10260 42 1
10261 42 1
10262 42 1
10263 42 1
10264 42 1
10265 42 1
10266 42 1
10267 42 1
10268 42 1
10269 42 1
10270 42 1
10271 42 1
10272 42 1
10273 42 1
10274 42 1
10275 42 1
10276 42 1
10277 42 1
10278 42 1
10279 42 1
10280 42 1
10281 42 1
10282 42 1
10283 42 1
10284 42 1
10285 42 1
10286 42 1
10287 42 1
10288 42 1
10289 42 1
10290 42 1
10291 42 1
10292 42 1
10293 42 1
10294 42 1
10295 42 1
10296 42 1
10297 42 1
10298 42 1
10299 42 1
10300 42 1
10301 42 1
10302 42 1
10303 42 1
10304 42 1
10305 42 1
10306 42 1
10307 42 1
10308 42 1
10309 42 1
10310 42 1
10311 42 1
10312 42 1
10313 42 1
10314 42 1
10315 42 1
10316 42 1
10317 42 1
10318 42 1
10319 42 1
10320 42 1
10321 42 1
10322 42 1
10323 42 1
10324 42 1
10325 42 1
10326 42 1
10327 42 1
10328 42 1
10329 42 1
10330 42 1
10331 42 1
10332 42 1
10333 42 1
10334 42 1
10335 42 1
10336 42 1
10337 42 1
10338 42 1
10339 42 1
10340 42 1
10341 42 1
10342 42 1
10343 42 1
10344 42 1
10345 42 1
10346 42 1
10347 42 1
10348 42 1
10349 42 1
10350 42 1
10351 42 1
10352 42 1
10353 42 1
10354 42 1
10355 42 1
10356 42 1
10357 42 1
10358 42 1
10359 42 1
10360 42 1
10361 42 1
10362 42 1
10363 42 1
10364 42 1
10365 42 1
10366 42 1
10367 42 1
10368 42 1
10369 42 1
10370 42 1
10371 42 1
10372 42 1
10373 42 1
10374 42 1
10375 42 1
10376 42 1
10377 42 1
10378 42 1
10379 42 1
10380 42 1
10381 42 1
10382 42 1
10383 42 1
10384 42 1
10385 42 1
10386 42 1
10387 42 1
10388 42 1
10389 42 1
10390 42 1
10391 42 1
10392 42 1
10393 42 1
10394 42 1
10395 42 1
10396 42 1
10397 42 1
10398 42 1
10399 42 1
10400 42 1
10401 42 1
10402 42 1
10403 42 1
10404 42 1
10405 42 1
10406 42 1
10407 42 1
10408 42 1
10409 42 1
10410 42 1
10411 42 1
10412 42 1
10413 42 1
10414 42 1
10415 42 1
10416 42 1
10417 42 1
10418 42 1
10419 42 1
10420 42 1
10421 42 1
10422 42 1
10423 42 1
10424 42 1
10425 42 1
10426 42 1
10427 42 1
10428 42 1
10429 42 1
10430 42 1
10431 42 1
10432 42 1
10433 42 1
10434 42 1
10435 42 1
10436 42 1
10437 42 1
10438 42 1
10439 42 1
10440 42 1
10441 42 1
10442 42 1
10443 42 1
10444 42 1
10445 42 1
10446 42 1
10447 42 1
10448 42 1
10449 42 1
10450 42 1
10451 42 1
10452 42 1
10453 42 1
10454 42 1
10455 42 1
10456 42 1
10457 42 1
10458 42 1
10459 42 1
10460 42 1
10461 42 1
10462 42 1
10463 42 1
10464 42 1
10465 42 1
10466 42 1
10467 42 1
10468 42 1
10469 42 1
10470 42 1
10471 42 1
10472 42 1
10473 42 1
10474 42 1
10475 42 1
10476 42 1
10477 42 1
10478 42 1
10479 42 1
10480 42 1
10481 42 1
10482 42 1
10483 42 1
10484 42 1
10485 42 1
10486 42 1
10487 42 1
10488 42 1
10489 42 1
10490 42 1
10491 42 1
10492 42 1
10493 42 1
10494 42 1
10495 42 1
10496 42 1
10497 42 1
10498 42 1
10499 42 1
10500 42 1
10501 42 1
10502 42 1
10503 42 1
10504 42 1
10505 42 1
10506 42 1
10507 42 1
10508 42 1
10509 42 1
10510 42 1
10511 42 1
10512 42 1
10513 42 1
10514 42 1
10515 42 1
10516 42 1
10517 42 1
10518 42 1
10519 42 1
10520 42 1
10521 42 1
10522 42 1
10523 42 1
10524 42 1
10525 42 1
10526 42 1
10527 42 1
10528 42 1
10529 42 1
10530 42 1
10531 42 1
10532 42 1
10533 42 1
10534 42 1
10535 42 1
10536 42 1
10537 42 1
10538 42 1
10539 42 1
10540 42 1
10541 42 1
10542 42 1
10543 42 1
10544 42 1
10545 42 1
10546 42 1
10547 42 1
10548 42 1
10549 42 1
10550 42 1
10551 42 1
10552 42 1
10553 42 1
10554 42 1
10555 42 1
10556 42 1
10557 42 1
10558 42 1
10559 42 1
10560 42 1
10561 42 1
10562 42 1
10563 42 1
10564 42 1
10565 42 1
10566 42 1
10567 42 1
10568 42 1
10569 42 1
10570 42 1
10571 42 1
10572 42 1
10573 42 1
10574 42 1
10575 42 1
10576 42 1
10577 42 1
10578 42 1
10579 42 1
10580 42 1
10581 42 1
10582 42 1
10583 42 1
10584 42 1
10585 42 1
10586 42 1
10587 42 1
10588 42 1
10589 42 1
10590 42 1
10591 42 1
10592 42 1
10593 42 1
10594 42 1
10595 42 1
10596 42 1
10597 42 1
10598 42 1
10599 42 1
10600 42 1
10601 42 1
10602 42 1
10603 42 1
10604 42 1
10605 42 1
10606 42 1
10607 42 1
10608 42 1
10609 42 1
10610 42 1
10611 42 1
10612 42 1
10613 42 1
10614 42 1
10615 42 1
10616 42 1
10617 42 1
10618 42 1
10619 42 1
10620 42 1
10621 42 1
10622 42 1
10623 42 1
10624 42 1
10625 42 1
10626 42 1
10627 42 1
10628 42 1
10629 42 1
10630 42 1
10631 42 1
10632 42 1
10633 42 1
10634 42 1
10635 42 1
10636 42 1
10637 42 1
10638 42 1
10639 42 1
10640 42 1
10641 42 1
10642 42 1
10643 42 1
10644 42 1
10645 42 1
10646 42 1
10647 42 1
10648 42 1
10649 42 1
10650 42 1
10651 42 1
10652 42 1
10653 42 1
10654 42 1
10655 42 1
10656 42 1
10657 42 1
10658 42 1
10659 42 1
10660 42 1
10661 42 1
10662 42 1
10663 42 1
10664 42 1
10665 42 1
10666 42 1
10667 42 1
10668 42 1
10669 42 1
10670 42 1
10671 42 1
10672 42 1
10673 42 1
10674 42 1
10675 42 1
10676 42 1
10677 42 1
10678 42 1
10679 42 1
10680 42 1
10681 42 1
10682 42 1
10683 42 1
10684 42 1
10685 42 1
10686 42 1
10687 42 1
10688 42 1
10689 42 1
10690 42 1
10691 42 1
10692 42 1
10693 42 1
10694 42 1
10695 42 1
10696 42 1
10697 42 1
10698 42 1
10699 42 1
10700 42 1
10701 42 1
10702 42 1
10703 42 1
10704 42 1
10705 42 1
10706 42 1
10707 42 1
10708 42 1
10709 42 1
10710 42 1
10711 42 1
10712 42 1
10713 42 1
10714 42 1
10715 42 1
10716 42 1
10717 42 1
10718 42 1
10719 42 1
10720 42 1
10721 42 1
10722 42 1
10723 42 1
10724 42 1
10725 42 1
10726 42 1
10727 42 1
10728 42 1
10729 42 1
10730 42 1
10731 42 1
10732 42 1
10733 42 1
10734 42 1
10735 42 1
10736 42 1
10737 42 1
10738 42 1
10739 42 1
10740 42 1
10741 42 1
10742 42 1
10743 42 1
10744 42 1
10745 42 1
10746 42 1
10747 42 1
10748 42 1
10749 42 1
10750 42 1
10751 42 1
10752 42 1
10753 42 1
10754 42 1
10755 42 1
10756 42 1
10757 42 1
10758 42 1
10759 42 1
10760 42 1
10761 42 1
10762 42 1
10763 42 1
10764 42 1
10765 42 1
10766 42 1
10767 42 1
10768 42 1
10769 42 1
10770 42 1
10771 42 1
10772 42 1
10773 42 1
10774 42 1
10775 42 1
10776 42 1
10777 42 1
10778 42 1
10779 42 1
10780 42 1
10781 42 1
10782 42 1
10783 42 1
10784 42 1
10785 42 1
10786 42 1
10787 42 1
10788 42 1
10789 42 1
10790 42 1
10791 42 1
10792 42 1
10793 42 1
10794 42 1
10795 42 1
10796 42 1
10797 42 1
10798 42 1
10799 42 1
10800 42 1
10801 42 1
10802 42 1
10803 42 1
10804 42 1
10805 42 1
10806 42 1
10807 42 1
10808 42 1
10809 42 1
10810 42 1
10811 42 1
10812 42 1
10813 42 1
10814 42 1
10815 42 1
10816 42 1
10817 42 1
10818 42 1
10819 42 1
10820 42 1
10821 42 1
10822 42 1
10823 42 1
10824 42 1
10825 42 1
10826 42 1
10827 42 1
10828 42 1
10829 42 1
10830 42 1
10831 42 1
10832 42 1
10833 42 1
10834 42 1
10835 42 1
10836 42 1
10837 42 1
10838 42 1
10839 42 1
10840 42 1
10841 42 1
10842 42 1
10843 42 1
10844 42 1
10845 42 1
10846 42 1
10847 42 1
10848 42 1
10849 42 1
10850 42 1
10851 42 1
10852 42 1
10853 42 1
10854 42 1
10855 42 1
10856 42 1
10857 42 1
10858 42 1
10859 42 1
10860 42 1
10861 42 1
10862 42 1
10863 42 1
10864 42 1
10865 42 1
10866 42 1
10867 42 1
10868 42 1
10869 42 1
10870 42 1
10871 42 1
10872 42 1
10873 42 1
10874 42 1
10875 42 1
10876 42 1
10877 42 1
10878 42 1
10879 42 1
10880 42 1
10881 42 1
10882 42 1
10883 42 1
10884 42 1
10885 42 1
10886 42 1
10887 42 1
10888 42 1
10889 42 1
10890 42 1
10891 42 1
10892 42 1
10893 42 1
10894 42 1
10895 42 1
10896 42 1
10897 42 1
10898 42 1
10899 42 1
10900 42 1
10901 42 1
10902 42 1
10903 42 1
10904 42 1
10905 42 1
10906 42 1
10907 42 1
10908 42 1
10909 42 1
10910 42 1
10911 42 1
10912 42 1
10913 42 1
971 43 1
89 44 1
877 44 1
984 44 1
4156 44 1
6467 44 1
14967 44 1
15175 44 1
15231 44 1
15232 44 1
15233 44 1
15234 44 1
15235 44 1
15236 44 1
15237 44 1
15238 44 1
15239 44 1
15240 44 1
15241 44 1
15242 44 1
15243 44 1
46 45 1
47 45 1
48 45 1
49 45 1
50 45 1
51 45 1
52 45 1
53 45 1
54 45 1
55 45 1
56 45 1
57 45 1
58 45 1
59 45 1
60 45 1
61 45 1
62 45 1
63 45 1
64 45 1
65 45 1
66 45 1
67 45 1
68 45 1
69 45 1
70 45 1
71 45 1
72 45 1
73 45 1
74 45 1
75 45 1
76 45 1
77 45 1
78 45 1
79 45 1
80 45 1
81 45 1
82 45 1
83 45 1
84 45 1
85 45 1
86 45 1
87 45 1
88 45 1
89 45 1
90 45 1
91 45 1
92 45 1
15992 46 1
22207 46 1
275 49 1
3877 50 1
104 51 1
6408 52 1
275 53 1
14363 54 1
15992 54 1
6408 56 1
72 57 1
77 57 1
81 57 1
82 57 1
87 57 1
89 57 1
113 57 1
118 57 1
123 57 1
124 57 1
125 57 1
130 57 1
133 57 1
143 57 1
169 57 1
184 57 1
185 57 1
194 57 1
195 57 1
211 57 1
212 57 1
214 57 1
222 57 1
223 57 1
229 57 1
232 57 1
235 57 1
236 57 1
257 57 1
267 57 1
275 57 1
284 57 1
285 57 1
297 57 1
302 57 1
303 57 1
306 57 1
320 57 1
324 57 1
333 57 1
341 57 1
346 57 1
354 57 1
360 57 1
373 57 1
374 57 1
440 57 1
446 57 1
451 57 1
472 57 1
530 57 1
535 57 1
540 57 1
549 57 1
551 57 1
553 57 1
562 57 1
563 57 1
571 57 1
612 57 1
628 57 1
633 57 1
654 57 1
687 57 1
703 57 1
719 57 1
733 57 1
736 57 1
751 57 1
758 57 1
771 57 1
783 57 1
798 57 1
799 57 1
810 57 1
813 57 1
815 57 1
816 57 1
820 57 1
832 57 1
842 57 1
847 57 1
849 57 1
851 57 1
855 57 1
856 57 1
858 57 1
859 57 1
879 57 1
899 57 1
933 57 1
940 57 1
982 57 1
993 57 1
1035 57 1
1086 57 1
1089 57 1
1107 57 1
1110 57 1
1130 57 1
1136 57 1
1143 57 1
1175 57 1
1182 57 1
1191 57 1
1209 57 1
1210 57 1
1217 57 1
1225 57 1
1234 57 1
1239 57 1
1240 57 1
1261 57 1
1269 57 1
1273 57 1
1275 57 1
1280 57 1
1292 57 1
1299 57 1
1353 57 1
1389 57 1
1409 57 1
1412 57 1
1460 57 1
1490 57 1
1504 57 1
1510 57 1
1511 57 1
1512 57 1
1520 57 1
1524 57 1
1527 57 1
1537 57 1
1552 57 1
1563 57 1
1575 57 1
1581 57 1
1592 57 1
1593 57 1
1606 57 1
1611 57 1
1618 57 1
1624 57 1
1625 57 1
1693 57 1
1694 57 1
1707 57 1
1708 57 1
1870 57 1
1874 57 1
1879 57 1
1906 57 1
1932 57 1
1956 57 1
1964 57 1
2005 57 1
2030 57 1
2052 57 1
2062 57 1
2071 57 1
2075 57 1
2091 57 1
2112 57 1
2113 57 1
2115 57 1
2116 57 1
2117 57 1
2118 57 1
2119 57 1
2120 57 1
2121 57 1
2122 57 1
2123 57 1
2125 57 1
2127 57 1
2128 57 1
2202 57 1
2204 57 1
2222 57 1
2237 57 1
2244 57 1
2249 57 1
2259 57 1
2265 57 1
2280 57 1
2285 57 1
2294 57 1
2310 57 1
2314 57 1
2337 57 1
2342 57 1
2374 57 1
2380 57 1
2422 57 1
2438 57 1
2448 57 1
2452 57 1
2454 57 1
2460 57 1
2467 57 1
2491 57 1
2519 57 1
2525 57 1
2546 57 1
2582 57 1
2591 57 1
2614 57 1
2622 57 1
2624 57 1
2629 57 1
2634 57 1
2638 57 1
2650 57 1
2656 57 1
2657 57 1
2673 57 1
2680 57 1
2682 57 1
2688 57 1
2695 57 1
2704 57 1
2710 57 1
2713 57 1
2714 57 1
2723 57 1
2738 57 1
2751 57 1
2758 57 1
2765 57 1
2775 57 1
2788 57 1
2791 57 1
2794 57 1
2808 57 1
2823 57 1
2829 57 1
2830 57 1
2838 57 1
2849 57 1
2851 57 1
2855 57 1
2860 57 1
2861 57 1
2867 57 1
2888 57 1
2892 57 1
2897 57 1
2903 57 1
2940 57 1
2941 57 1
2960 57 1
2961 57 1
2970 57 1
2985 57 1
3005 57 1
3028 57 1
3038 57 1
3044 57 1
3050 57 1
3054 57 1
3059 57 1
3065 57 1
3081 57 1
3089 57 1
3094 57 1
3112 57 1
3118 57 1
3140 57 1
3173 57 1
3206 57 1
3213 57 1
3230 57 1
3252 57 1
3264 57 1
3267 57 1
3275 57 1
3284 57 1
3290 57 1
3301 57 1
3303 57 1
3311 57 1
3319 57 1
3327 57 1
3342 57 1
3376 57 1
3381 57 1
3397 57 1
3402 57 1
3417 57 1
3434 57 1
3436 57 1
3463 57 1
3464 57 1
3468 57 1
3485 57 1
3514 57 1
3526 57 1
3527 57 1
3547 57 1
3548 57 1
3558 57 1
3609 57 1
3623 57 1
3642 57 1
3650 57 1
3651 57 1
3687 57 1
3689 57 1
3691 57 1
3698 57 1
3743 57 1
3759 57 1
3764 57 1
3788 57 1
3802 57 1
3818 57 1
3819 57 1
3844 57 1
3877 57 1
3895 57 1
3896 57 1
3922 57 1
3936 57 1
3960 57 1
3961 57 1
3963 57 1
3967 57 1
3969 57 1
3974 57 1
4012 57 1
4039 57 1
4061 57 1
4066 57 1
4088 57 1
4099 57 1
4142 57 1
4143 57 1
4146 57 1
4149 57 1
4166 57 1
4193 57 1
4206 57 1
4219 57 1
4249 57 1
4275 57 1
4282 57 1
4285 57 1
4286 57 1
4289 57 1
4347 57 1
4359 57 1
4363 57 1
4365 57 1
4369 57 1
4419 57 1
4425 57 1
4430 57 1
4440 57 1
4467 57 1
4468 57 1
4475 57 1
4518 57 1
4521 57 1
4527 57 1
4618 57 1
4633 57 1
4648 57 1
4650 57 1
4660 57 1
4669 57 1
4687 57 1
4752 57 1
4754 57 1
4780 57 1
4839 57 1
4991 57 1
5005 57 1
5016 57 1
5042 57 1
5049 57 1
5065 57 1
5075 57 1
5077 57 1
5084 57 1
5106 57 1
5143 57 1
5144 57 1
5158 57 1
5180 57 1
5184 57 1
5199 57 1
5200 57 1
5201 57 1
5208 57 1
5226 57 1
5229 57 1
5253 57 1
5266 57 1
5273 57 1
5277 57 1
5290 57 1
5294 57 1
5314 57 1
5329 57 1
5401 57 1
5431 57 1
5435 57 1
5715 57 1
5722 57 1
5723 57 1
5726 57 1
5751 57 1
5870 57 1
5874 57 1
5876 57 1
5916 57 1
5922 57 1
5928 57 1
5941 57 1
5951 57 1
5974 57 1
5978 57 1
5982 57 1
5990 57 1
5991 57 1
6002 57 1
6022 57 1
6091 57 1
6096 57 1
6100 57 1
6124 57 1
6190 57 1
6219 57 1
6233 57 1
6242 57 1
6263 57 1
6304 57 1
6310 57 1
6329 57 1
6401 57 1
6450 57 1
6460 57 1
6475 57 1
6485 57 1
6491 57 1
6546 57 1
6554 57 1
6649 57 1
6650 57 1
6654 57 1
6655 57 1
6656 57 1
6670 57 1
6673 57 1
6675 57 1
6682 57 1
6687 57 1
6693 57 1
6694 57 1
6695 57 1
6700 57 1
6711 57 1
6718 57 1
6720 57 1
6730 57 1
6731 57 1
6735 57 1
6736 57 1
6740 57 1
6748 57 1
6753 57 1
6754 57 1
6757 57 1
6758 57 1
6766 57 1
6768 57 1
6781 57 1
6795 57 1
6804 57 1
6807 57 1
6815 57 1
6816 57 1
6819 57 1
6820 57 1
6822 57 1
6828 57 1
6830 57 1
6831 57 1
6838 57 1
6840 57 1
6843 57 1
6845 57 1
6847 57 1
6853 57 1
6854 57 1
6864 57 1
6868 57 1
6871 57 1
6872 57 1
6873 57 1
6875 57 1
6877 57 1
6881 57 1
6886 57 1
6889 57 1
6894 57 1
6916 57 1
6918 57 1
6919 57 1
6926 57 1
6941 57 1
6945 57 1
6950 57 1
6954 57 1
6955 57 1
6956 57 1
6958 57 1
6962 57 1
6964 57 1
6968 57 1
6969 57 1
6971 57 1
6981 57 1
6984 57 1
6986 57 1
6987 57 1
6989 57 1
6994 57 1
6997 57 1
7006 57 1
7010 57 1
7012 57 1
7017 57 1
7018 57 1
7025 57 1
7026 57 1
7030 57 1
7031 57 1
7032 57 1
7054 57 1
7058 57 1
7064 57 1
7066 57 1
7075 57 1
7077 57 1
7080 57 1
7086 57 1
7091 57 1
7100 57 1
7101 57 1
7104 57 1
7106 57 1
7107 57 1
7108 57 1
7112 57 1
7113 57 1
7119 57 1
7121 57 1
7122 57 1
7123 57 1
7134 57 1
7135 57 1
7137 57 1
7138 57 1
7155 57 1
7162 57 1
7165 57 1
7187 57 1
7188 57 1
7189 57 1
7196 57 1
7198 57 1
7199 57 1
7207 57 1
7210 57 1
7211 57 1
7214 57 1
7224 57 1
7225 57 1
7230 57 1
7243 57 1
7246 57 1
7247 57 1
7249 57 1
7253 57 1
7257 57 1
7264 57 1
7275 57 1
7277 57 1
7284 57 1
7286 57 1
7292 57 1
7297 57 1
7305 57 1
7310 57 1
7323 57 1
7326 57 1
7327 57 1
7330 57 1
7331 57 1
7333 57 1
7343 57 1
7354 57 1
7356 57 1
7359 57 1
7360 57 1
7363 57 1
7366 57 1
7377 57 1
7378 57 1
7379 57 1
7380 57 1
7381 57 1
7384 57 1
7394 57 1
7397 57 1
7400 57 1
7403 57 1
7406 57 1
7422 57 1
7423 57 1
7429 57 1
7431 57 1
7434 57 1
7435 57 1
7436 57 1
7443 57 1
7457 57 1
7460 57 1
7465 57 1
7468 57 1
7469 57 1
7473 57 1
7476 57 1
7477 57 1
7481 57 1
7491 57 1
7494 57 1
7501 57 1
7514 57 1
7522 57 1
7529 57 1
7530 57 1
7531 57 1
7532 57 1
7533 57 1
7536 57 1
7538 57 1
7545 57 1
7548 57 1
7557 57 1
7564 57 1
7567 57 1
7572 57 1
7575 57 1
7583 57 1
7584 57 1
7587 57 1
7593 57 1
7594 57 1
7596 57 1
7608 57 1
7610 57 1
7619 57 1
7620 57 1
7623 57 1
7626 57 1
7640 57 1
7641 57 1
7642 57 1
7650 57 1
7653 57 1
7655 57 1
7663 57 1
7671 57 1
7675 57 1
7680 57 1
7698 57 1
7706 57 1
7708 57 1
7716 57 1
7718 57 1
7722 57 1
7730 57 1
7731 57 1
7733 57 1
7734 57 1
7738 57 1
7743 57 1
7747 57 1
7748 57 1
7766 57 1
7788 57 1
7796 57 1
7807 57 1
7812 57 1
7833 57 1
7834 57 1
7835 57 1
7836 57 1
7837 57 1
7839 57 1
7841 57 1
7846 57 1
7854 57 1
7855 57 1
7856 57 1
7857 57 1
7860 57 1
7862 57 1
7877 57 1
7878 57 1
7882 57 1
7885 57 1
7887 57 1
7888 57 1
7897 57 1
7898 57 1
7899 57 1
7900 57 1
7901 57 1
7903 57 1
7905 57 1
7908 57 1
7911 57 1
7912 57 1
7930 57 1
7933 57 1
7943 57 1
7944 57 1
7946 57 1
7952 57 1
7953 57 1
7958 57 1
7961 57 1
7962 57 1
7965 57 1
7967 57 1
7968 57 1
7970 57 1
7972 57 1
7977 57 1
7980 57 1
7981 57 1
7984 57 1
7987 57 1
7991 57 1
7998 57 1
8006 57 1
8010 57 1
8012 57 1
8018 57 1
8026 57 1
8027 57 1
8030 57 1
8031 57 1
8034 57 1
8035 57 1
8039 57 1
8051 57 1
8053 57 1
8057 57 1
8060 57 1
8063 57 1
8072 57 1
8073 57 1
8074 57 1
8076 57 1
8084 57 1
8089 57 1
8092 57 1
8095 57 1
8097 57 1
8098 57 1
8104 57 1
8106 57 1
8110 57 1
8113 57 1
8120 57 1
8122 57 1
8123 57 1
8127 57 1
8130 57 1
8134 57 1
8141 57 1
8142 57 1
8143 57 1
8153 57 1
8155 57 1
8158 57 1
8159 57 1
8162 57 1
8170 57 1
8172 57 1
8173 57 1
8182 57 1
8183 57 1
8189 57 1
8192 57 1
8196 57 1
8201 57 1
8205 57 1
8211 57 1
8218 57 1
8227 57 1
8228 57 1
8229 57 1
8252 57 1
8255 57 1
8258 57 1
8261 57 1
8262 57 1
8264 57 1
8271 57 1
8278 57 1
8281 57 1
8285 57 1
8286 57 1
8297 57 1
8300 57 1
8304 57 1
8307 57 1
8311 57 1
8313 57 1
8314 57 1
8321 57 1
8327 57 1
8343 57 1
8344 57 1
8360 57 1
8365 57 1
8372 57 1
8374 57 1
8383 57 1
8385 57 1
8387 57 1
8393 57 1
8399 57 1
8401 57 1
8402 57 1
8411 57 1
8414 57 1
8417 57 1
8420 57 1
8427 57 1
8430 57 1
8432 57 1
8435 57 1
8438 57 1
8440 57 1
8446 57 1
8449 57 1
8453 57 1
8455 57 1
8463 57 1
8466 57 1
8475 57 1
8477 57 1
8484 57 1
8492 57 1
8493 57 1
8494 57 1
8496 57 1
8497 57 1
8499 57 1
8502 57 1
8503 57 1
8504 57 1
8510 57 1
8516 57 1
8519 57 1
8521 57 1
8525 57 1
8528 57 1
8529 57 1
8530 57 1
8550 57 1
8551 57 1
8553 57 1
8555 57 1
8556 57 1
8561 57 1
8563 57 1
8577 57 1
8583 57 1
8589 57 1
8597 57 1
8601 57 1
8619 57 1
8631 57 1
8632 57 1
8643 57 1
8687 57 1
8712 57 1
8744 57 1
8769 57 1
8787 57 1
8807 57 1
8900 57 1
8909 57 1
8915 57 1
8926 57 1
8934 57 1
8939 57 1
8942 57 1
8968 57 1
8970 57 1
8989 57 1
8990 57 1
9017 57 1
9025 57 1
9043 57 1
9082 57 1
9084 57 1
9088 57 1
9089 57 1
9094 57 1
9099 57 1
9106 57 1
9117 57 1
9129 57 1
9131 57 1
9142 57 1
9145 57 1
9152 57 1
9154 57 1
9158 57 1
9164 57 1
9171 57 1
9387 57 1
9413 57 1
9513 57 1
9516 57 1
9517 57 1
9531 57 1
9569 57 1
9602 57 1
9607 57 1
9685 57 1
9687 57 1
9698 57 1
9708 57 1
9719 57 1
9749 57 1
9801 57 1
9804 57 1
9805 57 1
9820 57 1
9849 57 1
9851 57 1
9858 57 1
9882 57 1
9884 57 1
9900 57 1
9905 57 1
9913 57 1
9932 57 1
10117 57 1
10122 57 1
10129 57 1
10173 57 1
10184 57 1
10209 57 1
10211 57 1
10212 57 1
10216 57 1
10217 57 1
10224 57 1
10239 57 1
10260 57 1
10268 57 1
10272 57 1
10305 57 1
10315 57 1
10321 57 1
10324 57 1
10326 57 1
10327 57 1
10329 57 1
10330 57 1
10358 57 1
10359 57 1
10360 57 1
10373 57 1
10390 57 1
10419 57 1
10446 57 1
10448 57 1
10455 57 1
10463 57 1
10469 57 1
10472 57 1
10473 57 1
10488 57 1
10490 57 1
10523 57 1
10537 57 1
10540 57 1
10544 57 1
10551 57 1
10554 57 1
10578 57 1
10591 57 1
10608 57 1
10633 57 1
10644 57 1
10657 57 1
10658 57 1
10682 57 1
10697 57 1
10705 57 1
10731 57 1
10735 57 1
10762 57 1
10811 57 1
10813 57 1
10835 57 1
10849 57 1
10853 57 1
10859 57 1
10860 57 1
10863 57 1
10874 57 1
10887 57 1
10900 57 1
10905 57 1
10939 57 1
10972 57 1
10988 57 1
11028 57 1
11049 57 1
11083 57 1
11087 57 1
11136 57 1
11137 57 1
11146 57 1
11195 57 1
11257 57 1
11278 57 1
11302 57 1
11318 57 1
11322 57 1
11324 57 1
11332 57 1
11334 57 1
11405 57 1
11410 57 1
11424 57 1
11438 57 1
11471 57 1
11501 57 1
11506 57 1
11516 57 1
11562 57 1
11628 57 1
11674 57 1
11676 57 1
11678 57 1
11706 57 1
11715 57 1
11717 57 1
11730 57 1
11767 57 1
11772 57 1
11775 57 1
11788 57 1
11790 57 1
11794 57 1
11817 57 1
11831 57 1
11883 57 1
11889 57 1
11901 57 1
11950 57 1
11952 57 1
11959 57 1
11963 57 1
11993 57 1
11997 57 1
12028 57 1
12054 57 1
12059 57 1
12061 57 1
12063 57 1
12078 57 1
12081 57 1
12093 57 1
12095 57 1
12100 57 1
12105 57 1
12109 57 1
12111 57 1
12130 57 1
12146 57 1
12149 57 1
12153 57 1
12165 57 1
12187 57 1
12215 57 1
12223 57 1
12232 57 1
12237 57 1
12238 57 1
12240 57 1
12241 57 1
12254 57 1
12273 57 1
12282 57 1
12293 57 1
12305 57 1
12306 57 1
12309 57 1
12317 57 1
12342 57 1
12366 57 1
12367 57 1
12386 57 1
12398 57 1
12399 57 1
12401 57 1
12405 57 1
12433 57 1
12470 57 1
12477 57 1
12504 57 1
12539 57 1
12545 57 1
12549 57 1
12552 57 1
12556 57 1
12573 57 1
12672 57 1
12700 57 1
12708 57 1
12731 57 1
12780 57 1
12811 57 1
12813 57 1
12909 57 1
12974 57 1
12977 57 1
12999 57 1
13000 57 1
13063 57 1
13093 57 1
13102 57 1
13115 57 1
13139 57 1
13140 57 1
13143 57 1
13237 57 1
13248 57 1
13259 57 1
13274 57 1
13277 57 1
13304 57 1
13312 57 1
13335 57 1
13341 57 1
13342 57 1
13360 57 1
13398 57 1
13442 57 1
13444 57 1
13460 57 1
13515 57 1
13563 57 1
13597 57 1
13606 57 1
13621 57 1
13628 57 1
13639 57 1
13692 57 1
13706 57 1
13714 57 1
13745 57 1
13761 57 1
13798 57 1
13813 57 1
13859 57 1
13863 57 1
13877 57 1
13904 57 1
13915 57 1
13941 57 1
13980 57 1
14017 57 1
14018 57 1
14021 57 1
14044 57 1
14142 57 1
14143 57 1
14171 57 1
14184 57 1
14185 57 1
14285 57 1
14286 57 1
14314 57 1
14330 57 1
14334 57 1
14340 57 1
14372 57 1
14378 57 1
14407 57 1
14425 57 1
14429 57 1
14449 57 1
14503 57 1
14517 57 1
14562 57 1
14575 57 1
14611 57 1
14643 57 1
14683 57 1
14685 57 1
14699 57 1
14714 57 1
14716 57 1
14726 57 1
14728 57 1
14757 57 1
14758 57 1
14787 57 1
14842 57 1
14852 57 1
14915 57 1
14926 57 1
14948 57 1
14951 57 1
14955 57 1
14979 57 1
15011 57 1
15026 57 1
15038 57 1
15049 57 1
15084 57 1
15085 57 1
15098 57 1
15114 57 1
15130 57 1
15135 57 1
15139 57 1
15143 57 1
15183 57 1
15215 57 1
15223 57 1
15249 57 1
15259 57 1
15260 57 1
15269 57 1
15281 57 1
15284 57 1
15294 57 1
15301 57 1
15318 57 1
15332 57 1
15430 57 1
15465 57 1
15474 57 1
15475 57 1
15525 57 1
15635 57 1
15657 57 1
15665 57 1
15670 57 1
15701 57 1
15713 57 1
15759 57 1
15765 57 1
15772 57 1
15779 57 1
15797 57 1
15815 57 1
15823 57 1
15835 57 1
15846 57 1
15852 57 1
15878 57 1
15914 57 1
15969 57 1
15987 57 1
15992 57 1
16002 57 1
16072 57 1
16082 57 1
16187 57 1
16247 57 1
16258 57 1
16260 57 1
16261 57 1
16292 57 1
16323 57 1
16331 57 1
16334 57 1
16414 57 1
16485 57 1
16508 57 1
16529 57 1
16565 57 1
16569 57 1
16584 57 1
16585 57 1
16609 57 1
16613 57 1
16631 57 1
16644 57 1
16645 57 1
16659 57 1
16690 57 1
16691 57 1
16694 57 1
16695 57 1
16702 57 1
16706 57 1
16750 57 1
16772 57 1
16817 57 1
16829 57 1
16835 57 1
16847 57 1
16848 57 1
16864 57 1
16908 57 1
16922 57 1
16937 57 1
16940 57 1
16941 57 1
16942 57 1
16952 57 1
16957 57 1
16977 57 1
17000 57 1
17012 57 1
17031 57 1
17047 57 1
17065 57 1
17106 57 1
17167 57 1
17169 57 1
17181 57 1
17191 57 1
17193 57 1
17197 57 1
17198 57 1
17200 57 1
17207 57 1
17214 57 1
17218 57 1
17225 57 1
17233 57 1
17240 57 1
17244 57 1
17245 57 1
17246 57 1
17252 57 1
17262 57 1
17264 57 1
17266 57 1
17271 57 1
17273 57 1
17279 57 1
17282 57 1
17287 57 1
17289 57 1
17311 57 1
17312 57 1
17313 57 1
17315 57 1
17316 57 1
17317 57 1
17320 57 1
17323 57 1
17327 57 1
17328 57 1
17335 57 1
17338 57 1
17342 57 1
17343 57 1
17347 57 1
17356 57 1
17362 57 1
17365 57 1
17373 57 1
17383 57 1
17393 57 1
17425 57 1
17441 57 1
17447 57 1
17453 57 1
17460 57 1
17461 57 1
17464 57 1
17465 57 1
17468 57 1
17472 57 1
17504 57 1
17509 57 1
17519 57 1
17522 57 1
17552 57 1
17554 57 1
17556 57 1
17561 57 1
17573 57 1
17587 57 1
17597 57 1
17602 57 1
17615 57 1
17616 57 1
17619 57 1
17620 57 1
17623 57 1
17635 57 1
17637 57 1
17640 57 1
17641 57 1
17643 57 1
17647 57 1
17648 57 1
17656 57 1
17664 57 1
17668 57 1
17674 57 1
17675 57 1
17679 57 1
17688 57 1
17692 57 1
17693 57 1
17707 57 1
17708 57 1
17717 57 1
17728 57 1
17760 57 1
17811 57 1
17845 57 1
17861 57 1
17863 57 1
17869 57 1
17882 57 1
17891 57 1
17901 57 1
17909 57 1
17922 57 1
18001 57 1
18002 57 1
18007 57 1
18012 57 1
18055 57 1
18065 57 1
18232 57 1
18255 57 1
18267 57 1
18270 57 1
18288 57 1
18336 57 1
18382 57 1
18385 57 1
18397 57 1
18404 57 1
18458 57 1
18484 57 1
18490 57 1
18538 57 1
18576 57 1
18577 57 1
18583 57 1
18625 57 1
18627 57 1
18639 57 1
18791 57 1
18816 57 1
18828 57 1
18844 57 1
18860 57 1
18920 57 1
18925 57 1
18926 57 1
18966 57 1
19017 57 1
19024 57 1
19081 57 1
19114 57 1
19150 57 1
19195 57 1
19214 57 1
19220 57 1
19243 57 1
19244 57 1
19284 57 1
19295 57 1
19298 57 1
19306 57 1
19367 57 1
19384 57 1
19428 57 1
19458 57 1
19462 57 1
19463 57 1
19513 57 1
19537 57 1
19538 57 1
19540 57 1
19542 57 1
19578 57 1
19589 57 1
19591 57 1
19608 57 1
19612 57 1
19613 57 1
19624 57 1
19641 57 1
19656 57 1
19680 57 1
19718 57 1
19730 57 1
19735 57 1
19744 57 1
19749 57 1
19787 57 1
19822 57 1
19824 57 1
19841 57 1
19896 57 1
19915 57 1
19958 57 1
19971 57 1
19981 57 1
19997 57 1
20000 57 1
20012 57 1
20047 57 1
20067 57 1
20119 57 1
20121 57 1
20135 57 1
20144 57 1
20151 57 1
20213 57 1
20219 57 1
20220 57 1
20223 57 1
20233 57 1
20234 57 1
20246 57 1
20247 57 1
20258 57 1
20294 57 1
20344 57 1
20404 57 1
20431 57 1
20530 57 1
20543 57 1
20604 57 1
20606 57 1
20628 57 1
20629 57 1
20638 57 1
20653 57 1
20655 57 1
20657 57 1
20696 57 1
20704 57 1
20763 57 1
20797 57 1
20813 57 1
20831 57 1
20871 57 1
20872 57 1
20899 57 1
20900 57 1
20909 57 1
20911 57 1
20915 57 1
20979 57 1
21090 57 1
21097 57 1
21103 57 1
21104 57 1
21154 57 1
21160 57 1
21173 57 1
21174 57 1
21192 57 1
21232 57 1
21248 57 1
21250 57 1
21281 57 1
21294 57 1
21304 57 1
21315 57 1
21335 57 1
21359 57 1
21360 57 1
21370 57 1
21378 57 1
21388 57 1
21440 57 1
21442 57 1
21446 57 1
21450 57 1
21453 57 1
21515 57 1
21520 57 1
21522 57 1
21560 57 1
21605 57 1
21606 57 1
21612 57 1
21657 57 1
21684 57 1
21757 57 1
21761 57 1
21812 57 1
21816 57 1
21870 57 1
21881 57 1
21885 57 1
21904 57 1
21905 57 1
21909 57 1
21941 57 1
21944 57 1
21952 57 1
21962 57 1
21986 57 1
22016 57 1
22047 57 1
22078 57 1
22095 57 1
22103 57 1
22106 57 1
22107 57 1
22110 57 1
22112 57 1
22139 57 1
22185 57 1
22191 57 1
22208 57 1
22211 57 1
22238 57 1
22259 57 1
22279 57 1
22375 57 1
22462 57 1
22484 57 1
22502 57 1
22511 57 1
22522 57 1
22549 57 1
22553 57 1
22562 57 1
22563 57 1
22568 57 1
22575 57 1
22634 57 1
22669 57 1
22674 57 1
22675 57 1
22677 57 1
22679 57 1
22722 57 1
22735 57 1
22750 57 1
22753 57 1
22755 57 1
22777 57 1
22779 57 1
22782 57 1
22783 57 1
22821 57 1
22828 57 1
22837 57 1
22846 57 1
22863 57 1
22867 57 1
22869 57 1
22882 57 1
22899 57 1
22900 57 1
22917 57 1
22919 57 1
22933 57 1
22968 57 1
22978 57 1
22985 57 1
23000 57 1
23002 57 1
23003 57 1
23029 57 1
23041 57 1
23048 57 1
23053 57 1
23059 57 1
23062 57 1
23063 57 1
23064 57 1
23069 57 1
23073 57 1
23076 57 1
23110 57 1
23115 57 1
23128 57 1
23130 57 1
23131 57 1
23144 57 1
23145 57 1
23175 57 1
23188 57 1
23204 57 1
23211 57 1
23225 57 1
23257 57 1
23303 57 1
23357 57 1
23378 57 1
23400 57 1
23419 57 1
23422 57 1
23423 57 1
23479 57 1
23483 57 1
23485 57 1
23486 57 1
23491 57 1
23505 57 1
23507 57 1
23509 57 1
23510 57 1
23515 57 1
23517 57 1
23519 57 1
23526 57 1
23528 57 1
23530 57 1
23532 57 1
23540 57 1
23541 57 1
23544 57 1
23546 57 1
23558 57 1
23562 57 1
23565 57 1
23567 57 1
23571 57 1
23573 57 1
23575 57 1
23581 57 1
23585 57 1
23586 57 1
23590 57 1
23591 57 1
23592 57 1
23594 57 1
23595 57 1
23596 57 1
23602 57 1
23606 57 1
23608 57 1
23609 57 1
23612 57 1
23618 57 1
23624 57 1
23631 57 1
23639 57 1
23644 57 1
23646 57 1
23647 57 1
23649 57 1
23657 57 1
23658 57 1
23671 57 1
23672 57 1
23674 57 1
23679 57 1
23680 57 1
23684 57 1
23688 57 1
23692 57 1
23697 57 1
23699 57 1
23704 57 1
23705 57 1
23710 57 1
23715 57 1
23716 57 1
23718 57 1
23720 57 1
23721 57 1
23722 57 1
23724 57 1
23725 57 1
23727 57 1
23735 57 1
23743 57 1
23771 57 1
23773 57 1
23788 57 1
23803 57 1
23829 57 1
23851 57 1
23889 57 1
23926 57 1
23934 57 1
23975 57 1
24031 57 1
24039 57 1
24081 57 1
24093 57 1
24097 57 1
24105 57 1
24131 57 1
24177 57 1
24181 57 1
24184 57 1
24189 57 1
24190 57 1
24191 57 1
24192 57 1
24193 57 1
24194 57 1
24195 57 1
24196 57 1
24197 57 1
24198 57 1
24199 57 1
24200 57 1
24201 57 1
24202 57 1
24203 57 1
24204 57 1
24205 57 1
24206 57 1
24207 57 1
24208 57 1
24209 57 1
24210 57 1
24211 57 1
24212 57 1
24213 57 1
24214 57 1
24215 57 1
24216 57 1
24217 57 1
24218 57 1
24219 57 1
24220 57 1
24221 57 1
24222 57 1
24223 57 1
24224 57 1
24225 57 1
24226 57 1
24227 57 1
24228 57 1
24229 57 1
24230 57 1
24231 57 1
24232 57 1
24233 57 1
24234 57 1
24235 57 1
24236 57 1
24237 57 1
24238 57 1
24239 57 1
24240 57 1
24241 57 1
24242 57 1
24243 57 1
24244 57 1
24245 57 1
24246 57 1
24247 57 1
24248 57 1
24249 57 1
24250 57 1
24251 57 1
24252 57 1
24253 57 1
24254 57 1
24255 57 1
24256 57 1
24257 57 1
24258 57 1
24259 57 1
24260 57 1
24261 57 1
24262 57 1
24263 57 1
24264 57 1
24265 57 1
24266 57 1
24267 57 1
24268 57 1
24269 57 1
24270 57 1
24271 57 1
24272 57 1
24273 57 1
24274 57 1
24275 57 1
24276 57 1
24277 57 1
24278 57 1
24279 57 1
24280 57 1
24281 57 1
24282 57 1
24283 57 1
24284 57 1
24285 57 1
24286 57 1
24287 57 1
24288 57 1
24289 57 1
24290 57 1
24291 57 1
24292 57 1
24293 57 1
24294 57 1
24295 57 1
24296 57 1
24297 57 1
24298 57 1
24299 57 1
24300 57 1
24301 57 1
24302 57 1
24303 57 1
24304 57 1
24305 57 1
24306 57 1
24307 57 1
24308 57 1
24309 57 1
24310 57 1
24311 57 1
24312 57 1
24313 57 1
24314 57 1
24315 57 1
24316 57 1
24317 57 1
24318 57 1
24319 57 1
24320 57 1
24321 57 1
24322 57 1
24323 57 1
24324 57 1
24325 57 1
24326 57 1
24327 57 1
24328 57 1
24329 57 1
24330 57 1
24331 57 1
24332 57 1
24333 57 1
24334 57 1
24335 57 1
24336 57 1
24337 57 1
24338 57 1
24339 57 1
24340 57 1
24341 57 1
24342 57 1
24343 57 1
24344 57 1
24345 57 1
24346 57 1
24347 57 1
24348 57 1
24349 57 1
24350 57 1
24351 57 1
24352 57 1
24353 57 1
24354 57 1
24355 57 1
24356 57 1
24357 57 1
24358 57 1
24359 57 1
24360 57 1
24361 57 1
24362 57 1
24363 57 1
24364 57 1
24365 57 1
24366 57 1
24367 57 1
24368 57 1
24369 57 1
24370 57 1
24371 57 1
24372 57 1
24373 57 1
24374 57 1
24375 57 1
24376 57 1
24377 57 1
24378 57 1
24379 57 1
24380 57 1
24381 57 1
24382 57 1
24383 57 1
24384 57 1
24385 57 1
24386 57 1
24387 57 1
24388 57 1
24389 57 1
24390 57 1
24391 57 1
24392 57 1
24393 57 1
24394 57 1
24395 57 1
24396 57 1
24397 57 1
24398 57 1
24399 57 1
24400 57 1
24401 57 1
24402 57 1
24403 57 1
24404 57 1
24405 57 1
24406 57 1
24407 57 1
24408 57 1
24409 57 1
24410 57 1
24411 57 1
24412 57 1
24413 57 1
24414 57 1
24415 57 1
24416 57 1
24417 57 1
24418 57 1
24419 57 1
24420 57 1
24421 57 1
20147 60 1
81 61 1
222 62 1
222 63 1
2470 65 1
3877 66 1
2597 67 1
5256 68 1
104 70 1
2470 70 1
297 72 1
333 72 1
771 72 1
940 72 1
982 72 1
1018 72 1
3898 72 1
444 73 1
2249 75 1
3877 76 1
81 77 1
2842 77 1
229 78 1
2470 79 1
306 80 1
5959 80 1
84 81 1
89 81 1
100 81 1
103 81 1
118 81 1
123 81 1
124 81 1
126 81 1
133 81 1
134 81 1
136 81 1
137 81 1
160 81 1
183 81 1
195 81 1
214 81 1
222 81 1
223 81 1
229 81 1
235 81 1
247 81 1
248 81 1
272 81 1
284 81 1
285 81 1
291 81 1
293 81 1
297 81 1
298 81 1
306 81 1
308 81 1
315 81 1
318 81 1
319 81 1
321 81 1
325 81 1
331 81 1
338 81 1
345 81 1
346 81 1
352 81 1
354 81 1
356 81 1
359 81 1
360 81 1
374 81 1
383 81 1
396 81 1
437 81 1
438 81 1
440 81 1
445 81 1
446 81 1
451 81 1
452 81 1
463 81 1
466 81 1
478 81 1
480 81 1
494 81 1
501 81 1
520 81 1
540 81 1
553 81 1
555 81 1
562 81 1
563 81 1
569 81 1
571 81 1
603 81 1
612 81 1
620 81 1
628 81 1
661 81 1
666 81 1
678 81 1
682 81 1
689 81 1
702 81 1
706 81 1
715 81 1
733 81 1
736 81 1
751 81 1
753 81 1
758 81 1
771 81 1
772 81 1
775 81 1
776 81 1
785 81 1
789 81 1
798 81 1
799 81 1
810 81 1
816 81 1
818 81 1
820 81 1
832 81 1
841 81 1
842 81 1
844 81 1
851 81 1
852 81 1
870 81 1
879 81 1
896 81 1
899 81 1
900 81 1
901 81 1
902 81 1
906 81 1
933 81 1
940 81 1
957 81 1
958 81 1
967 81 1
975 81 1
1010 81 1
1016 81 1
1037 81 1
1056 81 1
1059 81 1
1064 81 1
1084 81 1
1089 81 1
1092 81 1
1096 81 1
1100 81 1
1115 81 1
1117 81 1
1126 81 1
1130 81 1
1133 81 1
1142 81 1
1162 81 1
1176 81 1
1182 81 1
1191 81 1
1199 81 1
1201 81 1
1205 81 1
1209 81 1
1210 81 1
1212 81 1
1213 81 1
1225 81 1
1226 81 1
1233 81 1
1235 81 1
1237 81 1
1261 81 1
1271 81 1
1273 81 1
1277 81 1
1280 81 1
1287 81 1
1316 81 1
1317 81 1
1330 81 1
1331 81 1
1344 81 1
1346 81 1
1350 81 1
1352 81 1
1353 81 1
1359 81 1
1363 81 1
1384 81 1
1388 81 1
1410 81 1
1412 81 1
1413 81 1
1426 81 1
1439 81 1
1440 81 1
1457 81 1
1460 81 1
1470 81 1
1473 81 1
1474 81 1
1478 81 1
1479 81 1
1483 81 1
1493 81 1
1511 81 1
1520 81 1
1527 81 1
1528 81 1
1532 81 1
1537 81 1
1538 81 1
1552 81 1
1555 81 1
1564 81 1
1572 81 1
1574 81 1
1575 81 1
1581 81 1
1605 81 1
1606 81 1
1608 81 1
1611 81 1
1619 81 1
1621 81 1
1623 81 1
1629 81 1
1683 81 1
1693 81 1
1695 81 1
1838 81 1
1873 81 1
1883 81 1
1906 81 1
1921 81 1
1930 81 1
1931 81 1
1932 81 1
1937 81 1
1943 81 1
1955 81 1
1956 81 1
2005 81 1
2007 81 1
2008 81 1
2042 81 1
2072 81 1
2085 81 1
2111 81 1
2135 81 1
2152 81 1
2176 81 1
2178 81 1
2186 81 1
2208 81 1
2217 81 1
2219 81 1
2221 81 1
2225 81 1
2226 81 1
2232 81 1
2233 81 1
2244 81 1
2265 81 1
2274 81 1
2277 81 1
2279 81 1
2280 81 1
2320 81 1
2335 81 1
2337 81 1
2361 81 1
2369 81 1
2372 81 1
2380 81 1
2389 81 1
2394 81 1
2396 81 1
2417 81 1
2422 81 1
2428 81 1
2429 81 1
2436 81 1
2438 81 1
2443 81 1
2454 81 1
2468 81 1
2471 81 1
2491 81 1
2495 81 1
2498 81 1
2526 81 1
2538 81 1
2546 81 1
2566 81 1
2582 81 1
2590 81 1
2597 81 1
2623 81 1
2633 81 1
2634 81 1
2638 81 1
2639 81 1
2643 81 1
2649 81 1
2650 81 1
2653 81 1
2654 81 1
2656 81 1
2658 81 1
2661 81 1
2662 81 1
2668 81 1
2673 81 1
2677 81 1
2679 81 1
2690 81 1
2704 81 1
2710 81 1
2721 81 1
2723 81 1
2737 81 1
2749 81 1
2758 81 1
2759 81 1
2763 81 1
2767 81 1
2768 81 1
2771 81 1
2775 81 1
2788 81 1
2789 81 1
2791 81 1
2792 81 1
2819 81 1
2822 81 1
2828 81 1
2829 81 1
2830 81 1
2839 81 1
2851 81 1
2855 81 1
2861 81 1
2872 81 1
2873 81 1
2892 81 1
2894 81 1
2897 81 1
2908 81 1
2909 81 1
2927 81 1
2941 81 1
2950 81 1
2955 81 1
2959 81 1
2965 81 1
2970 81 1
2971 81 1
2976 81 1
2986 81 1
3011 81 1
3014 81 1
3016 81 1
3029 81 1
3034 81 1
3037 81 1
3038 81 1
3039 81 1
3049 81 1
3056 81 1
3061 81 1
3065 81 1
3069 81 1
3081 81 1
3089 81 1
3094 81 1
3098 81 1
3113 81 1
3118 81 1
3126 81 1
3135 81 1
3149 81 1
3165 81 1
3176 81 1
3180 81 1
3182 81 1
3210 81 1
3222 81 1
3230 81 1
3261 81 1
3264 81 1
3268 81 1
3270 81 1
3275 81 1
3278 81 1
3290 81 1
3292 81 1
3295 81 1
3300 81 1
3301 81 1
3308 81 1
3325 81 1
3328 81 1
3339 81 1
3354 81 1
3356 81 1
3366 81 1
3370 81 1
3372 81 1
3389 81 1
3396 81 1
3402 81 1
3412 81 1
3417 81 1
3423 81 1
3438 81 1
3441 81 1
3456 81 1
3461 81 1
3463 81 1
3464 81 1
3485 81 1
3514 81 1
3547 81 1
3554 81 1
3555 81 1
3596 81 1
3599 81 1
3606 81 1
3629 81 1
3640 81 1
3642 81 1
3647 81 1
3654 81 1
3675 81 1
3687 81 1
3740 81 1
3745 81 1
3763 81 1
3783 81 1
3789 81 1
3791 81 1
3793 81 1
3809 81 1
3811 81 1
3836 81 1
3837 81 1
3839 81 1
3845 81 1
3860 81 1
3875 81 1
3888 81 1
3896 81 1
3903 81 1
3907 81 1
3921 81 1
3924 81 1
3928 81 1
3938 81 1
3955 81 1
3957 81 1
3960 81 1
3961 81 1
3966 81 1
3969 81 1
3984 81 1
3992 81 1
4001 81 1
4008 81 1
4026 81 1
4032 81 1
4039 81 1
4048 81 1
4074 81 1
4075 81 1
4079 81 1
4091 81 1
4106 81 1
4109 81 1
4111 81 1
4115 81 1
4145 81 1
4149 81 1
4180 81 1
4182 81 1
4196 81 1
4214 81 1
4216 81 1
4226 81 1
4230 81 1
4234 81 1
4237 81 1
4249 81 1
4273 81 1
4275 81 1
4287 81 1
4291 81 1
4295 81 1
4318 81 1
4343 81 1
4354 81 1
4372 81 1
4423 81 1
4429 81 1
4440 81 1
4444 81 1
4445 81 1
4462 81 1
4468 81 1
4475 81 1
4487 81 1
4492 81 1
4517 81 1
4527 81 1
4540 81 1
4573 81 1
4608 81 1
4609 81 1
4659 81 1
4684 81 1
4694 81 1
4717 81 1
4743 81 1
4744 81 1
4751 81 1
4752 81 1
4756 81 1
4764 81 1
4799 81 1
4805 81 1
4834 81 1
4843 81 1
4874 81 1
4885 81 1
4886 81 1
4890 81 1
4901 81 1
4950 81 1
4963 81 1
4969 81 1
4981 81 1
4991 81 1
4995 81 1
5002 81 1
5017 81 1
5038 81 1
5041 81 1
5042 81 1
5085 81 1
5088 81 1
5092 81 1
5122 81 1
5150 81 1
5158 81 1
5168 81 1
5169 81 1
5175 81 1
5188 81 1
5190 81 1
5194 81 1
5199 81 1
5226 81 1
5237 81 1
5240 81 1
5256 81 1
5259 81 1
5266 81 1
5269 81 1
5271 81 1
5292 81 1
5294 81 1
5310 81 1
5314 81 1
5350 81 1
5351 81 1
5366 81 1
5379 81 1
5421 81 1
5426 81 1
5427 81 1
5589 81 1
5687 81 1
5724 81 1
5727 81 1
5745 81 1
5833 81 1
5865 81 1
5876 81 1
5888 81 1
5921 81 1
5922 81 1
5941 81 1
5978 81 1
5983 81 1
5985 81 1
5987 81 1
5995 81 1
6005 81 1
6020 81 1
6021 81 1
6063 81 1
6091 81 1
6096 81 1
6100 81 1
6113 81 1
6114 81 1
6122 81 1
6127 81 1
6140 81 1
6156 81 1
6177 81 1
6185 81 1
6207 81 1
6219 81 1
6232 81 1
6233 81 1
6252 81 1
6263 81 1
6330 81 1
6338 81 1
6350 81 1
6357 81 1
6359 81 1
6410 81 1
6442 81 1
6450 81 1
6463 81 1
6474 81 1
6479 81 1
6485 81 1
6489 81 1
6506 81 1
6520 81 1
6553 81 1
6554 81 1
6559 81 1
6562 81 1
6563 81 1
6567 81 1
6606 81 1
6607 81 1
6638 81 1
6639 81 1
6640 81 1
6641 81 1
6642 81 1
6643 81 1
6644 81 1
6645 81 1
6646 81 1
6647 81 1
6648 81 1
6649 81 1
6650 81 1
6651 81 1
6652 81 1
6653 81 1
6654 81 1
6655 81 1
6656 81 1
6657 81 1
6658 81 1
6659 81 1
6660 81 1
6661 81 1
6662 81 1
6663 81 1
6664 81 1
6665 81 1
6666 81 1
6667 81 1
6668 81 1
6669 81 1
6670 81 1
6671 81 1
6672 81 1
6673 81 1
6674 81 1
6675 81 1
6676 81 1
6677 81 1
6678 81 1
6679 81 1
6680 81 1
6681 81 1
6682 81 1
6683 81 1
6684 81 1
6685 81 1
6686 81 1
6687 81 1
6688 81 1
6689 81 1
6690 81 1
6691 81 1
6692 81 1
6693 81 1
6694 81 1
6695 81 1
6696 81 1
6697 81 1
6698 81 1
6699 81 1
6700 81 1
6701 81 1
6702 81 1
6703 81 1
6704 81 1
6705 81 1
6706 81 1
6707 81 1
6708 81 1
6709 81 1
6710 81 1
6711 81 1
6712 81 1
6713 81 1
6714 81 1
6715 81 1
6716 81 1
6717 81 1
6718 81 1
6719 81 1
6720 81 1
6721 81 1
6722 81 1
6723 81 1
6724 81 1
6725 81 1
6726 81 1
6727 81 1
6728 81 1
6729 81 1
6730 81 1
6731 81 1
6732 81 1
6733 81 1
6734 81 1
6735 81 1
6736 81 1
6737 81 1
6738 81 1
6739 81 1
6740 81 1
6741 81 1
6742 81 1
6743 81 1
6744 81 1
6745 81 1
6746 81 1
6747 81 1
6748 81 1
6749 81 1
6750 81 1
6751 81 1
6752 81 1
6753 81 1
6754 81 1
6755 81 1
6756 81 1
6757 81 1
6758 81 1
6759 81 1
6760 81 1
6761 81 1
6762 81 1
6763 81 1
6764 81 1
6765 81 1
6766 81 1
6767 81 1
6768 81 1
6769 81 1
6770 81 1
6771 81 1
6772 81 1
6773 81 1
6774 81 1
6775 81 1
6776 81 1
6777 81 1
6778 81 1
6779 81 1
6780 81 1
6781 81 1
6782 81 1
6783 81 1
6784 81 1
6785 81 1
6786 81 1
6787 81 1
6788 81 1
6789 81 1
6790 81 1
6791 81 1
6792 81 1
6793 81 1
6794 81 1
6795 81 1
6796 81 1
6797 81 1
6798 81 1
6799 81 1
6800 81 1
6801 81 1
6802 81 1
6803 81 1
6804 81 1
6805 81 1
6806 81 1
6807 81 1
6808 81 1
6809 81 1
6810 81 1
6811 81 1
6812 81 1
6813 81 1
6814 81 1
6815 81 1
6816 81 1
6817 81 1
6818 81 1
6819 81 1
6820 81 1
6821 81 1
6822 81 1
6823 81 1
6824 81 1
6825 81 1
6826 81 1
6827 81 1
6828 81 1
6829 81 1
6830 81 1
6831 81 1
6832 81 1
6833 81 1
6834 81 1
6835 81 1
6836 81 1
6837 81 1
6838 81 1
6839 81 1
6840 81 1
6841 81 1
6842 81 1
6843 81 1
6844 81 1
6845 81 1
6846 81 1
6847 81 1
6848 81 1
6849 81 1
6850 81 1
6851 81 1
6852 81 1
6853 81 1
6854 81 1
6855 81 1
6856 81 1
6857 81 1
6858 81 1
6859 81 1
6860 81 1
6861 81 1
6862 81 1
6863 81 1
6864 81 1
6865 81 1
6866 81 1
6867 81 1
6868 81 1
6869 81 1
6870 81 1
6871 81 1
6872 81 1
6873 81 1
6874 81 1
6875 81 1
6876 81 1
6877 81 1
6878 81 1
6879 81 1
6880 81 1
6881 81 1
6882 81 1
6883 81 1
6884 81 1
6885 81 1
6886 81 1
6887 81 1
6888 81 1
6889 81 1
6890 81 1
6891 81 1
6892 81 1
6893 81 1
6894 81 1
6895 81 1
6896 81 1
6897 81 1
6898 81 1
6899 81 1
6900 81 1
6901 81 1
6902 81 1
6903 81 1
6904 81 1
6905 81 1
6906 81 1
6907 81 1
6908 81 1
6909 81 1
6910 81 1
6911 81 1
6912 81 1
6913 81 1
6914 81 1
6915 81 1
6916 81 1
6917 81 1
6918 81 1
6919 81 1
6920 81 1
6921 81 1
6922 81 1
6923 81 1
6924 81 1
6925 81 1
6926 81 1
6927 81 1
6928 81 1
6929 81 1
6930 81 1
6931 81 1
6932 81 1
6933 81 1
6934 81 1
6935 81 1
6936 81 1
6937 81 1
6938 81 1
6939 81 1
6940 81 1
6941 81 1
6942 81 1
6943 81 1
6944 81 1
6945 81 1
6946 81 1
6947 81 1
6948 81 1
6949 81 1
6950 81 1
6951 81 1
6952 81 1
6953 81 1
6954 81 1
6955 81 1
6956 81 1
6957 81 1
6958 81 1
6959 81 1
6960 81 1
6961 81 1
6962 81 1
6963 81 1
6964 81 1
6965 81 1
6966 81 1
6967 81 1
6968 81 1
6969 81 1
6970 81 1
6971 81 1
6972 81 1
6973 81 1
6974 81 1
6975 81 1
6976 81 1
6977 81 1
6978 81 1
6979 81 1
6980 81 1
6981 81 1
6982 81 1
6983 81 1
6984 81 1
6985 81 1
6986 81 1
6987 81 1
6988 81 1
6989 81 1
6990 81 1
6991 81 1
6992 81 1
6993 81 1
6994 81 1
6995 81 1
6996 81 1
6997 81 1
6998 81 1
6999 81 1
7000 81 1
7001 81 1
7002 81 1
7003 81 1
7004 81 1
7005 81 1
7006 81 1
7007 81 1
7008 81 1
7009 81 1
7010 81 1
7011 81 1
7012 81 1
7013 81 1
7014 81 1
7015 81 1
7016 81 1
7017 81 1
7018 81 1
7019 81 1
7020 81 1
7021 81 1
7022 81 1
7023 81 1
7024 81 1
7025 81 1
7026 81 1
7027 81 1
7028 81 1
7029 81 1
7030 81 1
7031 81 1
7032 81 1
7033 81 1
7034 81 1
7035 81 1
7036 81 1
7037 81 1
7038 81 1
7039 81 1
7040 81 1
7041 81 1
7042 81 1
7043 81 1
7044 81 1
7045 81 1
7046 81 1
7047 81 1
7048 81 1
7049 81 1
7050 81 1
7051 81 1
7052 81 1
7053 81 1
7054 81 1
7055 81 1
7056 81 1
7057 81 1
7058 81 1
7059 81 1
7060 81 1
7061 81 1
7062 81 1
7063 81 1
7064 81 1
7065 81 1
7066 81 1
7067 81 1
7068 81 1
7069 81 1
7070 81 1
7071 81 1
7072 81 1
7073 81 1
7074 81 1
7075 81 1
7076 81 1
7077 81 1
7078 81 1
7079 81 1
7080 81 1
7081 81 1
7082 81 1
7083 81 1
7084 81 1
7085 81 1
7086 81 1
7087 81 1
7088 81 1
7089 81 1
7090 81 1
7091 81 1
7092 81 1
7093 81 1
7094 81 1
7095 81 1
7096 81 1
7097 81 1
7098 81 1
7099 81 1
7100 81 1
7101 81 1
7102 81 1
7103 81 1
7104 81 1
7105 81 1
7106 81 1
7107 81 1
7108 81 1
7109 81 1
7110 81 1
7111 81 1
7112 81 1
7113 81 1
7114 81 1
7115 81 1
7116 81 1
7117 81 1
7118 81 1
7119 81 1
7120 81 1
7121 81 1
7122 81 1
7123 81 1
7124 81 1
7125 81 1
7126 81 1
7127 81 1
7128 81 1
7129 81 1
7130 81 1
7131 81 1
7132 81 1
7133 81 1
7134 81 1
7135 81 1
7136 81 1
7137 81 1
7138 81 1
7139 81 1
7140 81 1
7141 81 1
7142 81 1
7143 81 1
7144 81 1
7145 81 1
7146 81 1
7147 81 1
7148 81 1
7149 81 1
7150 81 1
7151 81 1
7152 81 1
7153 81 1
7154 81 1
7155 81 1
7156 81 1
7157 81 1
7158 81 1
7159 81 1
7160 81 1
7161 81 1
7162 81 1
7163 81 1
7164 81 1
7165 81 1
7166 81 1
7167 81 1
7168 81 1
7169 81 1
7170 81 1
7171 81 1
7172 81 1
7173 81 1
7174 81 1
7175 81 1
7176 81 1
7177 81 1
7178 81 1
7179 81 1
7180 81 1
7181 81 1
7182 81 1
7183 81 1
7184 81 1
7185 81 1
7186 81 1
7187 81 1
7188 81 1
7189 81 1
7190 81 1
7191 81 1
7192 81 1
7193 81 1
7194 81 1
7195 81 1
7196 81 1
7197 81 1
7198 81 1
7199 81 1
7200 81 1
7201 81 1
7202 81 1
7203 81 1
7204 81 1
7205 81 1
7206 81 1
7207 81 1
7208 81 1
7209 81 1
7210 81 1
7211 81 1
7212 81 1
7213 81 1
7214 81 1
7215 81 1
7216 81 1
7217 81 1
7218 81 1
7219 81 1
7220 81 1
7221 81 1
7222 81 1
7223 81 1
7224 81 1
7225 81 1
7226 81 1
7227 81 1
7228 81 1
7229 81 1
7230 81 1
7231 81 1
7232 81 1
7233 81 1
7234 81 1
7235 81 1
7236 81 1
7237 81 1
7238 81 1
7239 81 1
7240 81 1
7241 81 1
7242 81 1
7243 81 1
7244 81 1
7245 81 1
7246 81 1
7247 81 1
7248 81 1
7249 81 1
7250 81 1
7251 81 1
7252 81 1
7253 81 1
7254 81 1
7255 81 1
7256 81 1
7257 81 1
7258 81 1
7259 81 1
7260 81 1
7261 81 1
7262 81 1
7263 81 1
7264 81 1
7265 81 1
7266 81 1
7267 81 1
7268 81 1
7269 81 1
7270 81 1
7271 81 1
7272 81 1
7273 81 1
7274 81 1
7275 81 1
7276 81 1
7277 81 1
7278 81 1
7279 81 1
7280 81 1
7281 81 1
7282 81 1
7283 81 1
7284 81 1
7285 81 1
7286 81 1
7287 81 1
7288 81 1
7289 81 1
7290 81 1
7291 81 1
7292 81 1
7293 81 1
7294 81 1
7295 81 1
7296 81 1
7297 81 1
7298 81 1
7299 81 1
7300 81 1
7301 81 1
7302 81 1
7303 81 1
7304 81 1
7305 81 1
7306 81 1
7307 81 1
7308 81 1
7309 81 1
7310 81 1
7311 81 1
7312 81 1
7313 81 1
7314 81 1
7315 81 1
7316 81 1
7317 81 1
7318 81 1
7319 81 1
7320 81 1
7321 81 1
7322 81 1
7323 81 1
7324 81 1
7325 81 1
7326 81 1
7327 81 1
7328 81 1
7329 81 1
7330 81 1
7331 81 1
7332 81 1
7333 81 1
7334 81 1
7335 81 1
7336 81 1
7337 81 1
7338 81 1
7339 81 1
7340 81 1
7341 81 1
7342 81 1
7343 81 1
7344 81 1
7345 81 1
7346 81 1
7347 81 1
7348 81 1
7349 81 1
7350 81 1
7351 81 1
7352 81 1
7353 81 1
7354 81 1
7355 81 1
7356 81 1
7357 81 1
7358 81 1
7359 81 1
7360 81 1
7361 81 1
7362 81 1
7363 81 1
7364 81 1
7365 81 1
7366 81 1
7367 81 1
7368 81 1
7369 81 1
7370 81 1
7371 81 1
7372 81 1
7373 81 1
7374 81 1
7375 81 1
7376 81 1
7377 81 1
7378 81 1
7379 81 1
7380 81 1
7381 81 1
7382 81 1
7383 81 1
7384 81 1
7385 81 1
7386 81 1
7387 81 1
7388 81 1
7389 81 1
7390 81 1
7391 81 1
7392 81 1
7393 81 1
7394 81 1
7395 81 1
7396 81 1
7397 81 1
7398 81 1
7399 81 1
7400 81 1
7401 81 1
7402 81 1
7403 81 1
7404 81 1
7405 81 1
7406 81 1
7407 81 1
7408 81 1
7409 81 1
7410 81 1
7411 81 1
7412 81 1
7413 81 1
7414 81 1
7415 81 1
7416 81 1
7417 81 1
7418 81 1
7419 81 1
7420 81 1
7421 81 1
7422 81 1
7423 81 1
7424 81 1
7425 81 1
7426 81 1
7427 81 1
7428 81 1
7429 81 1
7430 81 1
7431 81 1
7432 81 1
7433 81 1
7434 81 1
7435 81 1
7436 81 1
7437 81 1
7438 81 1
7439 81 1
7440 81 1
7441 81 1
7442 81 1
7443 81 1
7444 81 1
7445 81 1
7446 81 1
7447 81 1
7448 81 1
7449 81 1
7450 81 1
7451 81 1
7452 81 1
7453 81 1
7454 81 1
7455 81 1
7456 81 1
7457 81 1
7458 81 1
7459 81 1
7460 81 1
7461 81 1
7462 81 1
7463 81 1
7464 81 1
7465 81 1
7466 81 1
7467 81 1
7468 81 1
7469 81 1
7470 81 1
7471 81 1
7472 81 1
7473 81 1
7474 81 1
7475 81 1
7476 81 1
7477 81 1
7478 81 1
7479 81 1
7480 81 1
7481 81 1
7482 81 1
7483 81 1
7484 81 1
7485 81 1
7486 81 1
7487 81 1
7488 81 1
7489 81 1
7490 81 1
7491 81 1
7492 81 1
7493 81 1
7494 81 1
7495 81 1
7496 81 1
7497 81 1
7498 81 1
7499 81 1
7500 81 1
7501 81 1
7502 81 1
7503 81 1
7504 81 1
7505 81 1
7506 81 1
7507 81 1
7508 81 1
7509 81 1
7510 81 1
7511 81 1
7512 81 1
7513 81 1
7514 81 1
7515 81 1
7516 81 1
7517 81 1
7518 81 1
7519 81 1
7520 81 1
7521 81 1
7522 81 1
7523 81 1
7524 81 1
7525 81 1
7526 81 1
7527 81 1
7528 81 1
7529 81 1
7530 81 1
7531 81 1
7532 81 1
7533 81 1
7534 81 1
7535 81 1
7536 81 1
7537 81 1
7538 81 1
7539 81 1
7540 81 1
7541 81 1
7542 81 1
7543 81 1
7544 81 1
7545 81 1
7546 81 1
7547 81 1
7548 81 1
7549 81 1
7550 81 1
7551 81 1
7552 81 1
7553 81 1
7554 81 1
7555 81 1
7556 81 1
7557 81 1
7558 81 1
7559 81 1
7560 81 1
7561 81 1
7562 81 1
7563 81 1
7564 81 1
7565 81 1
7566 81 1
7567 81 1
7568 81 1
7569 81 1
7570 81 1
7571 81 1
7572 81 1
7573 81 1
7574 81 1
7575 81 1
7576 81 1
7577 81 1
7578 81 1
7579 81 1
7580 81 1
7581 81 1
7582 81 1
7583 81 1
7584 81 1
7585 81 1
7586 81 1
7587 81 1
7588 81 1
7589 81 1
7590 81 1
7591 81 1
7592 81 1
7593 81 1
7594 81 1
7595 81 1
7596 81 1
7597 81 1
7598 81 1
7599 81 1
7600 81 1
7601 81 1
7602 81 1
7603 81 1
7604 81 1
7605 81 1
7606 81 1
7607 81 1
7608 81 1
7609 81 1
7610 81 1
7611 81 1
7612 81 1
7613 81 1
7614 81 1
7615 81 1
7616 81 1
7617 81 1
7618 81 1
7619 81 1
7620 81 1
7621 81 1
7622 81 1
7623 81 1
7624 81 1
7625 81 1
7626 81 1
7627 81 1
7628 81 1
7629 81 1
7630 81 1
7631 81 1
7632 81 1
7633 81 1
7634 81 1
7635 81 1
7636 81 1
7637 81 1
7638 81 1
7639 81 1
7640 81 1
7641 81 1
7642 81 1
7643 81 1
7644 81 1
7645 81 1
7646 81 1
7647 81 1
7648 81 1
7649 81 1
7650 81 1
7651 81 1
7652 81 1
7653 81 1
7654 81 1
7655 81 1
7656 81 1
7657 81 1
7658 81 1
7659 81 1
7660 81 1
7661 81 1
7662 81 1
7663 81 1
7664 81 1
7665 81 1
7666 81 1
7667 81 1
7668 81 1
7669 81 1
7670 81 1
7671 81 1
7672 81 1
7673 81 1
7674 81 1
7675 81 1
7676 81 1
7677 81 1
7678 81 1
7679 81 1
7680 81 1
7681 81 1
7682 81 1
7683 81 1
7684 81 1
7685 81 1
7686 81 1
7687 81 1
7688 81 1
7689 81 1
7690 81 1
7691 81 1
7692 81 1
7693 81 1
7694 81 1
7695 81 1
7696 81 1
7697 81 1
7698 81 1
7699 81 1
7700 81 1
7701 81 1
7702 81 1
7703 81 1
7704 81 1
7705 81 1
7706 81 1
7707 81 1
7708 81 1
7709 81 1
7710 81 1
7711 81 1
7712 81 1
7713 81 1
7714 81 1
7715 81 1
7716 81 1
7717 81 1
7718 81 1
7719 81 1
7720 81 1
7721 81 1
7722 81 1
7723 81 1
7724 81 1
7725 81 1
7726 81 1
7727 81 1
7728 81 1
7729 81 1
7730 81 1
7731 81 1
7732 81 1
7733 81 1
7734 81 1
7735 81 1
7736 81 1
7737 81 1
7738 81 1
7739 81 1
7740 81 1
7741 81 1
7742 81 1
7743 81 1
7744 81 1
7745 81 1
7746 81 1
7747 81 1
7748 81 1
7749 81 1
7750 81 1
7751 81 1
7752 81 1
7753 81 1
7754 81 1
7755 81 1
7756 81 1
7757 81 1
7758 81 1
7759 81 1
7760 81 1
7761 81 1
7762 81 1
7763 81 1
7764 81 1
7765 81 1
7766 81 1
7767 81 1
7768 81 1
7769 81 1
7770 81 1
7771 81 1
7772 81 1
7773 81 1
7774 81 1
7775 81 1
7776 81 1
7777 81 1
7778 81 1
7779 81 1
7780 81 1
7781 81 1
7782 81 1
7783 81 1
7784 81 1
7785 81 1
7786 81 1
7787 81 1
7788 81 1
7789 81 1
7790 81 1
7791 81 1
7792 81 1
7793 81 1
7794 81 1
7795 81 1
7796 81 1
7797 81 1
7798 81 1
7799 81 1
7800 81 1
7801 81 1
7802 81 1
7803 81 1
7804 81 1
7805 81 1
7806 81 1
7807 81 1
7808 81 1
7809 81 1
7810 81 1
7811 81 1
7812 81 1
7813 81 1
7814 81 1
7815 81 1
7816 81 1
7817 81 1
7818 81 1
7819 81 1
7820 81 1
7821 81 1
7822 81 1
7823 81 1
7824 81 1
7825 81 1
7826 81 1
7827 81 1
7828 81 1
7829 81 1
7830 81 1
7831 81 1
7832 81 1
7833 81 1
7834 81 1
7835 81 1
7836 81 1
7837 81 1
7838 81 1
7839 81 1
7840 81 1
7841 81 1
7842 81 1
7843 81 1
7844 81 1
7845 81 1
7846 81 1
7847 81 1
7848 81 1
7849 81 1
7850 81 1
7851 81 1
7852 81 1
7853 81 1
7854 81 1
7855 81 1
7856 81 1
7857 81 1
7858 81 1
7859 81 1
7860 81 1
7861 81 1
7862 81 1
7863 81 1
7864 81 1
7865 81 1
7866 81 1
7867 81 1
7868 81 1
7869 81 1
7870 81 1
7871 81 1
7872 81 1
7873 81 1
7874 81 1
7875 81 1
7876 81 1
7877 81 1
7878 81 1
7879 81 1
7880 81 1
7881 81 1
7882 81 1
7883 81 1
7884 81 1
7885 81 1
7886 81 1
7887 81 1
7888 81 1
7889 81 1
7890 81 1
7891 81 1
7892 81 1
7893 81 1
7894 81 1
7895 81 1
7896 81 1
7897 81 1
7898 81 1
7899 81 1
7900 81 1
7901 81 1
7902 81 1
7903 81 1
7904 81 1
7905 81 1
7906 81 1
7907 81 1
7908 81 1
7909 81 1
7910 81 1
7911 81 1
7912 81 1
7913 81 1
7914 81 1
7915 81 1
7916 81 1
7917 81 1
7918 81 1
7919 81 1
7920 81 1
7921 81 1
7922 81 1
7923 81 1
7924 81 1
7925 81 1
7926 81 1
7927 81 1
7928 81 1
7929 81 1
7930 81 1
7931 81 1
7932 81 1
7933 81 1
7934 81 1
7935 81 1
7936 81 1
7937 81 1
7938 81 1
7939 81 1
7940 81 1
7941 81 1
7942 81 1
7943 81 1
7944 81 1
7945 81 1
7946 81 1
7947 81 1
7948 81 1
7949 81 1
7950 81 1
7951 81 1
7952 81 1
7953 81 1
7954 81 1
7955 81 1
7956 81 1
7957 81 1
7958 81 1
7959 81 1
7960 81 1
7961 81 1
7962 81 1
7963 81 1
7964 81 1
7965 81 1
7966 81 1
7967 81 1
7968 81 1
7969 81 1
7970 81 1
7971 81 1
7972 81 1
7973 81 1
7974 81 1
7975 81 1
7976 81 1
7977 81 1
7978 81 1
7979 81 1
7980 81 1
7981 81 1
7982 81 1
7983 81 1
7984 81 1
7985 81 1
7986 81 1
7987 81 1
7988 81 1
7989 81 1
7990 81 1
7991 81 1
7992 81 1
7993 81 1
7994 81 1
7995 81 1
7996 81 1
7997 81 1
7998 81 1
7999 81 1
8000 81 1
8001 81 1
8002 81 1
8003 81 1
8004 81 1
8005 81 1
8006 81 1
8007 81 1
8008 81 1
8009 81 1
8010 81 1
8011 81 1
8012 81 1
8013 81 1
8014 81 1
8015 81 1
8016 81 1
8017 81 1
8018 81 1
8019 81 1
8020 81 1
8021 81 1
8022 81 1
8023 81 1
8024 81 1
8025 81 1
8026 81 1
8027 81 1
8028 81 1
8029 81 1
8030 81 1
8031 81 1
8032 81 1
8033 81 1
8034 81 1
8035 81 1
8036 81 1
8037 81 1
8038 81 1
8039 81 1
8040 81 1
8041 81 1
8042 81 1
8043 81 1
8044 81 1
8045 81 1
8046 81 1
8047 81 1
8048 81 1
8049 81 1
8050 81 1
8051 81 1
8052 81 1
8053 81 1
8054 81 1
8055 81 1
8056 81 1
8057 81 1
8058 81 1
8059 81 1
8060 81 1
8061 81 1
8062 81 1
8063 81 1
8064 81 1
8065 81 1
8066 81 1
8067 81 1
8068 81 1
8069 81 1
8070 81 1
8071 81 1
8072 81 1
8073 81 1
8074 81 1
8075 81 1
8076 81 1
8077 81 1
8078 81 1
8079 81 1
8080 81 1
8081 81 1
8082 81 1
8083 81 1
8084 81 1
8085 81 1
8086 81 1
8087 81 1
8088 81 1
8089 81 1
8090 81 1
8091 81 1
8092 81 1
8093 81 1
8094 81 1
8095 81 1
8096 81 1
8097 81 1
8098 81 1
8099 81 1
8100 81 1
8101 81 1
8102 81 1
8103 81 1
8104 81 1
8105 81 1
8106 81 1
8107 81 1
8108 81 1
8109 81 1
8110 81 1
8111 81 1
8112 81 1
8113 81 1
8114 81 1
8115 81 1
8116 81 1
8117 81 1
8118 81 1
8119 81 1
8120 81 1
8121 81 1
8122 81 1
8123 81 1
8124 81 1
8125 81 1
8126 81 1
8127 81 1
8128 81 1
8129 81 1
8130 81 1
8131 81 1
8132 81 1
8133 81 1
8134 81 1
8135 81 1
8136 81 1
8137 81 1
8138 81 1
8139 81 1
8140 81 1
8141 81 1
8142 81 1
8143 81 1
8144 81 1
8145 81 1
8146 81 1
8147 81 1
8148 81 1
8149 81 1
8150 81 1
8151 81 1
8152 81 1
8153 81 1
8154 81 1
8155 81 1
8156 81 1
8157 81 1
8158 81 1
8159 81 1
8160 81 1
8161 81 1
8162 81 1
8163 81 1
8164 81 1
8165 81 1
8166 81 1
8167 81 1
8168 81 1
8169 81 1
8170 81 1
8171 81 1
8172 81 1
8173 81 1
8174 81 1
8175 81 1
8176 81 1
8177 81 1
8178 81 1
8179 81 1
8180 81 1
8181 81 1
8182 81 1
8183 81 1
8184 81 1
8185 81 1
8186 81 1
8187 81 1
8188 81 1
8189 81 1
8190 81 1
8191 81 1
8192 81 1
8193 81 1
8194 81 1
8195 81 1
8196 81 1
8197 81 1
8198 81 1
8199 81 1
8200 81 1
8201 81 1
8202 81 1
8203 81 1
8204 81 1
8205 81 1
8206 81 1
8207 81 1
8208 81 1
8209 81 1
8210 81 1
8211 81 1
8212 81 1
8213 81 1
8214 81 1
8215 81 1
8216 81 1
8217 81 1
8218 81 1
8219 81 1
8220 81 1
8221 81 1
8222 81 1
8223 81 1
8224 81 1
8225 81 1
8226 81 1
8227 81 1
8228 81 1
8229 81 1
8230 81 1
8231 81 1
8232 81 1
8233 81 1
8234 81 1
8235 81 1
8236 81 1
8237 81 1
8238 81 1
8239 81 1
8240 81 1
8241 81 1
8242 81 1
8243 81 1
8244 81 1
8245 81 1
8246 81 1
8247 81 1
8248 81 1
8249 81 1
8250 81 1
8251 81 1
8252 81 1
8253 81 1
8254 81 1
8255 81 1
8256 81 1
8257 81 1
8258 81 1
8259 81 1
8260 81 1
8261 81 1
8262 81 1
8263 81 1
8264 81 1
8265 81 1
8266 81 1
8267 81 1
8268 81 1
8269 81 1
8270 81 1
8271 81 1
8272 81 1
8273 81 1
8274 81 1
8275 81 1
8276 81 1
8277 81 1
8278 81 1
8279 81 1
8280 81 1
8281 81 1
8282 81 1
8283 81 1
8284 81 1
8285 81 1
8286 81 1
8287 81 1
8288 81 1
8289 81 1
8290 81 1
8291 81 1
8292 81 1
8293 81 1
8294 81 1
8295 81 1
8296 81 1
8297 81 1
8298 81 1
8299 81 1
8300 81 1
8301 81 1
8302 81 1
8303 81 1
8304 81 1
8305 81 1
8306 81 1
8307 81 1
8308 81 1
8309 81 1
8310 81 1
8311 81 1
8312 81 1
8313 81 1
8314 81 1
8315 81 1
8316 81 1
8317 81 1
8318 81 1
8319 81 1
8320 81 1
8321 81 1
8322 81 1
8323 81 1
8324 81 1
8325 81 1
8326 81 1
8327 81 1
8328 81 1
8329 81 1
8330 81 1
8331 81 1
8332 81 1
8333 81 1
8334 81 1
8335 81 1
8336 81 1
8337 81 1
8338 81 1
8339 81 1
8340 81 1
8341 81 1
8342 81 1
8343 81 1
8344 81 1
8345 81 1
8346 81 1
8347 81 1
8348 81 1
8349 81 1
8350 81 1
8351 81 1
8352 81 1
8353 81 1
8354 81 1
8355 81 1
8356 81 1
8357 81 1
8358 81 1
8359 81 1
8360 81 1
8361 81 1
8362 81 1
8363 81 1
8364 81 1
8365 81 1
8366 81 1
8367 81 1
8368 81 1
8369 81 1
8370 81 1
8371 81 1
8372 81 1
8373 81 1
8374 81 1
8375 81 1
8376 81 1
8377 81 1
8378 81 1
8379 81 1
8380 81 1
8381 81 1
8382 81 1
8383 81 1
8384 81 1
8385 81 1
8386 81 1
8387 81 1
8388 81 1
8389 81 1
8390 81 1
8391 81 1
8392 81 1
8393 81 1
8394 81 1
8395 81 1
8396 81 1
8397 81 1
8398 81 1
8399 81 1
8400 81 1
8401 81 1
8402 81 1
8403 81 1
8404 81 1
8405 81 1
8406 81 1
8407 81 1
8408 81 1
8409 81 1
8410 81 1
8411 81 1
8412 81 1
8413 81 1
8414 81 1
8415 81 1
8416 81 1
8417 81 1
8418 81 1
8419 81 1
8420 81 1
8421 81 1
8422 81 1
8423 81 1
8424 81 1
8425 81 1
8426 81 1
8427 81 1
8428 81 1
8429 81 1
8430 81 1
8431 81 1
8432 81 1
8433 81 1
8434 81 1
8435 81 1
8436 81 1
8437 81 1
8438 81 1
8439 81 1
8440 81 1
8441 81 1
8442 81 1
8443 81 1
8444 81 1
8445 81 1
8446 81 1
8447 81 1
8448 81 1
8449 81 1
8450 81 1
8451 81 1
8452 81 1
8453 81 1
8454 81 1
8455 81 1
8456 81 1
8457 81 1
8458 81 1
8459 81 1
8460 81 1
8461 81 1
8462 81 1
8463 81 1
8464 81 1
8465 81 1
8466 81 1
8467 81 1
8468 81 1
8469 81 1
8470 81 1
8471 81 1
8472 81 1
8473 81 1
8474 81 1
8475 81 1
8476 81 1
8477 81 1
8478 81 1
8479 81 1
8480 81 1
8481 81 1
8482 81 1
8483 81 1
8484 81 1
8485 81 1
8486 81 1
8487 81 1
8488 81 1
8489 81 1
8490 81 1
8491 81 1
8492 81 1
8493 81 1
8494 81 1
8495 81 1
8496 81 1
8497 81 1
8498 81 1
8499 81 1
8500 81 1
8501 81 1
8502 81 1
8503 81 1
8504 81 1
8505 81 1
8506 81 1
8507 81 1
8508 81 1
8509 81 1
8510 81 1
8511 81 1
8512 81 1
8513 81 1
8514 81 1
8515 81 1
8516 81 1
8517 81 1
8518 81 1
8519 81 1
8520 81 1
8521 81 1
8522 81 1
8523 81 1
8524 81 1
8525 81 1
8526 81 1
8527 81 1
8528 81 1
8529 81 1
8530 81 1
8531 81 1
8532 81 1
8533 81 1
8534 81 1
8535 81 1
8536 81 1
8537 81 1
8538 81 1
8539 81 1
8540 81 1
8541 81 1
8542 81 1
8543 81 1
8544 81 1
8545 81 1
8546 81 1
8547 81 1
8548 81 1
8549 81 1
8550 81 1
8551 81 1
8552 81 1
8553 81 1
8554 81 1
8555 81 1
8556 81 1
8557 81 1
8558 81 1
8559 81 1
8560 81 1
8561 81 1
8562 81 1
8563 81 1
8564 81 1
8565 81 1
8566 81 1
8567 81 1
8568 81 1
8569 81 1
8570 81 1
8571 81 1
8572 81 1
8573 81 1
8574 81 1
8575 81 1
8576 81 1
8577 81 1
8578 81 1
8579 81 1
8580 81 1
8581 81 1
8582 81 1
8583 81 1
8584 81 1
8585 81 1
8586 81 1
8587 81 1
8588 81 1
8589 81 1
8590 81 1
8591 81 1
8592 81 1
8593 81 1
8594 81 1
8595 81 1
8596 81 1
8597 81 1
8598 81 1
8599 81 1
8600 81 1
8601 81 1
8602 81 1
8603 81 1
8604 81 1
8605 81 1
8606 81 1
8607 81 1
8608 81 1
8609 81 1
8610 81 1
8611 81 1
8612 81 1
8613 81 1
8614 81 1
8615 81 1
8616 81 1
8617 81 1
8618 81 1
8619 81 1
8620 81 1
8621 81 1
8622 81 1
8623 81 1
8624 81 1
8625 81 1
8626 81 1
8627 81 1
8628 81 1
8629 81 1
8630 81 1
8631 81 1
8632 81 1
8633 81 1
8634 81 1
15992 82 1
306 83 1
104 84 1
918 85 1
2470 85 1
2470 86 1
100 89 1
103 89 1
109 89 1
118 89 1
120 89 1
141 89 1
143 89 1
151 89 1
195 89 1
214 89 1
216 89 1
222 89 1
223 89 1
229 89 1
232 89 1
236 89 1
246 89 1
260 89 1
264 89 1
266 89 1
267 89 1
271 89 1
277 89 1
282 89 1
297 89 1
305 89 1
306 89 1
318 89 1
330 89 1
333 89 1
336 89 1
352 89 1
357 89 1
359 89 1
378 89 1
404 89 1
415 89 1
440 89 1
446 89 1
451 89 1
455 89 1
480 89 1
483 89 1
488 89 1
535 89 1
540 89 1
549 89 1
559 89 1
562 89 1
563 89 1
569 89 1
571 89 1
582 89 1
612 89 1
622 89 1
629 89 1
641 89 1
687 89 1
692 89 1
693 89 1
711 89 1
713 89 1
715 89 1
724 89 1
733 89 1
735 89 1
736 89 1
740 89 1
744 89 1
765 89 1
783 89 1
796 89 1
798 89 1
799 89 1
806 89 1
810 89 1
816 89 1
826 89 1
829 89 1
841 89 1
851 89 1
854 89 1
901 89 1
913 89 1
914 89 1
946 89 1
954 89 1
957 89 1
958 89 1
962 89 1
967 89 1
971 89 1
984 89 1
1010 89 1
1013 89 1
1023 89 1
1030 89 1
1046 89 1
1052 89 1
1059 89 1
1081 89 1
1089 89 1
1127 89 1
1144 89 1
1145 89 1
1151 89 1
1169 89 1
1191 89 1
1247 89 1
1273 89 1
1281 89 1
1288 89 1
1292 89 1
1303 89 1
1316 89 1
1376 89 1
1412 89 1
1487 89 1
1509 89 1
1513 89 1
1515 89 1
1525 89 1
1533 89 1
1540 89 1
1558 89 1
1566 89 1
1573 89 1
1575 89 1
1581 89 1
1583 89 1
1590 89 1
1693 89 1
1871 89 1
1939 89 1
1940 89 1
2005 89 1
2038 89 1
2046 89 1
2071 89 1
2090 89 1
2104 89 1
2107 89 1
2143 89 1
2144 89 1
2169 89 1
2171 89 1
2175 89 1
2176 89 1
2181 89 1
2202 89 1
2205 89 1
2248 89 1
2272 89 1
2278 89 1
2297 89 1
2302 89 1
2312 89 1
2314 89 1
2321 89 1
2337 89 1
2338 89 1
2339 89 1
2342 89 1
2343 89 1
2369 89 1
2374 89 1
2378 89 1
2389 89 1
2402 89 1
2412 89 1
2421 89 1
2429 89 1
2441 89 1
2443 89 1
2470 89 1
2491 89 1
2492 89 1
2509 89 1
2510 89 1
2514 89 1
2539 89 1
2580 89 1
2581 89 1
2582 89 1
2583 89 1
2584 89 1
2585 89 1
2586 89 1
2587 89 1
2588 89 1
2589 89 1
2590 89 1
2591 89 1
2592 89 1
2593 89 1
2594 89 1
2595 89 1
2596 89 1
2597 89 1
2598 89 1
2599 89 1
2600 89 1
2601 89 1
2602 89 1
2603 89 1
2604 89 1
2605 89 1
2606 89 1
2607 89 1
2608 89 1
2609 89 1
2610 89 1
2611 89 1
2612 89 1
2613 89 1
2614 89 1
2615 89 1
2616 89 1
2617 89 1
2618 89 1
2619 89 1
2620 89 1
2621 89 1
2622 89 1
2623 89 1
2624 89 1
2625 89 1
2626 89 1
2627 89 1
2628 89 1
2629 89 1
2630 89 1
2631 89 1
2632 89 1
2633 89 1
2634 89 1
2635 89 1
2636 89 1
2637 89 1
2638 89 1
2639 89 1
2640 89 1
2641 89 1
2642 89 1
2643 89 1
2644 89 1
2645 89 1
2646 89 1
2647 89 1
2648 89 1
2649 89 1
2650 89 1
2651 89 1
2652 89 1
2653 89 1
2654 89 1
2655 89 1
2656 89 1
2657 89 1
2658 89 1
2659 89 1
2660 89 1
2661 89 1
2662 89 1
2663 89 1
2664 89 1
2665 89 1
2666 89 1
2667 89 1
2668 89 1
2669 89 1
2670 89 1
2671 89 1
2672 89 1
2673 89 1
2674 89 1
2675 89 1
2676 89 1
2677 89 1
2678 89 1
2679 89 1
2680 89 1
2681 89 1
2682 89 1
2683 89 1
2684 89 1
2685 89 1
2686 89 1
2687 89 1
2688 89 1
2689 89 1
2690 89 1
2691 89 1
2692 89 1
2693 89 1
2694 89 1
2695 89 1
2696 89 1
2697 89 1
2698 89 1
2699 89 1
2700 89 1
2701 89 1
2702 89 1
2703 89 1
2704 89 1
2705 89 1
2706 89 1
2707 89 1
2708 89 1
2709 89 1
2710 89 1
2711 89 1
2712 89 1
2713 89 1
2714 89 1
2715 89 1
2716 89 1
2717 89 1
2718 89 1
2719 89 1
2720 89 1
2721 89 1
2722 89 1
2723 89 1
2724 89 1
2725 89 1
2726 89 1
2727 89 1
2728 89 1
2729 89 1
2730 89 1
2731 89 1
2732 89 1
2733 89 1
2734 89 1
2735 89 1
2736 89 1
2737 89 1
2738 89 1
2739 89 1
2740 89 1
2741 89 1
2742 89 1
2743 89 1
2744 89 1
2745 89 1
2746 89 1
2747 89 1
2748 89 1
2749 89 1
2750 89 1
2751 89 1
2752 89 1
2753 89 1
2754 89 1
2755 89 1
2756 89 1
2757 89 1
2758 89 1
2759 89 1
2760 89 1
2761 89 1
2762 89 1
2763 89 1
2764 89 1
2765 89 1
2766 89 1
2767 89 1
2768 89 1
2769 89 1
2770 89 1
2771 89 1
2772 89 1
2773 89 1
2774 89 1
2775 89 1
2776 89 1
2777 89 1
2778 89 1
2779 89 1
2780 89 1
2781 89 1
2782 89 1
2783 89 1
2784 89 1
2785 89 1
2786 89 1
2787 89 1
2788 89 1
2789 89 1
2790 89 1
2791 89 1
2792 89 1
2793 89 1
2794 89 1
2795 89 1
2796 89 1
2797 89 1
2798 89 1
2799 89 1
2800 89 1
2801 89 1
2802 89 1
2803 89 1
2804 89 1
2805 89 1
2806 89 1
2807 89 1
2808 89 1
2809 89 1
2810 89 1
2811 89 1
2812 89 1
2813 89 1
2814 89 1
2815 89 1
2816 89 1
2817 89 1
2818 89 1
2819 89 1
2820 89 1
2821 89 1
2822 89 1
2823 89 1
2824 89 1
2825 89 1
2826 89 1
2827 89 1
2828 89 1
2829 89 1
2830 89 1
2831 89 1
2832 89 1
2833 89 1
2834 89 1
2835 89 1
2836 89 1
2837 89 1
2838 89 1
2839 89 1
2840 89 1
2841 89 1
2842 89 1
2843 89 1
2844 89 1
2845 89 1
2846 89 1
2847 89 1
2848 89 1
2849 89 1
2850 89 1
2851 89 1
2852 89 1
2853 89 1
2854 89 1
2855 89 1
2856 89 1
2857 89 1
2858 89 1
2859 89 1
2860 89 1
2861 89 1
2862 89 1
2863 89 1
2864 89 1
2865 89 1
2866 89 1
2867 89 1
2868 89 1
2869 89 1
2870 89 1
2871 89 1
2872 89 1
2873 89 1
2874 89 1
2875 89 1
2876 89 1
2877 89 1
2878 89 1
2879 89 1
2880 89 1
2881 89 1
2882 89 1
2883 89 1
2884 89 1
2885 89 1
2886 89 1
2887 89 1
2888 89 1
2889 89 1
2890 89 1
2891 89 1
2892 89 1
2893 89 1
2894 89 1
2895 89 1
2896 89 1
2897 89 1
2898 89 1
2899 89 1
2900 89 1
2901 89 1
2902 89 1
2903 89 1
2904 89 1
2905 89 1
2906 89 1
2907 89 1
2908 89 1
2909 89 1
2910 89 1
2911 89 1
2912 89 1
2913 89 1
2914 89 1
2915 89 1
2916 89 1
2917 89 1
2918 89 1
2919 89 1
2920 89 1
2921 89 1
2922 89 1
2923 89 1
2924 89 1
2925 89 1
2926 89 1
2927 89 1
2928 89 1
2929 89 1
2930 89 1
2931 89 1
2932 89 1
2933 89 1
2934 89 1
2935 89 1
2936 89 1
2937 89 1
2938 89 1
2939 89 1
2940 89 1
2941 89 1
2942 89 1
2943 89 1
2944 89 1
2945 89 1
2946 89 1
2947 89 1
2948 89 1
2949 89 1
2950 89 1
2951 89 1
2952 89 1
2953 89 1
2954 89 1
2955 89 1
2956 89 1
2957 89 1
2958 89 1
2959 89 1
2960 89 1
2961 89 1
2962 89 1
2963 89 1
2964 89 1
2965 89 1
2966 89 1
2967 89 1
2968 89 1
2969 89 1
2970 89 1
2971 89 1
2972 89 1
2973 89 1
2974 89 1
2975 89 1
2976 89 1
2977 89 1
2978 89 1
2979 89 1
2980 89 1
2981 89 1
2982 89 1
2983 89 1
2984 89 1
2985 89 1
2986 89 1
2987 89 1
2988 89 1
2989 89 1
2990 89 1
2991 89 1
2992 89 1
2993 89 1
2994 89 1
2995 89 1
2996 89 1
2997 89 1
2998 89 1
2999 89 1
3000 89 1
3001 89 1
3002 89 1
3003 89 1
3004 89 1
3005 89 1
3006 89 1
3007 89 1
3008 89 1
3009 89 1
3010 89 1
3011 89 1
3012 89 1
3013 89 1
3014 89 1
3015 89 1
3016 89 1
3017 89 1
3018 89 1
3019 89 1
3020 89 1
3021 89 1
3022 89 1
3023 89 1
3024 89 1
3025 89 1
3026 89 1
3027 89 1
3028 89 1
3029 89 1
3030 89 1
3031 89 1
3032 89 1
3033 89 1
3034 89 1
3035 89 1
3036 89 1
3037 89 1
3038 89 1
3039 89 1
3040 89 1
3041 89 1
3042 89 1
3043 89 1
3044 89 1
3045 89 1
3046 89 1
3047 89 1
3048 89 1
3049 89 1
3050 89 1
3051 89 1
3052 89 1
3053 89 1
3054 89 1
3055 89 1
3056 89 1
3057 89 1
3058 89 1
3059 89 1
3060 89 1
3061 89 1
3062 89 1
3063 89 1
3064 89 1
3065 89 1
3066 89 1
3067 89 1
3068 89 1
3069 89 1
3070 89 1
3071 89 1
3072 89 1
3073 89 1
3074 89 1
3075 89 1
3076 89 1
3077 89 1
3078 89 1
3079 89 1
3080 89 1
3081 89 1
3082 89 1
3083 89 1
3084 89 1
3085 89 1
3086 89 1
3087 89 1
3088 89 1
3089 89 1
3090 89 1
3091 89 1
3092 89 1
3093 89 1
3094 89 1
3095 89 1
3096 89 1
3097 89 1
3098 89 1
3099 89 1
3100 89 1
3101 89 1
3102 89 1
3103 89 1
3104 89 1
3105 89 1
3106 89 1
3107 89 1
3108 89 1
3109 89 1
3110 89 1
3111 89 1
3112 89 1
3113 89 1
3114 89 1
3115 89 1
3116 89 1
3117 89 1
3118 89 1
3119 89 1
3120 89 1
3121 89 1
3122 89 1
3123 89 1
3124 89 1
3125 89 1
3126 89 1
3127 89 1
3128 89 1
3129 89 1
3130 89 1
3131 89 1
3132 89 1
3133 89 1
3134 89 1
3135 89 1
3136 89 1
3137 89 1
3138 89 1
3139 89 1
3140 89 1
3141 89 1
3142 89 1
3143 89 1
3144 89 1
3145 89 1
3146 89 1
3147 89 1
3148 89 1
3149 89 1
3150 89 1
3151 89 1
3152 89 1
3153 89 1
3154 89 1
3155 89 1
3156 89 1
3157 89 1
3158 89 1
3159 89 1
3160 89 1
3161 89 1
3162 89 1
3163 89 1
3164 89 1
3165 89 1
3166 89 1
3167 89 1
3168 89 1
3169 89 1
3170 89 1
3171 89 1
3172 89 1
3173 89 1
3174 89 1
3175 89 1
3176 89 1
3177 89 1
3178 89 1
3179 89 1
3180 89 1
3181 89 1
3182 89 1
3183 89 1
3184 89 1
3185 89 1
3186 89 1
3187 89 1
3188 89 1
3189 89 1
3190 89 1
3191 89 1
3192 89 1
3193 89 1
3194 89 1
3195 89 1
3196 89 1
3197 89 1
3198 89 1
3199 89 1
3200 89 1
3201 89 1
3202 89 1
3203 89 1
3204 89 1
3205 89 1
3206 89 1
3207 89 1
3208 89 1
3209 89 1
3210 89 1
3211 89 1
3212 89 1
3213 89 1
3214 89 1
3215 89 1
3216 89 1
3217 89 1
3218 89 1
3219 89 1
3220 89 1
3221 89 1
3222 89 1
3223 89 1
3224 89 1
3225 89 1
3226 89 1
3227 89 1
3228 89 1
3229 89 1
3230 89 1
3231 89 1
3232 89 1
3233 89 1
3234 89 1
3235 89 1
3236 89 1
3237 89 1
3238 89 1
3239 89 1
3240 89 1
3241 89 1
3242 89 1
3243 89 1
3244 89 1
3245 89 1
3246 89 1
3247 89 1
3248 89 1
3249 89 1
3250 89 1
3251 89 1
3252 89 1
3253 89 1
3254 89 1
3255 89 1
3256 89 1
3257 89 1
3258 89 1
3259 89 1
3260 89 1
3261 89 1
3262 89 1
3263 89 1
3264 89 1
3265 89 1
3266 89 1
3267 89 1
3268 89 1
3269 89 1
3270 89 1
3271 89 1
3272 89 1
3273 89 1
3274 89 1
3275 89 1
3276 89 1
3277 89 1
3278 89 1
3279 89 1
3280 89 1
3281 89 1
3282 89 1
3283 89 1
3284 89 1
3285 89 1
3286 89 1
3287 89 1
3288 89 1
3289 89 1
3290 89 1
3291 89 1
3292 89 1
3293 89 1
3294 89 1
3295 89 1
3296 89 1
3297 89 1
3298 89 1
3299 89 1
3300 89 1
3301 89 1
3302 89 1
3303 89 1
3304 89 1
3305 89 1
3306 89 1
3307 89 1
3308 89 1
3309 89 1
3310 89 1
3311 89 1
3312 89 1
3313 89 1
3314 89 1
3315 89 1
3316 89 1
3317 89 1
3318 89 1
3319 89 1
3320 89 1
3321 89 1
3322 89 1
3323 89 1
3324 89 1
3325 89 1
3326 89 1
3327 89 1
3328 89 1
3329 89 1
3330 89 1
3331 89 1
3332 89 1
3333 89 1
3334 89 1
3335 89 1
3336 89 1
3337 89 1
3338 89 1
3339 89 1
3340 89 1
3341 89 1
3342 89 1
3343 89 1
3344 89 1
3345 89 1
3346 89 1
3347 89 1
3348 89 1
3349 89 1
3350 89 1
3351 89 1
3352 89 1
3353 89 1
3354 89 1
3355 89 1
3356 89 1
3357 89 1
3358 89 1
3359 89 1
3360 89 1
3361 89 1
3362 89 1
3363 89 1
3364 89 1
3365 89 1
3366 89 1
3367 89 1
3368 89 1
3369 89 1
3370 89 1
3371 89 1
3372 89 1
3373 89 1
3374 89 1
3375 89 1
3376 89 1
3377 89 1
3378 89 1
3379 89 1
3380 89 1
3381 89 1
3382 89 1
3383 89 1
3384 89 1
6408 91 1
306 92 1
94 93 1
216 94 1
218 94 1
289 94 1
290 94 1
328 94 1
349 94 1
386 94 1
395 94 1
571 94 1
615 94 1
705 94 1
706 94 1
711 94 1
736 94 1
746 94 1
762 94 1
791 94 1
798 94 1
810 94 1
841 94 1
942 94 1
950 94 1
1007 94 1
1008 94 1
1163 94 1
1542 94 1
1561 94 1
1571 94 1
1880 94 1
1881 94 1
1886 94 1
2019 94 1
2032 94 1
2227 94 1
2499 94 1
2500 94 1
2579 94 1
3398 94 1
3488 94 1
3515 94 1
3536 94 1
3592 94 1
3603 94 1
3682 94 1
3683 94 1
3703 94 1
3707 94 1
3725 94 1
3729 94 1
3747 94 1
4014 94 1
4040 94 1
4093 94 1
4155 94 1
4158 94 1
4310 94 1
4366 94 1
4402 94 1
4408 94 1
4712 94 1
4966 94 1
5115 94 1
5357 94 1
5358 94 1
5360 94 1
5364 94 1
5730 94 1
6347 94 1
6492 94 1
8636 94 1
8640 94 1
8651 94 1
8784 94 1
8889 94 1
8894 94 1
9260 94 1
9544 94 1
9571 94 1
9594 94 1
9615 94 1
9690 94 1
9691 94 1
9692 94 1
9693 94 1
10131 94 1
10171 94 1
10915 94 1
10969 94 1
11094 94 1
11166 94 1
11197 94 1
11198 94 1
11454 94 1
11510 94 1
11524 94 1
11835 94 1
12563 94 1
12709 94 1
12776 94 1
12857 94 1
12873 94 1
12881 94 1
12908 94 1
12997 94 1
13243 94 1
13252 94 1
13425 94 1
13461 94 1
13463 94 1
13465 94 1
13467 94 1
13538 94 1
13558 94 1
13594 94 1
13791 94 1
13858 94 1
13900 94 1
13948 94 1
13975 94 1
13992 94 1
14036 94 1
14353 94 1
14370 94 1
14431 94 1
14455 94 1
14595 94 1
14637 94 1
14890 94 1
14925 94 1
15166 94 1
15377 94 1
15487 94 1
15636 94 1
15736 94 1
15903 94 1
15915 94 1
16078 94 1
16142 94 1
16201 94 1
16216 94 1
16220 94 1
16230 94 1
16231 94 1
16262 94 1
16336 94 1
16436 94 1
16555 94 1
16850 94 1
17097 94 1
17753 94 1
17754 94 1
18497 94 1
18523 94 1
18728 94 1
18823 94 1
19067 94 1
19100 94 1
19235 94 1
19297 94 1
19370 94 1
19382 94 1
19401 94 1
19422 94 1
19499 94 1
19504 94 1
19506 94 1
19510 94 1
19512 94 1
19599 94 1
19644 94 1
19723 94 1
20097 94 1
20226 94 1
20231 94 1
20252 94 1
20268 94 1
20524 94 1
20526 94 1
20552 94 1
20553 94 1
20555 94 1
20713 94 1
20868 94 1
20936 94 1
21775 94 1
22058 94 1
22099 94 1
22169 94 1
22192 94 1
22376 94 1
22381 94 1
22425 94 1
22501 94 1
22842 94 1
22849 94 1
22852 94 1
23168 94 1
23273 94 1
23396 94 1
23430 94 1
23438 94 1
23459 94 1
23464 94 1
23767 94 1
23924 94 1
23994 94 1
24036 94 1
24106 94 1
24143 94 1
24145 94 1
24148 94 1
24149 94 1
24156 94 1
24157 94 1
24164 94 1
24166 94 1
24169 94 1
24422 94 1
24434 94 1
24450 94 1
24466 94 1
24494 94 1
24514 94 1
24599 94 1
24608 94 1
24747 94 1
24756 94 1
24939 94 1
24985 94 1
25208 94 1
25224 94 1
25225 94 1
25226 94 1
25227 94 1
25228 94 1
25229 94 1
25230 94 1
25231 94 1
25232 94 1
25233 94 1
25234 94 1
25235 94 1
25236 94 1
25237 94 1
25238 94 1
25239 94 1
25240 94 1
25241 94 1
25242 94 1
25243 94 1
25244 94 1
25245 94 1
25246 94 1
25247 94 1
25248 94 1
25249 94 1
25250 94 1
25251 94 1
25252 94 1
25253 94 1
25254 94 1
25255 94 1
25256 94 1
25257 94 1
25258 94 1
25259 94 1
25260 94 1
96 95 1
612 96 1
3477 96 1
12912 96 1
16309 96 1
98 97 1
157 98 1
216 98 1
229 98 1
336 98 1
480 98 1
605 98 1
612 98 1
622 98 1
624 98 1
798 98 1
810 98 1
2195 98 1
3862 98 1
3867 98 1
3914 98 1
5251 98 1
6018 98 1
9310 98 1
11070 98 1
11140 98 1
11161 98 1
12888 98 1
14026 98 1
14203 98 1
14220 98 1
14245 98 1
14267 98 1
14284 98 1
14344 98 1
14831 98 1
15553 98 1
15773 98 1
15864 98 1
16188 98 1
16777 98 1
16779 98 1
16788 98 1
16789 98 1
17050 98 1
17748 98 1
18581 98 1
19043 98 1
19256 98 1
19417 98 1
19418 98 1
19660 98 1
19661 98 1
19662 98 1
19852 98 1
19946 98 1
20130 98 1
20156 98 1
20335 98 1
20372 98 1
20374 98 1
20375 98 1
20379 98 1
20380 98 1
20384 98 1
20714 98 1
21766 98 1
21787 98 1
21788 98 1
21789 98 1
21790 98 1
21791 98 1
21792 98 1
21793 98 1
21794 98 1
21795 98 1
21796 98 1
21797 98 1
21798 98 1
21799 98 1
21800 98 1
21801 98 1
21802 98 1
21803 98 1
100 99 1
101 99 1
798 100 1
3210 100 1
7997 100 1
8841 100 1
13270 100 1
15134 100 1
16721 100 1
17173 100 1
17747 100 1
18469 100 1
19948 100 1
20108 100 1
22574 100 1
22844 100 1
23397 100 1
24448 100 1
25289 100 1
25290 100 1
25328 100 1
25866 100 1
26108 100 1
736 101 1
841 101 1
1036 101 1
2165 101 1
2637 101 1
3337 101 1
5270 101 1
5826 101 1
6162 101 1
7507 101 1
7997 101 1
8071 101 1
10065 101 1
12687 101 1
14748 101 1
14860 101 1
16015 101 1
21631 101 1
22091 101 1
22844 101 1
22895 101 1
23817 101 1
103 102 1
229 103 1
1875 103 1
2449 103 1
3431 103 1
3970 103 1
3986 103 1
4030 103 1
4346 103 1
4468 103 1
4657 103 1
5271 103 1
6908 103 1
7795 103 1
8351 103 1
8597 103 1
8770 103 1
8949 103 1
10700 103 1
10960 103 1
11792 103 1
13125 103 1
14373 103 1
14556 103 1
15953 103 1
16022 103 1
16541 103 1
17148 103 1
17523 103 1
18290 103 1
19493 103 1
19620 103 1
19960 103 1
20906 103 1
21207 103 1
21379 103 1
21567 103 1
22144 103 1
22561 103 1
22894 103 1
22971 103 1
23107 103 1
23505 103 1
23603 103 1
23625 103 1
24332 103 1
24506 103 1
24524 103 1
24931 103 1
25201 103 1
25202 103 1
25203 103 1
25204 103 1
25205 103 1
136 104 1
145 104 1
256 104 1
331 104 1
483 104 1
685 104 1
830 104 1
848 104 1
1084 104 1
1119 104 1
1161 104 1
1212 104 1
1218 104 1
1267 104 1
1289 104 1
1520 104 1
1523 104 1
1616 104 1
1878 104 1
1930 104 1
2055 104 1
2449 104 1
2534 104 1
2559 104 1
2690 104 1
2708 104 1
2736 104 1
2745 104 1
2746 104 1
2812 104 1
2928 104 1
2995 104 1
3033 104 1
3046 104 1
3100 104 1
3168 104 1
3213 104 1
3315 104 1
3351 104 1
3384 104 1
3425 104 1
3799 104 1
3842 104 1
3911 104 1
3918 104 1
4088 104 1
4433 104 1
4511 104 1
4608 104 1
4756 104 1
5064 104 1
5088 104 1
5150 104 1
5256 104 1
5306 104 1
5332 104 1
5339 104 1
5379 104 1
5432 104 1
5928 104 1
6002 104 1
6022 104 1
6031 104 1
6063 104 1
6140 104 1
6207 104 1
6329 104 1
6358 104 1
6551 104 1
6673 104 1
6675 104 1
6717 104 1
6747 104 1
6758 104 1
6809 104 1
6866 104 1
6877 104 1
6881 104 1
6924 104 1
7096 104 1
7134 104 1
7153 104 1
7171 104 1
7319 104 1
7349 104 1
7367 104 1
7413 104 1
7502 104 1
7519 104 1
7523 104 1
7565 104 1
7573 104 1
7632 104 1
7642 104 1
7653 104 1
7665 104 1
7754 104 1
7786 104 1
7851 104 1
7861 104 1
7910 104 1
7922 104 1
7953 104 1
8041 104 1
8060 104 1
8120 104 1
8140 104 1
8168 104 1
8244 104 1
8262 104 1
8286 104 1
8458 104 1
8548 104 1
8589 104 1
8627 104 1
8646 104 1
8694 104 1
8788 104 1
8922 104 1
8933 104 1
9009 104 1
9031 104 1
9129 104 1
9163 104 1
9210 104 1
9388 104 1
9408 104 1
9637 104 1
9704 104 1
9801 104 1
9851 104 1
9906 104 1
9918 104 1
10227 104 1
10253 104 1
10260 104 1
10294 104 1
10421 104 1
10529 104 1
10786 104 1
10813 104 1
10912 104 1
10988 104 1
11034 104 1
11039 104 1
11085 104 1
11248 104 1
11374 104 1
11420 104 1
11505 104 1
11525 104 1
11527 104 1
11546 104 1
11548 104 1
11678 104 1
11794 104 1
11795 104 1
11989 104 1
12009 104 1
12014 104 1
12055 104 1
12058 104 1
12149 104 1
12163 104 1
12172 104 1
12176 104 1
12189 104 1
12266 104 1
12272 104 1
12320 104 1
12370 104 1
12372 104 1
12386 104 1
12391 104 1
12502 104 1
12511 104 1
12637 104 1
12953 104 1
13093 104 1
13342 104 1
13402 104 1
13403 104 1
13407 104 1
13408 104 1
13409 104 1
13410 104 1
13411 104 1
13413 104 1
13415 104 1
13416 104 1
13418 104 1
13420 104 1
13449 104 1
13565 104 1
13609 104 1
13738 104 1
13776 104 1
13941 104 1
14020 104 1
14314 104 1
14385 104 1
14582 104 1
14623 104 1
14649 104 1
14879 104 1
14946 104 1
14980 104 1
15176 104 1
15268 104 1
15308 104 1
15339 104 1
15387 104 1
15556 104 1
15752 104 1
15798 104 1
15907 104 1
15914 104 1
16002 104 1
16007 104 1
16253 104 1
16623 104 1
16760 104 1
16764 104 1
16903 104 1
16952 104 1
17065 104 1
17205 104 1
17248 104 1
17253 104 1
17283 104 1
17286 104 1
17355 104 1
17369 104 1
17385 104 1
17397 104 1
17475 104 1
17479 104 1
17527 104 1
17547 104 1
17595 104 1
17617 104 1
17634 104 1
17659 104 1
17669 104 1
17811 104 1
17822 104 1
18009 104 1
18270 104 1
18355 104 1
18720 104 1
19183 104 1
19188 104 1
19199 104 1
19220 104 1
19277 104 1
19363 104 1
19490 104 1
19780 104 1
19829 104 1
19849 104 1
20216 104 1
20234 104 1
20424 104 1
20564 104 1
20614 104 1
20638 104 1
20664 104 1
20690 104 1
20909 104 1
21090 104 1
21172 104 1
21199 104 1
21357 104 1
21389 104 1
21450 104 1
21455 104 1
21461 104 1
21608 104 1
21627 104 1
21871 104 1
22016 104 1
22021 104 1
22103 104 1
22417 104 1
22448 104 1
22650 104 1
22662 104 1
22699 104 1
22724 104 1
22824 104 1
22837 104 1
22957 104 1
23059 104 1
23062 104 1
23144 104 1
23174 104 1
23205 104 1
23307 104 1
23353 104 1
23413 104 1
23498 104 1
23503 104 1
23514 104 1
23534 104 1
23543 104 1
23629 104 1
23652 104 1
23687 104 1
23700 104 1
23708 104 1
23792 104 1
23841 104 1
23941 104 1
23997 104 1
24034 104 1
24072 104 1
24192 104 1
24194 104 1
24232 104 1
24239 104 1
24249 104 1
24254 104 1
24276 104 1
24291 104 1
24303 104 1
24308 104 1
24309 104 1
24325 104 1
24357 104 1
24391 104 1
24393 104 1
24469 104 1
24491 104 1
24610 104 1
24752 104 1
24846 104 1
24847 104 1
24848 104 1
24849 104 1
24850 104 1
24851 104 1
24852 104 1
24853 104 1
24854 104 1
24855 104 1
24856 104 1
24857 104 1
24858 104 1
24859 104 1
24860 104 1
24861 104 1
24862 104 1
24863 104 1
24864 104 1
24865 104 1
24866 104 1
24867 104 1
24868 104 1
24869 104 1
24870 104 1
24871 104 1
24872 104 1
24873 104 1
24874 104 1
24875 104 1
24876 104 1
24877 104 1
24878 104 1
24879 104 1
24880 104 1
24881 104 1
24882 104 1
106 105 1
107 105 1
912 106 1
913 107 1
6115 107 1
20516 107 1
20517 107 1
109 108 1
110 108 1
110 109 1
141 109 1
151 109 1
216 109 1
222 109 1
276 109 1
333 109 1
336 109 1
440 109 1
451 109 1
472 109 1
480 109 1
488 109 1
571 109 1
612 109 1
733 109 1
736 109 1
798 109 1
799 109 1
810 109 1
930 109 1
940 109 1
1178 109 1
1290 109 1
2503 109 1
2574 109 1
2605 109 1
3040 109 1
3208 109 1
3843 109 1
3900 109 1
5964 109 1
6197 109 1
6366 109 1
7003 109 1
8838 109 1
9314 109 1
9315 109 1
9316 109 1
9317 109 1
9318 109 1
9319 109 1
9320 109 1
9321 109 1
9322 109 1
9323 109 1
9324 109 1
9325 109 1
9326 109 1
9327 109 1
9328 109 1
9329 109 1
9330 109 1
9331 109 1
9332 109 1
9333 109 1
9334 109 1
9335 109 1
9336 109 1
9337 109 1
9338 109 1
9339 109 1
9340 109 1
9341 109 1
9342 109 1
9343 109 1
9344 109 1
9345 109 1
9346 109 1
9347 109 1
9348 109 1
9349 109 1
9350 109 1
9351 109 1
9352 109 1
9353 109 1
9354 109 1
9355 109 1
9356 109 1
9357 109 1
9358 109 1
9359 109 1
9360 109 1
9361 109 1
9362 109 1
9363 109 1
9364 109 1
9365 109 1
9366 109 1
9367 109 1
9368 109 1
9369 109 1
9370 109 1
9371 109 1
9372 109 1
9373 109 1
9374 109 1
9375 109 1
9376 109 1
9377 109 1
9378 109 1
9379 109 1
9380 109 1
9381 109 1
112 111 1
113 111 1
25199 112 1
140 113 1
265 113 1
1614 113 1
1626 113 1
7676 113 1
9533 113 1
12042 113 1
14982 113 1
15189 113 1
16714 113 1
16892 113 1
18994 113 1
19687 113 1
19848 113 1
20009 113 1
20879 113 1
21087 113 1
25282 113 1
25624 113 1
26215 113 1
115 114 1
116 114 1
846 115 1
4021 115 1
14178 115 1
592 116 1
846 116 1
1094 116 1
1095 116 1
2215 116 1
18189 116 1
20274 116 1
20275 116 1
20276 116 1
20277 116 1
20278 116 1
118 117 1
229 118 1
232 118 1
571 118 1
612 118 1
736 118 1
783 118 1
810 118 1
841 118 1
896 118 1
1056 118 1
1057 118 1
1611 118 1
2339 118 1
2620 118 1
2727 118 1
3912 118 1
5174 118 1
9220 118 1
15787 118 1
16352 118 1
16372 118 1
16377 118 1
16379 118 1
16384 118 1
16389 118 1
16391 118 1
16398 118 1
20903 118 1
22413 118 1
24730 118 1
25109 118 1
120 119 1
216 120 1
455 120 1
472 120 1
480 120 1
11416 120 1
21306 120 1
122 121 1
123 121 1
124 121 1
2337 122 1
6220 122 1
13470 122 1
20610 122 1
141 123 1
151 123 1
157 123 1
229 123 1
440 123 1
455 123 1
571 123 1
612 123 1
733 123 1
799 123 1
810 123 1
986 123 1
1005 123 1
2337 123 1
3856 123 1
4005 123 1
4007 123 1
4010 123 1
4162 123 1
5310 123 1
6220 123 1
11690 123 1
12617 123 1
15912 123 1
16502 123 1
19294 123 1
19473 123 1
19585 123 1
19618 123 1
19988 123 1
20910 123 1
24721 123 1
24815 123 1
24952 123 1
25797 123 1
25798 123 1
25799 123 1
25800 123 1
141 124 1
223 124 1
229 124 1
451 124 1
455 124 1
612 124 1
1549 124 1
1906 124 1
6323 124 1
9579 124 1
9580 124 1
11133 124 1
11701 124 1
15277 124 1
18100 124 1
18927 124 1
19130 124 1
19294 124 1
19625 124 1
20078 124 1
21688 124 1
22022 124 1
22762 124 1
23155 124 1
24187 124 1
25797 124 1
26120 124 1
127 126 1
128 126 1
129 126 1
130 126 1
131 126 1
132 126 1
133 126 1
134 126 1
135 126 1
136 126 1
137 126 1
138 126 1
139 126 1
140 126 1
141 126 1
142 126 1
143 126 1
144 126 1
145 126 1
146 126 1
147 126 1
148 126 1
149 126 1
150 126 1
151 126 1
152 126 1
153 126 1
154 126 1
155 126 1
156 126 1
157 126 1
158 126 1
159 126 1
160 126 1
161 126 1
162 126 1
163 126 1
164 126 1
165 126 1
166 126 1
167 126 1
168 126 1
169 126 1
170 126 1
171 126 1
172 126 1
173 126 1
174 126 1
175 126 1
176 126 1
177 126 1
178 126 1
179 126 1
180 126 1
181 126 1
182 126 1
183 126 1
184 126 1
185 126 1
186 126 1
187 126 1
188 126 1
189 126 1
190 126 1
191 126 1
192 126 1
193 126 1
194 126 1
195 126 1
196 126 1
197 126 1
198 126 1
199 126 1
200 126 1
201 126 1
202 126 1
203 126 1
204 126 1
205 126 1
206 126 1
207 126 1
208 126 1
209 126 1
210 126 1
211 126 1
212 126 1
222 127 1
10534 128 1
10477 129 1
7355 130 1
306 131 1
306 136 1
831 136 1
229 138 1
1030 138 1
195 140 1
222 140 1
229 140 1
341 140 1
998 140 1
1089 140 1
1625 140 1
3248 140 1
5959 140 1
7062 140 1
8971 140 1
11715 140 1
151 141 1
157 141 1
214 141 1
222 141 1
229 141 1
232 141 1
235 141 1
236 141 1
241 141 1
243 141 1
244 141 1
254 141 1
276 141 1
306 141 1
333 141 1
341 141 1
344 141 1
346 141 1
404 141 1
437 141 1
440 141 1
451 141 1
455 141 1
458 141 1
472 141 1
520 141 1
523 141 1
531 141 1
538 141 1
612 141 1
636 141 1
637 141 1
638 141 1
667 141 1
668 141 1
669 141 1
673 141 1
732 141 1
733 141 1
736 141 1
771 141 1
774 141 1
778 141 1
783 141 1
798 141 1
799 141 1
806 141 1
841 141 1
871 141 1
873 141 1
874 141 1
933 141 1
940 141 1
957 141 1
960 141 1
962 141 1
971 141 1
982 141 1
984 141 1
1033 141 1
1057 141 1
1059 141 1
1209 141 1
1297 141 1
1300 141 1
1303 141 1
1307 141 1
1315 141 1
1316 141 1
1329 141 1
1335 141 1
1347 141 1
1349 141 1
1353 141 1
1360 141 1
1376 141 1
1378 141 1
1386 141 1
1387 141 1
1388 141 1
1409 141 1
1411 141 1
1412 141 1
1413 141 1
1414 141 1
1433 141 1
1435 141 1
1437 141 1
1442 141 1
1460 141 1
1461 141 1
1462 141 1
1468 141 1
1481 141 1
1487 141 1
1517 141 1
1532 141 1
1534 141 1
1558 141 1
1575 141 1
1581 141 1
1613 141 1
1934 141 1
1937 141 1
2008 141 1
2012 141 1
2028 141 1
2046 141 1
2173 141 1
2175 141 1
2199 141 1
2276 141 1
2312 141 1
2314 141 1
2316 141 1
2317 141 1
2320 141 1
2321 141 1
2325 141 1
2326 141 1
2328 141 1
2334 141 1
2335 141 1
2337 141 1
2338 141 1
2339 141 1
2340 141 1
2342 141 1
2343 141 1
2344 141 1
2349 141 1
2350 141 1
2353 141 1
2354 141 1
2359 141 1
2360 141 1
2361 141 1
2363 141 1
2368 141 1
2372 141 1
2374 141 1
2376 141 1
2379 141 1
2380 141 1
2382 141 1
2383 141 1
2388 141 1
2389 141 1
2392 141 1
2394 141 1
2397 141 1
2398 141 1
2399 141 1
2400 141 1
2401 141 1
2403 141 1
2408 141 1
2410 141 1
2411 141 1
2412 141 1
2413 141 1
2414 141 1
2416 141 1
2417 141 1
2419 141 1
2420 141 1
2421 141 1
2422 141 1
2425 141 1
2427 141 1
2428 141 1
2429 141 1
2661 141 1
2680 141 1
2701 141 1
2735 141 1
2763 141 1
2855 141 1
2941 141 1
3122 141 1
3220 141 1
3222 141 1
3264 141 1
3268 141 1
3350 141 1
3359 141 1
3394 141 1
3534 141 1
3802 141 1
4008 141 1
4126 141 1
4298 141 1
4475 141 1
4743 141 1
4902 141 1
4909 141 1
5165 141 1
5265 141 1
5310 141 1
5721 141 1
6309 141 1
6510 141 1
6524 141 1
6530 141 1
6731 141 1
6889 141 1
7375 141 1
7462 141 1
7799 141 1
7983 141 1
8166 141 1
8734 141 1
9205 141 1
9561 141 1
9857 141 1
10419 141 1
10694 141 1
10750 141 1
10755 141 1
10770 141 1
11538 141 1
11708 141 1
11723 141 1
11906 141 1
11917 141 1
11929 141 1
11932 141 1
11941 141 1
12631 141 1
13633 141 1
13949 141 1
13953 141 1
14240 141 1
14484 141 1
14487 141 1
14566 141 1
14866 141 1
15008 141 1
15028 141 1
15355 141 1
15704 141 1
15971 141 1
16127 141 1
16987 141 1
17070 141 1
17481 141 1
18311 141 1
18439 141 1
18786 141 1
19466 141 1
19495 141 1
19962 141 1
20071 141 1
20073 141 1
20074 141 1
20143 141 1
20205 141 1
20208 141 1
20242 141 1
20262 141 1
20705 141 1
20829 141 1
21668 141 1
21671 141 1
21674 141 1
21677 141 1
22240 141 1
22245 141 1
22693 141 1
22701 141 1
24098 141 1
24185 141 1
24709 141 1
24924 141 1
25605 141 1
25970 141 1
26174 141 1
26175 141 1
10659 142 1
325 144 1
1030 147 1
23614 149 1
222 150 1
157 151 1
216 151 1
218 151 1
235 151 1
236 151 1
254 151 1
276 151 1
297 151 1
336 151 1
440 151 1
446 151 1
451 151 1
455 151 1
458 151 1
460 151 1
472 151 1
480 151 1
488 151 1
504 151 1
540 151 1
550 151 1
582 151 1
601 151 1
678 151 1
697 151 1
711 151 1
732 151 1
741 151 1
771 151 1
796 151 1
798 151 1
810 151 1
841 151 1
858 151 1
869 151 1
892 151 1
933 151 1
937 151 1
940 151 1
957 151 1
959 151 1
962 151 1
971 151 1
972 151 1
1062 151 1
1108 151 1
1281 151 1
1468 151 1
1575 151 1
1581 151 1
1654 151 1
1937 151 1
1940 151 1
2008 151 1
2038 151 1
2169 151 1
2267 151 1
2297 151 1
2307 151 1
2321 151 1
2327 151 1
2336 151 1
2337 151 1
2338 151 1
2343 151 1
2429 151 1
2588 151 1
2610 151 1
2625 151 1
2632 151 1
2639 151 1
2695 151 1
2707 151 1
2758 151 1
2784 151 1
2796 151 1
2799 151 1
2825 151 1
2853 151 1
2908 151 1
2939 151 1
2973 151 1
2977 151 1
3000 151 1
3007 151 1
3024 151 1
3046 151 1
3109 151 1
3122 151 1
3144 151 1
3197 151 1
3222 151 1
3233 151 1
3241 151 1
3242 151 1
3264 151 1
3280 151 1
3309 151 1
3313 151 1
3316 151 1
3336 151 1
3343 151 1
3436 151 1
3477 151 1
3478 151 1
3495 151 1
3583 151 1
3832 151 1
3880 151 1
3881 151 1
3882 151 1
3885 151 1
4286 151 1
4475 151 1
4692 151 1
4786 151 1
4796 151 1
4849 151 1
4875 151 1
4892 151 1
4978 151 1
5066 151 1
5122 151 1
5352 151 1
5889 151 1
5941 151 1
5965 151 1
5968 151 1
6317 151 1
6601 151 1
6711 151 1
7194 151 1
7289 151 1
7637 151 1
7799 151 1
7983 151 1
8166 151 1
8305 151 1
8369 151 1
8773 151 1
8919 151 1
8920 151 1
9120 151 1
9273 151 1
9336 151 1
9561 151 1
9564 151 1
9726 151 1
9733 151 1
9964 151 1
9995 151 1
10215 151 1
10235 151 1
10261 151 1
10304 151 1
10403 151 1
10495 151 1
10577 151 1
10601 151 1
10603 151 1
10645 151 1
10648 151 1
10694 151 1
10750 151 1
10755 151 1
10820 151 1
11119 151 1
11264 151 1
11361 151 1
11408 151 1
12283 151 1
13487 151 1
13576 151 1
14586 151 1
15218 151 1
15298 151 1
16666 151 1
16902 151 1
17009 151 1
17028 151 1
17037 151 1
17044 151 1
17136 151 1
17254 151 1
17624 151 1
17821 151 1
17983 151 1
18310 151 1
18378 151 1
18457 151 1
18489 151 1
18642 151 1
18807 151 1
18911 151 1
18949 151 1
19079 151 1
19399 151 1
19917 151 1
20183 151 1
20994 151 1
21035 151 1
21277 151 1
21377 151 1
22303 151 1
22623 151 1
22898 151 1
22926 151 1
23136 151 1
23322 151 1
23802 151 1
23956 151 1
24083 151 1
25345 151 1
25370 151 1
25541 151 1
25638 151 1
25644 151 1
25753 151 1
25923 151 1
25931 151 1
26086 151 1
26087 151 1
26088 151 1
306 153 1
678 154 1
831 154 1
214 157 1
216 157 1
218 157 1
229 157 1
249 157 1
254 157 1
267 157 1
276 157 1
291 157 1
297 157 1
327 157 1
330 157 1
336 157 1
339 157 1
446 157 1
451 157 1
472 157 1
480 157 1
488 157 1
504 157 1
531 157 1
549 157 1
579 157 1
582 157 1
583 157 1
589 157 1
601 157 1
696 157 1
709 157 1
733 157 1
739 157 1
740 157 1
741 157 1
742 157 1
771 157 1
794 157 1
841 157 1
854 157 1
892 157 1
894 157 1
933 157 1
935 157 1
959 157 1
962 157 1
972 157 1
977 157 1
984 157 1
1109 157 1
1119 157 1
1209 157 1
1225 157 1
1515 157 1
1532 157 1
1581 157 1
1632 157 1
1937 157 1
1939 157 1
2038 157 1
2107 157 1
2171 157 1
2176 157 1
2180 157 1
2181 157 1
2184 157 1
2226 157 1
2249 157 1
2267 157 1
2276 157 1
2280 157 1
2284 157 1
2297 157 1
2307 157 1
2314 157 1
2336 157 1
2337 157 1
2342 157 1
2343 157 1
2354 157 1
2369 157 1
2372 157 1
2374 157 1
2406 157 1
2415 157 1
2419 157 1
2421 157 1
2467 157 1
2478 157 1
2487 157 1
2493 157 1
2564 157 1
2574 157 1
2584 157 1
2589 157 1
2596 157 1
2639 157 1
2675 157 1
2680 157 1
2696 157 1
2722 157 1
2724 157 1
2813 157 1
2827 157 1
2840 157 1
2844 157 1
2856 157 1
2896 157 1
2908 157 1
2918 157 1
2941 157 1
2974 157 1
2989 157 1
2993 157 1
3034 157 1
3070 157 1
3083 157 1
3114 157 1
3122 157 1
3128 157 1
3139 157 1
3144 157 1
3152 157 1
3164 157 1
3178 157 1
3184 157 1
3220 157 1
3226 157 1
3264 157 1
3266 157 1
3282 157 1
3289 157 1
3306 157 1
3323 157 1
3336 157 1
3341 157 1
3345 157 1
3347 157 1
3374 157 1
3386 157 1
3388 157 1
3409 157 1
3415 157 1
3477 157 1
3478 157 1
3485 157 1
3534 157 1
3538 157 1
3562 157 1
3583 157 1
3802 157 1
3832 157 1
4203 157 1
4221 157 1
4249 157 1
4278 157 1
4286 157 1
4287 157 1
4475 157 1
4647 157 1
4762 157 1
4786 157 1
4794 157 1
4808 157 1
4816 157 1
4858 157 1
4877 157 1
4897 157 1
4903 157 1
4905 157 1
4909 157 1
4913 157 1
4914 157 1
4955 157 1
4967 157 1
4968 157 1
4976 157 1
5073 157 1
5122 157 1
5281 157 1
5445 157 1
5870 157 1
5937 157 1
5941 157 1
5945 157 1
5946 157 1
5947 157 1
5949 157 1
5952 157 1
5957 157 1
5958 157 1
5964 157 1
5967 157 1
6138 157 1
6246 157 1
6318 157 1
6430 157 1
6501 157 1
6601 157 1
6660 157 1
6812 157 1
6874 157 1
7289 157 1
7325 157 1
7799 157 1
7910 157 1
7983 157 1
8436 157 1
8568 157 1
8773 157 1
8920 157 1
9074 157 1
9088 157 1
9241 157 1
9249 157 1
9273 157 1
9937 157 1
9947 157 1
9964 157 1
9984 157 1
9995 157 1
9996 157 1
10019 157 1
10056 157 1
10060 157 1
10068 157 1
10088 157 1
10097 157 1
10148 157 1
10290 157 1
10349 157 1
10427 157 1
10440 157 1
10457 157 1
10474 157 1
10495 157 1
10589 157 1
10698 157 1
10755 157 1
10770 157 1
10862 157 1
10895 157 1
10907 157 1
10997 157 1
11482 157 1
11893 157 1
12718 157 1
13450 157 1
14195 157 1
14939 157 1
15207 157 1
16633 157 1
16666 157 1
16852 157 1
16902 157 1
17018 157 1
17024 157 1
17027 157 1
17037 157 1
17040 157 1
17452 157 1
18293 157 1
18377 157 1
18380 157 1
18590 157 1
18803 157 1
18809 157 1
18811 157 1
18941 157 1
18949 157 1
18993 157 1
20855 157 1
20896 157 1
20989 157 1
20998 157 1
21029 157 1
21401 157 1
21754 157 1
22610 157 1
22698 157 1
24914 157 1
25156 157 1
25306 157 1
25307 157 1
306 159 1
1084 161 1
1030 162 1
1089 164 1
1089 165 1
1576 165 1
229 166 1
820 170 1
3908 171 1
10469 171 1
241 174 1
333 175 1
223 176 1
1030 178 1
23883 179 1
678 180 1
12766 182 1
229 183 1
303 186 1
229 187 1
11352 191 1
3547 192 1
24940 193 1
1030 194 1
214 195 1
222 195 1
223 195 1
229 195 1
241 195 1
306 195 1
333 195 1
336 195 1
399 195 1
437 195 1
440 195 1
451 195 1
455 195 1
523 195 1
531 195 1
571 195 1
582 195 1
612 195 1
630 195 1
668 195 1
678 195 1
697 195 1
718 195 1
733 195 1
736 195 1
783 195 1
799 195 1
810 195 1
841 195 1
901 195 1
940 195 1
1033 195 1
1303 195 1
1468 195 1
1487 195 1
1491 195 1
1522 195 1
1581 195 1
2046 195 1
2316 195 1
2417 195 1
2429 195 1
2683 195 1
2778 195 1
2828 195 1
2924 195 1
2973 195 1
3204 195 1
3264 195 1
3305 195 1
3309 195 1
3366 195 1
3879 195 1
3882 195 1
4799 195 1
4834 195 1
4849 195 1
5968 195 1
6348 195 1
6685 195 1
6711 195 1
8436 195 1
8532 195 1
10477 195 1
10534 195 1
10569 195 1
10601 195 1
10805 195 1
10832 195 1
10898 195 1
11203 195 1
13273 195 1
13362 195 1
13363 195 1
13364 195 1
13365 195 1
13366 195 1
13367 195 1
13368 195 1
13369 195 1
6681 196 1
21182 199 1
222 200 1
1273 201 1
1089 205 1
7010 205 1
223 206 1
1059 208 1
14957 210 1
1089 211 1
4743 211 1
214 213 1
215 213 1
216 213 1
217 213 1
218 213 1
216 214 1
222 214 1
223 214 1
229 214 1
232 214 1
241 214 1
254 214 1
260 214 1
276 214 1
306 214 1
307 214 1
309 214 1
336 214 1
339 214 1
358 214 1
440 214 1
451 214 1
455 214 1
472 214 1
480 214 1
488 214 1
504 214 1
531 214 1
549 214 1
571 214 1
581 214 1
594 214 1
607 214 1
612 214 1
668 214 1
678 214 1
687 214 1
711 214 1
714 214 1
715 214 1
733 214 1
736 214 1
774 214 1
778 214 1
781 214 1
798 214 1
799 214 1
810 214 1
826 214 1
848 214 1
874 214 1
894 214 1
907 214 1
931 214 1
933 214 1
955 214 1
956 214 1
957 214 1
958 214 1
971 214 1
975 214 1
978 214 1
988 214 1
994 214 1
1057 214 1
1062 214 1
1077 214 1
1113 214 1
1121 214 1
1225 214 1
1303 214 1
1376 214 1
1545 214 1
1581 214 1
1708 214 1
1709 214 1
1939 214 1
1940 214 1
2007 214 1
2023 214 1
2069 214 1
2081 214 1
2172 214 1
2190 214 1
2226 214 1
2237 214 1
2250 214 1
2267 214 1
2276 214 1
2325 214 1
2335 214 1
2366 214 1
2389 214 1
2412 214 1
2440 214 1
2506 214 1
2510 214 1
2512 214 1
2524 214 1
2574 214 1
2586 214 1
2600 214 1
2602 214 1
2603 214 1
2620 214 1
2628 214 1
2644 214 1
2652 214 1
2687 214 1
2743 214 1
2763 214 1
2770 214 1
2773 214 1
2776 214 1
2792 214 1
2797 214 1
2831 214 1
2840 214 1
2875 214 1
2885 214 1
2888 214 1
2891 214 1
2896 214 1
2918 214 1
2920 214 1
2935 214 1
2937 214 1
2940 214 1
2941 214 1
2962 214 1
2966 214 1
2974 214 1
3002 214 1
3003 214 1
3013 214 1
3026 214 1
3031 214 1
3036 214 1
3080 214 1
3087 214 1
3088 214 1
3090 214 1
3101 214 1
3108 214 1
3144 214 1
3158 214 1
3188 214 1
3190 214 1
3195 214 1
3198 214 1
3202 214 1
3213 214 1
3227 214 1
3228 214 1
3236 214 1
3247 214 1
3251 214 1
3255 214 1
3264 214 1
3269 214 1
3279 214 1
3283 214 1
3287 214 1
3292 214 1
3317 214 1
3323 214 1
3340 214 1
3342 214 1
3343 214 1
3344 214 1
3345 214 1
3357 214 1
3368 214 1
3374 214 1
3392 214 1
3393 214 1
3404 214 1
3474 214 1
3475 214 1
3476 214 1
3479 214 1
3497 214 1
3534 214 1
3568 214 1
3583 214 1
3647 214 1
3690 214 1
3694 214 1
3697 214 1
3700 214 1
3781 214 1
3915 214 1
3964 214 1
4016 214 1
4368 214 1
4377 214 1
4475 214 1
4486 214 1
4686 214 1
4765 214 1
4770 214 1
4777 214 1
4783 214 1
4785 214 1
4786 214 1
4796 214 1
4801 214 1
4806 214 1
4864 214 1
4866 214 1
4870 214 1
4891 214 1
4892 214 1
4904 214 1
4914 214 1
4915 214 1
4926 214 1
4933 214 1
4938 214 1
4963 214 1
4964 214 1
4974 214 1
4976 214 1
4987 214 1
5020 214 1
5174 214 1
5183 214 1
5187 214 1
5207 214 1
5213 214 1
5733 214 1
5932 214 1
5936 214 1
5937 214 1
5942 214 1
5958 214 1
5961 214 1
5963 214 1
5965 214 1
5968 214 1
6021 214 1
6026 214 1
6130 214 1
6135 214 1
6160 214 1
6161 214 1
6205 214 1
6317 214 1
6380 214 1
6429 214 1
6457 214 1
6703 214 1
6717 214 1
6742 214 1
6752 214 1
6913 214 1
6928 214 1
7043 214 1
7120 214 1
7142 214 1
7166 214 1
7174 214 1
7448 214 1
7497 214 1
7569 214 1
7665 214 1
7720 214 1
7756 214 1
7799 214 1
7863 214 1
7917 214 1
8003 214 1
8120 214 1
8182 214 1
8183 214 1
8185 214 1
8367 214 1
8393 214 1
8408 214 1
8532 214 1
8548 214 1
8623 214 1
8647 214 1
8654 214 1
8696 214 1
8722 214 1
8832 214 1
8903 214 1
8905 214 1
8971 214 1
9006 214 1
9030 214 1
9037 214 1
9072 214 1
9149 214 1
9210 214 1
9251 214 1
9336 214 1
9480 214 1
9539 214 1
9574 214 1
9837 214 1
9927 214 1
9931 214 1
9942 214 1
9951 214 1
9956 214 1
9978 214 1
9993 214 1
10001 214 1
10020 214 1
10038 214 1
10042 214 1
10045 214 1
10093 214 1
10095 214 1
10099 214 1
10118 214 1
10156 214 1
10168 214 1
10181 214 1
10229 214 1
10257 214 1
10265 214 1
10296 214 1
10297 214 1
10301 214 1
10316 214 1
10331 214 1
10349 214 1
10354 214 1
10362 214 1
10363 214 1
10383 214 1
10389 214 1
10391 214 1
10413 214 1
10414 214 1
10430 214 1
10433 214 1
10451 214 1
10461 214 1
10469 214 1
10509 214 1
10522 214 1
10531 214 1
10538 214 1
10547 214 1
10551 214 1
10552 214 1
10555 214 1
10564 214 1
10571 214 1
10635 214 1
10636 214 1
10639 214 1
10650 214 1
10671 214 1
10677 214 1
10706 214 1
10713 214 1
10729 214 1
10740 214 1
10750 214 1
10758 214 1
10761 214 1
10763 214 1
10780 214 1
10789 214 1
10804 214 1
10822 214 1
10900 214 1
10971 214 1
10997 214 1
11086 214 1
11118 214 1
11232 214 1
11240 214 1
11277 214 1
11325 214 1
11395 214 1
11408 214 1
11428 214 1
11970 214 1
12030 214 1
12121 214 1
12380 214 1
12435 214 1
12614 214 1
12813 214 1
12823 214 1
12828 214 1
12842 214 1
12883 214 1
12888 214 1
12950 214 1
12989 214 1
13017 214 1
13141 214 1
13391 214 1
13481 214 1
13584 214 1
13595 214 1
13607 214 1
13700 214 1
13790 214 1
14043 214 1
14252 214 1
14414 214 1
14652 214 1
14706 214 1
14713 214 1
14765 214 1
14784 214 1
14815 214 1
14839 214 1
14875 214 1
15034 214 1
15221 214 1
15298 214 1
15463 214 1
15501 214 1
15584 214 1
15598 214 1
15623 214 1
15931 214 1
16274 214 1
16279 214 1
16536 214 1
16585 214 1
16675 214 1
16687 214 1
16737 214 1
16843 214 1
16883 214 1
16899 214 1
16901 214 1
16925 214 1
16999 214 1
17030 214 1
17037 214 1
17136 214 1
17170 214 1
17203 214 1
17246 214 1
17401 214 1
17625 214 1
17663 214 1
17746 214 1
17768 214 1
17914 214 1
17995 214 1
18069 214 1
18119 214 1
18120 214 1
18344 214 1
18463 214 1
18520 214 1
18563 214 1
18630 214 1
18739 214 1
18742 214 1
18780 214 1
18832 214 1
18900 214 1
18909 214 1
18938 214 1
18939 214 1
18942 214 1
18948 214 1
18951 214 1
18953 214 1
19008 214 1
19144 214 1
19260 214 1
19293 214 1
19387 214 1
19395 214 1
19443 214 1
19575 214 1
19627 214 1
19695 214 1
19702 214 1
19882 214 1
19900 214 1
19905 214 1
19982 214 1
19991 214 1
20031 214 1
20048 214 1
20052 214 1
20089 214 1
20154 214 1
20160 214 1
20177 214 1
20280 214 1
20281 214 1
20367 214 1
20766 214 1
20989 214 1
20990 214 1
20991 214 1
20993 214 1
21016 214 1
21029 214 1
21038 214 1
21040 214 1
21043 214 1
21157 214 1
21221 214 1
21292 214 1
21296 214 1
21375 214 1
21419 214 1
21461 214 1
21471 214 1
21479 214 1
21527 214 1
21875 214 1
21912 214 1
21923 214 1
21956 214 1
21991 214 1
22033 214 1
22037 214 1
22101 214 1
22360 214 1
22414 214 1
22435 214 1
22508 214 1
22526 214 1
22698 214 1
22778 214 1
22780 214 1
22827 214 1
22840 214 1
22891 214 1
22898 214 1
22902 214 1
22925 214 1
22999 214 1
23043 214 1
23050 214 1
23064 214 1
23133 214 1
23140 214 1
23262 214 1
23302 214 1
23322 214 1
23332 214 1
23354 214 1
23488 214 1
23640 214 1
23708 214 1
23925 214 1
23998 214 1
24130 214 1
24216 214 1
24320 214 1
24365 214 1
24508 214 1
24543 214 1
24655 214 1
24658 214 1
24733 214 1
24884 214 1
24911 214 1
24923 214 1
24972 214 1
25033 214 1
25153 214 1
25285 214 1
25325 214 1
25345 214 1
25352 214 1
25358 214 1
25402 214 1
25428 214 1
25480 214 1
25514 214 1
25529 214 1
25541 214 1
25628 214 1
25743 214 1
25806 214 1
25844 214 1
25869 214 1
25910 214 1
25911 214 1
25912 214 1
25913 214 1
25914 214 1
25915 214 1
25916 214 1
25917 214 1
25918 214 1
25919 214 1
25920 214 1
25921 214 1
25922 214 1
25923 214 1
25924 214 1
25925 214 1
25926 214 1
25927 214 1
25928 214 1
25929 214 1
480 215 1
13937 215 1
24464 215 1
218 216 1
241 216 1
254 216 1
276 216 1
290 216 1
297 216 1
330 216 1
333 216 1
336 216 1
339 216 1
341 216 1
346 216 1
385 216 1
415 216 1
430 216 1
437 216 1
451 216 1
472 216 1
480 216 1
520 216 1
523 216 1
582 216 1
583 216 1
585 216 1
589 216 1
638 216 1
692 216 1
697 216 1
705 216 1
713 216 1
732 216 1
733 216 1
739 216 1
740 216 1
741 216 1
742 216 1
746 216 1
762 216 1
774 216 1
783 216 1
789 216 1
806 216 1
829 216 1
841 216 1
871 216 1
892 216 1
904 216 1
933 216 1
935 216 1
937 216 1
942 216 1
946 216 1
954 216 1
955 216 1
959 216 1
962 216 1
972 216 1
975 216 1
977 216 1
984 216 1
1008 216 1
1052 216 1
1059 216 1
1072 216 1
1109 216 1
1169 216 1
1209 216 1
1286 216 1
1303 216 1
1517 216 1
1532 216 1
1575 216 1
1608 216 1
1632 216 1
1635 216 1
1877 216 1
1886 216 1
1929 216 1
1937 216 1
1939 216 1
2008 216 1
2012 216 1
2022 216 1
2028 216 1
2046 216 1
2078 216 1
2090 216 1
2107 216 1
2169 216 1
2175 216 1
2176 216 1
2180 216 1
2181 216 1
2184 216 1
2199 216 1
2250 216 1
2267 216 1
2269 216 1
2270 216 1
2276 216 1
2280 216 1
2307 216 1
2321 216 1
2327 216 1
2333 216 1
2335 216 1
2342 216 1
2348 216 1
2354 216 1
2361 216 1
2374 216 1
2379 216 1
2389 216 1
2403 216 1
2415 216 1
2419 216 1
2422 216 1
2467 216 1
2478 216 1
2487 216 1
2564 216 1
2574 216 1
2584 216 1
2596 216 1
2602 216 1
2603 216 1
2609 216 1
2626 216 1
2630 216 1
2639 216 1
2660 216 1
2671 216 1
2675 216 1
2763 216 1
2773 216 1
2813 216 1
2827 216 1
2840 216 1
2858 216 1
2870 216 1
2890 216 1
2893 216 1
2896 216 1
2899 216 1
2937 216 1
2939 216 1
2941 216 1
2974 216 1
2989 216 1
3046 216 1
3064 216 1
3066 216 1
3087 216 1
3114 216 1
3122 216 1
3128 216 1
3144 216 1
3154 216 1
3178 216 1
3198 216 1
3220 216 1
3226 216 1
3250 216 1
3264 216 1
3266 216 1
3269 216 1
3274 216 1
3280 216 1
3282 216 1
3306 216 1
3323 216 1
3345 216 1
3374 216 1
3377 216 1
3386 216 1
3388 216 1
3404 216 1
3409 216 1
3436 216 1
3475 216 1
3477 216 1
3478 216 1
3485 216 1
3488 216 1
3532 216 1
3562 216 1
3583 216 1
3592 216 1
3595 216 1
3679 216 1
3682 216 1
3686 216 1
3694 216 1
3702 216 1
3711 216 1
3712 216 1
3724 216 1
3726 216 1
3826 216 1
3832 216 1
3860 216 1
3905 216 1
4000 216 1
4014 216 1
4113 216 1
4154 216 1
4203 216 1
4221 216 1
4249 216 1
4271 216 1
4288 216 1
4308 216 1
4375 216 1
4407 216 1
4436 216 1
4437 216 1
4438 216 1
4473 216 1
4475 216 1
4488 216 1
4498 216 1
4509 216 1
4647 216 1
4762 216 1
4773 216 1
4794 216 1
4796 216 1
4798 216 1
4800 216 1
4801 216 1
4808 216 1
4816 216 1
4824 216 1
4851 216 1
4857 216 1
4864 216 1
4866 216 1
4867 216 1
4876 216 1
4877 216 1
4878 216 1
4885 216 1
4890 216 1
4891 216 1
4892 216 1
4897 216 1
4903 216 1
4905 216 1
4909 216 1
4913 216 1
4914 216 1
4915 216 1
4916 216 1
4918 216 1
4924 216 1
4926 216 1
4932 216 1
4948 216 1
4955 216 1
4962 216 1
4963 216 1
4967 216 1
4968 216 1
4971 216 1
4974 216 1
4976 216 1
4987 216 1
5023 216 1
5054 216 1
5072 216 1
5152 216 1
5183 216 1
5267 216 1
5847 216 1
5889 216 1
5931 216 1
5932 216 1
5934 216 1
5936 216 1
5937 216 1
5941 216 1
5942 216 1
5945 216 1
5946 216 1
5947 216 1
5949 216 1
5951 216 1
5952 216 1
5954 216 1
5957 216 1
5958 216 1
5959 216 1
5961 216 1
5962 216 1
5963 216 1
5964 216 1
5965 216 1
5967 216 1
5968 216 1
5969 216 1
6117 216 1
6146 216 1
6160 216 1
6231 216 1
6259 216 1
6294 216 1
6317 216 1
6318 216 1
6321 216 1
6430 216 1
6492 216 1
6660 216 1
6711 216 1
7120 216 1
7164 216 1
7194 216 1
7218 216 1
8623 216 1
8864 216 1
9120 216 1
9189 216 1
9241 216 1
9524 216 1
9714 216 1
9716 216 1
9733 216 1
9734 216 1
9818 216 1
9937 216 1
9945 216 1
9947 216 1
9948 216 1
9951 216 1
9960 216 1
9963 216 1
9964 216 1
9996 216 1
10007 216 1
10009 216 1
10012 216 1
10019 216 1
10031 216 1
10045 216 1
10056 216 1
10063 216 1
10068 216 1
10080 216 1
10082 216 1
10088 216 1
10097 216 1
10131 216 1
10148 216 1
10284 216 1
10290 216 1
10342 216 1
10349 216 1
10351 216 1
10355 216 1
10407 216 1
10414 216 1
10427 216 1
10440 216 1
10457 216 1
10495 216 1
10555 216 1
10588 216 1
10589 216 1
10604 216 1
10632 216 1
10636 216 1
10648 216 1
10650 216 1
10673 216 1
10678 216 1
10694 216 1
10744 216 1
10755 216 1
10761 216 1
10796 216 1
10862 216 1
10895 216 1
10907 216 1
10969 216 1
10973 216 1
10997 216 1
11025 216 1
11119 216 1
11138 216 1
11323 216 1
11371 216 1
11408 216 1
11473 216 1
11625 216 1
11626 216 1
11757 216 1
11797 216 1
11808 216 1
12578 216 1
12635 216 1
12636 216 1
12851 216 1
12887 216 1
12994 216 1
13017 216 1
13027 216 1
13064 216 1
13069 216 1
13288 216 1
13487 216 1
13526 216 1
13595 216 1
13621 216 1
13977 216 1
14006 216 1
14122 216 1
14157 216 1
14176 216 1
14195 216 1
14230 216 1
14252 216 1
14480 216 1
14632 216 1
14658 216 1
14719 216 1
14935 216 1
14965 216 1
15047 216 1
15052 216 1
15238 216 1
15241 216 1
15295 216 1
15298 216 1
15335 216 1
15586 216 1
15593 216 1
15600 216 1
15610 216 1
15646 216 1
15686 216 1
15922 216 1
15968 216 1
15994 216 1
16202 216 1
16205 216 1
16209 216 1
16214 216 1
16223 216 1
16227 216 1
16239 216 1
16279 216 1
16675 216 1
16852 216 1
16897 216 1
17018 216 1
17024 216 1
17027 216 1
17030 216 1
17032 216 1
17034 216 1
17037 216 1
17040 216 1
17044 216 1
17174 216 1
17738 216 1
17739 216 1
17939 216 1
18265 216 1
18343 216 1
18347 216 1
18492 216 1
18505 216 1
18523 216 1
18561 216 1
18586 216 1
18767 216 1
18799 216 1
18803 216 1
18807 216 1
18810 216 1
18811 216 1
18855 216 1
18949 216 1
18951 216 1
19008 216 1
19099 216 1
19375 216 1
19387 216 1
19445 216 1
19499 216 1
19603 216 1
19832 216 1
19834 216 1
19934 216 1
19954 216 1
20146 216 1
20521 216 1
20904 216 1
20933 216 1
20989 216 1
20994 216 1
20996 216 1
20998 216 1
21016 216 1
21029 216 1
21030 216 1
21037 216 1
21042 216 1
21253 216 1
21266 216 1
21375 216 1
21401 216 1
21923 216 1
22036 216 1
22109 216 1
22147 216 1
22298 216 1
22303 216 1
22486 216 1
22698 216 1
22813 216 1
22898 216 1
22993 216 1
23454 216 1
23460 216 1
23474 216 1
24010 216 1
24075 216 1
24117 216 1
24514 216 1
25237 216 1
25250 216 1
25285 216 1
25345 216 1
25365 216 1
25541 216 1
25584 216 1
25809 216 1
25929 216 1
26011 216 1
26202 216 1
26329 216 1
26443 216 1
26455 216 1
783 217 1
291 218 1
330 218 1
346 218 1
437 218 1
472 218 1
480 218 1
571 218 1
583 218 1
589 218 1
739 218 1
740 218 1
774 218 1
841 218 1
933 218 1
935 218 1
962 218 1
975 218 1
977 218 1
984 218 1
1532 218 1
1632 218 1
2107 218 1
2199 218 1
2276 218 1
2307 218 1
2333 218 1
2354 218 1
2361 218 1
2374 218 1
2415 218 1
2487 218 1
2563 218 1
2574 218 1
2596 218 1
2603 218 1
2675 218 1
2827 218 1
2831 218 1
2856 218 1
2870 218 1
2989 218 1
3002 218 1
3046 218 1
3114 218 1
3122 218 1
3152 218 1
3269 218 1
3343 218 1
3347 218 1
3374 218 1
3386 218 1
3409 218 1
3562 218 1
4288 218 1
4475 218 1
4808 218 1
4859 218 1
4897 218 1
4905 218 1
4916 218 1
4918 218 1
4932 218 1
4955 218 1
4968 218 1
5932 218 1
5949 218 1
5952 218 1
5963 218 1
5967 218 1
5968 218 1
6318 218 1
6430 218 1
6660 218 1
8623 218 1
9947 218 1
9948 218 1
9951 218 1
9960 218 1
10045 218 1
10063 218 1
10068 218 1
10088 218 1
10091 218 1
10257 218 1
10349 218 1
10370 218 1
10414 218 1
10427 218 1
10454 218 1
10589 218 1
10673 218 1
10698 218 1
10907 218 1
10997 218 1
11408 218 1
11416 218 1
12718 218 1
14252 218 1
14443 218 1
14765 218 1
15232 218 1
15298 218 1
16675 218 1
16852 218 1
17027 218 1
17030 218 1
17032 218 1
17037 218 1
17040 218 1
17044 218 1
17914 218 1
18802 218 1
18803 218 1
18804 218 1
18805 218 1
18806 218 1
18807 218 1
18808 218 1
18809 218 1
18810 218 1
18811 218 1
220 219 1
733 220 1
6470 220 1
9406 220 1
10070 220 1
11173 220 1
14057 220 1
14433 220 1
14895 220 1
15400 220 1
15401 220 1
15402 220 1
222 221 1
223 221 1
223 222 1
229 222 1
241 222 1
247 222 1
249 222 1
278 222 1
280 222 1
291 222 1
306 222 1
333 222 1
356 222 1
396 222 1
451 222 1
455 222 1
458 222 1
480 222 1
504 222 1
531 222 1
539 222 1
563 222 1
571 222 1
590 222 1
620 222 1
679 222 1
693 222 1
715 222 1
733 222 1
736 222 1
743 222 1
799 222 1
810 222 1
827 222 1
841 222 1
851 222 1
893 222 1
901 222 1
939 222 1
943 222 1
1084 222 1
1096 222 1
1109 222 1
1267 222 1
1271 222 1
1487 222 1
1575 222 1
1581 222 1
1874 222 1
2071 222 1
2077 222 1
2134 222 1
2135 222 1
2310 222 1
2321 222 1
2337 222 1
2354 222 1
2389 222 1
2429 222 1
2559 222 1
2589 222 1
2597 222 1
2740 222 1
2762 222 1
2766 222 1
2813 222 1
2820 222 1
2828 222 1
2839 222 1
2925 222 1
2957 222 1
2975 222 1
3001 222 1
3028 222 1
3045 222 1
3106 222 1
3133 222 1
3138 222 1
3214 222 1
3222 222 1
3278 222 1
3318 222 1
3386 222 1
3456 222 1
3491 222 1
3518 222 1
3534 222 1
3538 222 1
3649 222 1
3692 222 1
3979 222 1
3982 222 1
3993 222 1
4012 222 1
4044 222 1
4216 222 1
4286 222 1
4292 222 1
4346 222 1
4521 222 1
4620 222 1
4697 222 1
4757 222 1
5007 222 1
5017 222 1
5330 222 1
5353 222 1
5719 222 1
5879 222 1
6198 222 1
6450 222 1
6486 222 1
6560 222 1
6596 222 1
6672 222 1
6728 222 1
6731 222 1
6750 222 1
6760 222 1
6780 222 1
6809 222 1
6846 222 1
6852 222 1
6901 222 1
6921 222 1
6963 222 1
6988 222 1
7020 222 1
7043 222 1
7073 222 1
7076 222 1
7084 222 1
7099 222 1
7120 222 1
7138 222 1
7173 222 1
7197 222 1
7201 222 1
7220 222 1
7279 222 1
7325 222 1
7346 222 1
7401 222 1
7409 222 1
7429 222 1
7433 222 1
7495 222 1
7502 222 1
7506 222 1
7542 222 1
7571 222 1
7631 222 1
7636 222 1
7658 222 1
7706 222 1
7751 222 1
7754 222 1
7759 222 1
7822 222 1
7890 222 1
7904 222 1
7934 222 1
7970 222 1
7971 222 1
8010 222 1
8138 222 1
8167 222 1
8206 222 1
8272 222 1
8303 222 1
8406 222 1
8591 222 1
8599 222 1
8601 222 1
8646 222 1
8683 222 1
8721 222 1
8771 222 1
8831 222 1
8932 222 1
8949 222 1
8969 222 1
8975 222 1
8996 222 1
9009 222 1
9053 222 1
9054 222 1
9057 222 1
9088 222 1
9090 222 1
9102 222 1
9160 222 1
9223 222 1
9230 222 1
9388 222 1
9482 222 1
9563 222 1
9641 222 1
9682 222 1
9717 222 1
9845 222 1
9876 222 1
9880 222 1
9893 222 1
10039 222 1
10106 222 1
10187 222 1
10195 222 1
10201 222 1
10214 222 1
10231 222 1
10240 222 1
10244 222 1
10253 222 1
10270 222 1
10293 222 1
10374 222 1
10385 222 1
10388 222 1
10390 222 1
10421 222 1
10431 222 1
10435 222 1
10446 222 1
10466 222 1
10478 222 1
10511 222 1
10513 222 1
10514 222 1
10551 222 1
10567 222 1
10585 222 1
10610 222 1
10644 222 1
10731 222 1
10813 222 1
10858 222 1
10867 222 1
10877 222 1
10882 222 1
10903 222 1
10960 222 1
11018 222 1
11050 222 1
11146 222 1
11196 222 1
11250 222 1
11255 222 1
11263 222 1
11290 222 1
11325 222 1
11346 222 1
11355 222 1
11357 222 1
11401 222 1
11410 222 1
11612 222 1
11659 222 1
11702 222 1
11729 222 1
11795 222 1
11975 222 1
11987 222 1
12006 222 1
12011 222 1
12048 222 1
12056 222 1
12088 222 1
12091 222 1
12191 222 1
12249 222 1
12284 222 1
12330 222 1
12361 222 1
12384 222 1
12429 222 1
12430 222 1
12432 222 1
12439 222 1
12444 222 1
12446 222 1
12448 222 1
12674 222 1
12758 222 1
12781 222 1
12782 222 1
12958 222 1
13074 222 1
13092 222 1
13097 222 1
13115 222 1
13267 222 1
13284 222 1
13287 222 1
13340 222 1
13361 222 1
13459 222 1
13491 222 1
13532 222 1
13569 222 1
13571 222 1
13572 222 1
13591 222 1
13688 222 1
13692 222 1
13700 222 1
13906 222 1
14025 222 1
14194 222 1
14343 222 1
14399 222 1
14410 222 1
14421 222 1
14464 222 1
14466 222 1
14541 222 1
14558 222 1
14562 222 1
14571 222 1
14596 222 1
14605 222 1
14700 222 1
14756 222 1
14757 222 1
14924 222 1
15040 222 1
15098 222 1
15126 222 1
15178 222 1
15217 222 1
15218 222 1
15284 222 1
15293 222 1
15314 222 1
15492 222 1
15643 222 1
15669 222 1
15798 222 1
15934 222 1
15992 222 1
16253 222 1
16255 222 1
16330 222 1
16414 222 1
16743 222 1
16833 222 1
16901 222 1
16911 222 1
16915 222 1
16955 222 1
16966 222 1
17033 222 1
17045 222 1
17058 222 1
17138 222 1
17185 222 1
17232 222 1
17263 222 1
17297 222 1
17332 222 1
17401 222 1
17411 222 1
17423 222 1
17443 222 1
17525 222 1
17548 222 1
17563 222 1
17603 222 1
17608 222 1
17639 222 1
17806 222 1
17844 222 1
18235 222 1
18247 222 1
18379 222 1
18423 222 1
18431 222 1
18471 222 1
18563 222 1
18899 222 1
18900 222 1
18988 222 1
18993 222 1
19062 222 1
19103 222 1
19219 222 1
19368 222 1
19639 222 1
19640 222 1
19652 222 1
19722 222 1
19741 222 1
19847 222 1
19886 222 1
20050 222 1
20091 222 1
20126 222 1
20195 222 1
20249 222 1
20515 222 1
20664 222 1
20988 222 1
21054 222 1
21137 222 1
21173 222 1
21243 222 1
21271 222 1
21301 222 1
21334 222 1
21372 222 1
21414 222 1
21440 222 1
21464 222 1
21485 222 1
21489 222 1
21496 222 1
21502 222 1
21523 222 1
21525 222 1
21615 222 1
21629 222 1
21660 222 1
21958 222 1
21983 222 1
21987 222 1
22094 222 1
22170 222 1
22291 222 1
22365 222 1
22410 222 1
22502 222 1
22521 222 1
22555 222 1
22556 222 1
22627 222 1
22770 222 1
22832 222 1
22968 222 1
22995 222 1
22999 222 1
23006 222 1
23039 222 1
23062 222 1
23113 222 1
23158 222 1
23205 222 1
23303 222 1
23311 222 1
23499 222 1
23530 222 1
23542 222 1
23559 222 1
23578 222 1
23661 222 1
23682 222 1
23694 222 1
23738 222 1
23758 222 1
23809 222 1
23810 222 1
23911 222 1
23935 222 1
23944 222 1
23967 222 1
24053 222 1
24076 222 1
24109 222 1
24181 222 1
24204 222 1
24240 222 1
24269 222 1
24318 222 1
24339 222 1
24352 222 1
24382 222 1
24408 222 1
24496 222 1
24567 222 1
24797 222 1
24830 222 1
24851 222 1
24852 222 1
24859 222 1
24862 222 1
24866 222 1
24875 222 1
24877 222 1
24879 222 1
24917 222 1
24973 222 1
24974 222 1
25048 222 1
25054 222 1
25287 222 1
25354 222 1
25370 222 1
25410 222 1
25423 222 1
25464 222 1
25465 222 1
25466 222 1
25467 222 1
25468 222 1
25469 222 1
25470 222 1
25471 222 1
25472 222 1
25473 222 1
25474 222 1
25475 222 1
25476 222 1
25477 222 1
25478 222 1
25479 222 1
25480 222 1
25481 222 1
25482 222 1
25483 222 1
25484 222 1
25485 222 1
25486 222 1
25487 222 1
25488 222 1
25489 222 1
25490 222 1
25491 222 1
25492 222 1
25493 222 1
25494 222 1
25495 222 1
25496 222 1
25497 222 1
25498 222 1
25499 222 1
25500 222 1
25501 222 1
25502 222 1
25503 222 1
25504 222 1
25505 222 1
25506 222 1
25507 222 1
25508 222 1
25509 222 1
25510 222 1
25511 222 1
228 223 1
229 223 1
241 223 1
254 223 1
276 223 1
297 223 1
306 223 1
325 223 1
333 223 1
336 223 1
359 223 1
360 223 1
404 223 1
455 223 1
472 223 1
516 223 1
526 223 1
531 223 1
563 223 1
569 223 1
571 223 1
612 223 1
661 223 1
697 223 1
711 223 1
733 223 1
736 223 1
771 223 1
783 223 1
799 223 1
810 223 1
816 223 1
851 223 1
894 223 1
901 223 1
940 223 1
993 223 1
1073 223 1
1136 223 1
1141 223 1
1303 223 1
1376 223 1
1379 223 1
1487 223 1
1513 223 1
1517 223 1
1525 223 1
1575 223 1
1581 223 1
1619 223 1
1693 223 1
1873 223 1
2005 223 1
2031 223 1
2054 223 1
2199 223 1
2276 223 1
2337 223 1
2339 223 1
2343 223 1
2354 223 1
2403 223 1
2412 223 1
2435 223 1
2491 223 1
2560 223 1
2606 223 1
2633 223 1
2638 223 1
2656 223 1
2704 223 1
2722 223 1
2723 223 1
2758 223 1
2763 223 1
2772 223 1
2777 223 1
2789 223 1
2791 223 1
2813 223 1
2828 223 1
2835 223 1
2851 223 1
2892 223 1
2894 223 1
2940 223 1
2941 223 1
2961 223 1
2973 223 1
3028 223 1
3034 223 1
3051 223 1
3061 223 1
3108 223 1
3118 223 1
3189 223 1
3218 223 1
3275 223 1
3290 223 1
3301 223 1
3320 223 1
3336 223 1
3340 223 1
3359 223 1
3360 223 1
3371 223 1
3378 223 1
3386 223 1
3402 223 1
3415 223 1
3547 223 1
3810 223 1
3845 223 1
3877 223 1
4038 223 1
4062 223 1
4074 223 1
4079 223 1
4275 223 1
4276 223 1
4279 223 1
4284 223 1
4285 223 1
4475 223 1
4650 223 1
4708 223 1
4799 223 1
4830 223 1
4834 223 1
4856 223 1
4954 223 1
5005 223 1
5042 223 1
5056 223 1
5063 223 1
5092 223 1
5199 223 1
5202 223 1
5205 223 1
5344 223 1
5718 223 1
5868 223 1
5870 223 1
5936 223 1
5937 223 1
5951 223 1
5993 223 1
6039 223 1
6082 223 1
6119 223 1
6190 223 1
6274 223 1
6285 223 1
6350 223 1
6462 223 1
6490 223 1
6732 223 1
6745 223 1
6772 223 1
6844 223 1
6848 223 1
6849 223 1
6923 223 1
6978 223 1
7040 223 1
7086 223 1
7111 223 1
7124 223 1
7140 223 1
7143 223 1
7209 223 1
7225 223 1
7317 223 1
7328 223 1
7353 223 1
7398 223 1
7402 223 1
7448 223 1
7449 223 1
7452 223 1
7475 223 1
7493 223 1
7561 223 1
7640 223 1
7653 223 1
7712 223 1
7773 223 1
7777 223 1
7787 223 1
7849 223 1
7883 223 1
8036 223 1
8049 223 1
8052 223 1
8062 223 1
8063 223 1
8068 223 1
8092 223 1
8121 223 1
8140 223 1
8146 223 1
8187 223 1
8260 223 1
8312 223 1
8380 223 1
8399 223 1
8408 223 1
8473 223 1
8514 223 1
8594 223 1
8601 223 1
8613 223 1
8897 223 1
8898 223 1
8899 223 1
8900 223 1
8901 223 1
8902 223 1
8903 223 1
8904 223 1
8905 223 1
8906 223 1
8907 223 1
8908 223 1
8909 223 1
8910 223 1
8911 223 1
8912 223 1
8913 223 1
8914 223 1
8915 223 1
8916 223 1
8917 223 1
8918 223 1
8919 223 1
8920 223 1
8921 223 1
8922 223 1
8923 223 1
8924 223 1
8925 223 1
8926 223 1
8927 223 1
8928 223 1
8929 223 1
8930 223 1
8931 223 1
8932 223 1
8933 223 1
8934 223 1
8935 223 1
8936 223 1
8937 223 1
8938 223 1
8939 223 1
8940 223 1
8941 223 1
8942 223 1
8943 223 1
8944 223 1
8945 223 1
8946 223 1
8947 223 1
8948 223 1
8949 223 1
8950 223 1
8951 223 1
8952 223 1
8953 223 1
8954 223 1
8955 223 1
8956 223 1
8957 223 1
8958 223 1
8959 223 1
8960 223 1
8961 223 1
8962 223 1
8963 223 1
8964 223 1
8965 223 1
8966 223 1
8967 223 1
8968 223 1
8969 223 1
8970 223 1
8971 223 1
8972 223 1
8973 223 1
8974 223 1
8975 223 1
8976 223 1
8977 223 1
8978 223 1
8979 223 1
8980 223 1
8981 223 1
8982 223 1
8983 223 1
8984 223 1
8985 223 1
8986 223 1
8987 223 1
8988 223 1
8989 223 1
8990 223 1
8991 223 1
8992 223 1
8993 223 1
8994 223 1
8995 223 1
8996 223 1
8997 223 1
8998 223 1
8999 223 1
9000 223 1
9001 223 1
9002 223 1
9003 223 1
9004 223 1
9005 223 1
9006 223 1
9007 223 1
9008 223 1
9009 223 1
9010 223 1
9011 223 1
9012 223 1
9013 223 1
9014 223 1
9015 223 1
9016 223 1
9017 223 1
9018 223 1
9019 223 1
9020 223 1
9021 223 1
9022 223 1
9023 223 1
9024 223 1
9025 223 1
9026 223 1
9027 223 1
9028 223 1
9029 223 1
9030 223 1
9031 223 1
9032 223 1
9033 223 1
9034 223 1
9035 223 1
9036 223 1
9037 223 1
9038 223 1
9039 223 1
9040 223 1
9041 223 1
9042 223 1
9043 223 1
9044 223 1
9045 223 1
9046 223 1
9047 223 1
9048 223 1
9049 223 1
9050 223 1
9051 223 1
9052 223 1
9053 223 1
9054 223 1
9055 223 1
9056 223 1
9057 223 1
9058 223 1
9059 223 1
9060 223 1
9061 223 1
9062 223 1
9063 223 1
9064 223 1
9065 223 1
9066 223 1
9067 223 1
9068 223 1
9069 223 1
9070 223 1
9071 223 1
9072 223 1
9073 223 1
9074 223 1
9075 223 1
9076 223 1
9077 223 1
9078 223 1
9079 223 1
9080 223 1
9081 223 1
9082 223 1
9083 223 1
9084 223 1
9085 223 1
9086 223 1
9087 223 1
9088 223 1
9089 223 1
9090 223 1
9091 223 1
9092 223 1
9093 223 1
9094 223 1
9095 223 1
9096 223 1
9097 223 1
9098 223 1
9099 223 1
9100 223 1
9101 223 1
9102 223 1
9103 223 1
9104 223 1
9105 223 1
9106 223 1
9107 223 1
9108 223 1
9109 223 1
9110 223 1
9111 223 1
9112 223 1
9113 223 1
9114 223 1
9115 223 1
9116 223 1
9117 223 1
9118 223 1
9119 223 1
9120 223 1
9121 223 1
9122 223 1
9123 223 1
9124 223 1
9125 223 1
9126 223 1
9127 223 1
9128 223 1
9129 223 1
9130 223 1
9131 223 1
9132 223 1
9133 223 1
9134 223 1
9135 223 1
9136 223 1
9137 223 1
9138 223 1
9139 223 1
9140 223 1
9141 223 1
9142 223 1
9143 223 1
9144 223 1
9145 223 1
9146 223 1
9147 223 1
9148 223 1
9149 223 1
9150 223 1
9151 223 1
9152 223 1
9153 223 1
9154 223 1
9155 223 1
9156 223 1
9157 223 1
9158 223 1
9159 223 1
9160 223 1
9161 223 1
9162 223 1
9163 223 1
9164 223 1
9165 223 1
9166 223 1
9167 223 1
225 224 1
350 225 1
612 225 1
659 225 1
732 225 1
3178 225 1
9216 225 1
11397 225 1
11553 225 1
11900 225 1
13265 225 1
13912 225 1
14190 225 1
14529 225 1
16568 225 1
16893 225 1
17102 225 1
18000 225 1
18601 225 1
18767 225 1
19129 225 1
19318 225 1
19319 225 1
19320 225 1
19321 225 1
19322 225 1
19323 225 1
19324 225 1
19325 225 1
19326 225 1
19327 225 1
19328 225 1
19329 225 1
19330 225 1
19331 225 1
19332 225 1
19333 225 1
19334 225 1
19335 225 1
19336 225 1
19337 225 1
19338 225 1
19339 225 1
19340 225 1
19341 225 1
19342 225 1
19343 225 1
19344 225 1
19345 225 1
19346 225 1
19347 225 1
19348 225 1
19349 225 1
19350 225 1
19351 225 1
19352 225 1
19353 225 1
19354 225 1
19355 225 1
19356 225 1
19357 225 1
227 226 1
692 227 1
10985 227 1
13018 227 1
14400 227 1
15613 227 1
16339 227 1
16340 227 1
16341 227 1
16342 227 1
229 228 1
232 229 1
233 229 1
235 229 1
237 229 1
270 229 1
275 229 1
284 229 1
291 229 1
301 229 1
303 229 1
305 229 1
306 229 1
318 229 1
325 229 1
330 229 1
338 229 1
357 229 1
359 229 1
360 229 1
376 229 1
399 229 1
405 229 1
437 229 1
438 229 1
440 229 1
451 229 1
455 229 1
531 229 1
535 229 1
536 229 1
540 229 1
562 229 1
563 229 1
568 229 1
569 229 1
571 229 1
612 229 1
638 229 1
647 229 1
654 229 1
679 229 1
709 229 1
710 229 1
719 229 1
729 229 1
732 229 1
733 229 1
736 229 1
749 229 1
771 229 1
772 229 1
783 229 1
786 229 1
789 229 1
798 229 1
799 229 1
801 229 1
802 229 1
810 229 1
814 229 1
816 229 1
820 229 1
824 229 1
827 229 1
832 229 1
844 229 1
851 229 1
858 229 1
868 229 1
899 229 1
967 229 1
969 229 1
971 229 1
984 229 1
993 229 1
995 229 1
1014 229 1
1052 229 1
1072 229 1
1084 229 1
1087 229 1
1101 229 1
1104 229 1
1110 229 1
1119 229 1
1126 229 1
1143 229 1
1170 229 1
1175 229 1
1182 229 1
1186 229 1
1191 229 1
1225 229 1
1268 229 1
1271 229 1
1273 229 1
1281 229 1
1299 229 1
1303 229 1
1326 229 1
1353 229 1
1364 229 1
1407 229 1
1413 229 1
1450 229 1
1460 229 1
1462 229 1
1468 229 1
1480 229 1
1487 229 1
1489 229 1
1527 229 1
1528 229 1
1536 229 1
1549 229 1
1552 229 1
1563 229 1
1575 229 1
1581 229 1
1611 229 1
1614 229 1
1617 229 1
1693 229 1
1922 229 1
1932 229 1
1952 229 1
2004 229 1
2005 229 1
2019 229 1
2038 229 1
2050 229 1
2052 229 1
2055 229 1
2056 229 1
2059 229 1
2069 229 1
2086 229 1
2134 229 1
2143 229 1
2144 229 1
2150 229 1
2175 229 1
2176 229 1
2199 229 1
2206 229 1
2236 229 1
2267 229 1
2273 229 1
2276 229 1
2312 229 1
2333 229 1
2337 229 1
2339 229 1
2343 229 1
2354 229 1
2378 229 1
2380 229 1
2415 229 1
2417 229 1
2426 229 1
2438 229 1
2448 229 1
2457 229 1
2473 229 1
2478 229 1
2491 229 1
2526 229 1
2530 229 1
2539 229 1
2565 229 1
2566 229 1
2574 229 1
2576 229 1
2593 229 1
2606 229 1
2633 229 1
2634 229 1
2642 229 1
2643 229 1
2646 229 1
2649 229 1
2653 229 1
2661 229 1
2684 229 1
2688 229 1
2695 229 1
2704 229 1
2709 229 1
2710 229 1
2718 229 1
2722 229 1
2723 229 1
2730 229 1
2752 229 1
2758 229 1
2762 229 1
2767 229 1
2769 229 1
2772 229 1
2775 229 1
2781 229 1
2786 229 1
2792 229 1
2801 229 1
2803 229 1
2819 229 1
2821 229 1
2823 229 1
2848 229 1
2855 229 1
2857 229 1
2861 229 1
2873 229 1
2878 229 1
2880 229 1
2882 229 1
2888 229 1
2892 229 1
2894 229 1
2899 229 1
2929 229 1
2932 229 1
2941 229 1
2966 229 1
2970 229 1
2976 229 1
3014 229 1
3027 229 1
3034 229 1
3045 229 1
3050 229 1
3057 229 1
3061 229 1
3065 229 1
3079 229 1
3083 229 1
3102 229 1
3107 229 1
3114 229 1
3118 229 1
3126 229 1
3164 229 1
3180 229 1
3209 229 1
3216 229 1
3232 229 1
3235 229 1
3254 229 1
3261 229 1
3264 229 1
3266 229 1
3275 229 1
3281 229 1
3312 229 1
3319 229 1
3329 229 1
3342 229 1
3366 229 1
3373 229 1
3397 229 1
3410 229 1
3448 229 1
3463 229 1
3532 229 1
3547 229 1
3555 229 1
3575 229 1
3576 229 1
3595 229 1
3599 229 1
3622 229 1
3642 229 1
3648 229 1
3678 229 1
3694 229 1
3696 229 1
3755 229 1
3788 229 1
3793 229 1
3844 229 1
3877 229 1
3918 229 1
3924 229 1
3928 229 1
3933 229 1
3960 229 1
3969 229 1
4008 229 1
4029 229 1
4045 229 1
4048 229 1
4060 229 1
4074 229 1
4079 229 1
4104 229 1
4107 229 1
4146 229 1
4149 229 1
4166 229 1
4167 229 1
4176 229 1
4203 229 1
4207 229 1
4225 229 1
4226 229 1
4231 229 1
4249 229 1
4272 229 1
4273 229 1
4289 229 1
4293 229 1
4353 229 1
4381 229 1
4382 229 1
4391 229 1
4428 229 1
4475 229 1
4487 229 1
4518 229 1
4555 229 1
4615 229 1
4617 229 1
4649 229 1
4659 229 1
4664 229 1
4687 229 1
4689 229 1
4744 229 1
4751 229 1
4753 229 1
4767 229 1
4780 229 1
4787 229 1
4834 229 1
4839 229 1
4843 229 1
4856 229 1
4860 229 1
4962 229 1
4969 229 1
4991 229 1
4995 229 1
5006 229 1
5016 229 1
5042 229 1
5049 229 1
5053 229 1
5056 229 1
5063 229 1
5122 229 1
5171 229 1
5180 229 1
5193 229 1
5240 229 1
5259 229 1
5261 229 1
5274 229 1
5300 229 1
5310 229 1
5340 229 1
5342 229 1
5361 229 1
5371 229 1
5379 229 1
5394 229 1
5407 229 1
5426 229 1
5436 229 1
5723 229 1
5829 229 1
5851 229 1
5857 229 1
5870 229 1
5876 229 1
5917 229 1
5941 229 1
5967 229 1
5983 229 1
6086 229 1
6109 229 1
6141 229 1
6150 229 1
6157 229 1
6168 229 1
6219 229 1
6225 229 1
6229 229 1
6232 229 1
6252 229 1
6304 229 1
6307 229 1
6310 229 1
6401 229 1
6417 229 1
6425 229 1
6479 229 1
6487 229 1
6491 229 1
6500 229 1
6501 229 1
6504 229 1
6520 229 1
6550 229 1
6554 229 1
6639 229 1
6642 229 1
6645 229 1
6656 229 1
6663 229 1
6665 229 1
6674 229 1
6681 229 1
6683 229 1
6688 229 1
6689 229 1
6693 229 1
6695 229 1
6700 229 1
6702 229 1
6706 229 1
6709 229 1
6710 229 1
6711 229 1
6721 229 1
6724 229 1
6730 229 1
6741 229 1
6753 229 1
6754 229 1
6758 229 1
6766 229 1
6776 229 1
6779 229 1
6782 229 1
6785 229 1
6787 229 1
6798 229 1
6809 229 1
6811 229 1
6812 229 1
6813 229 1
6819 229 1
6843 229 1
6848 229 1
6851 229 1
6852 229 1
6855 229 1
6857 229 1
6862 229 1
6868 229 1
6883 229 1
6889 229 1
6905 229 1
6914 229 1
6918 229 1
6923 229 1
6931 229 1
6934 229 1
6937 229 1
6944 229 1
6947 229 1
6956 229 1
6957 229 1
6983 229 1
6985 229 1
6993 229 1
6996 229 1
7009 229 1
7010 229 1
7012 229 1
7028 229 1
7050 229 1
7053 229 1
7057 229 1
7063 229 1
7073 229 1
7079 229 1
7085 229 1
7101 229 1
7102 229 1
7110 229 1
7121 229 1
7139 229 1
7141 229 1
7144 229 1
7165 229 1
7177 229 1
7179 229 1
7182 229 1
7186 229 1
7193 229 1
7200 229 1
7203 229 1
7211 229 1
7217 229 1
7226 229 1
7237 229 1
7238 229 1
7241 229 1
7245 229 1
7249 229 1
7256 229 1
7263 229 1
7265 229 1
7269 229 1
7270 229 1
7276 229 1
7282 229 1
7289 229 1
7294 229 1
7300 229 1
7309 229 1
7321 229 1
7329 229 1
7330 229 1
7336 229 1
7346 229 1
7362 229 1
7369 229 1
7373 229 1
7386 229 1
7398 229 1
7402 229 1
7407 229 1
7415 229 1
7419 229 1
7422 229 1
7439 229 1
7441 229 1
7443 229 1
7452 229 1
7458 229 1
7460 229 1
7473 229 1
7483 229 1
7502 229 1
7516 229 1
7518 229 1
7519 229 1
7526 229 1
7527 229 1
7541 229 1
7544 229 1
7555 229 1
7558 229 1
7560 229 1
7561 229 1
7566 229 1
7569 229 1
7578 229 1
7598 229 1
7603 229 1
7608 229 1
7615 229 1
7622 229 1
7654 229 1
7659 229 1
7665 229 1
7668 229 1
7704 229 1
7710 229 1
7723 229 1
7727 229 1
7732 229 1
7736 229 1
7764 229 1
7781 229 1
7790 229 1
7791 229 1
7794 229 1
7801 229 1
7803 229 1
7816 229 1
7869 229 1
7876 229 1
7897 229 1
7901 229 1
7933 229 1
7936 229 1
7943 229 1
7947 229 1
7955 229 1
7963 229 1
7971 229 1
7983 229 1
8001 229 1
8002 229 1
8015 229 1
8048 229 1
8053 229 1
8059 229 1
8066 229 1
8071 229 1
8072 229 1
8083 229 1
8088 229 1
8093 229 1
8096 229 1
8100 229 1
8103 229 1
8104 229 1
8105 229 1
8109 229 1
8111 229 1
8124 229 1
8126 229 1
8142 229 1
8150 229 1
8158 229 1
8174 229 1
8175 229 1
8176 229 1
8180 229 1
8183 229 1
8185 229 1
8199 229 1
8206 229 1
8219 229 1
8222 229 1
8226 229 1
8227 229 1
8232 229 1
8255 229 1
8260 229 1
8271 229 1
8274 229 1
8286 229 1
8297 229 1
8301 229 1
8302 229 1
8311 229 1
8321 229 1
8341 229 1
8365 229 1
8366 229 1
8378 229 1
8379 229 1
8381 229 1
8401 229 1
8409 229 1
8411 229 1
8421 229 1
8441 229 1
8446 229 1
8461 229 1
8471 229 1
8474 229 1
8475 229 1
8490 229 1
8491 229 1
8493 229 1
8497 229 1
8533 229 1
8534 229 1
8545 229 1
8547 229 1
8552 229 1
8557 229 1
8560 229 1
8565 229 1
8566 229 1
8582 229 1
8586 229 1
8587 229 1
8588 229 1
8595 229 1
8604 229 1
8605 229 1
8607 229 1
8624 229 1
8648 229 1
8675 229 1
8678 229 1
8687 229 1
8718 229 1
8724 229 1
8729 229 1
8767 229 1
8773 229 1
8788 229 1
8807 229 1
8825 229 1
8907 229 1
8908 229 1
8971 229 1
8977 229 1
8979 229 1
9009 229 1
9012 229 1
9031 229 1
9035 229 1
9049 229 1
9052 229 1
9083 229 1
9095 229 1
9097 229 1
9105 229 1
9107 229 1
9128 229 1
9129 229 1
9148 229 1
9166 229 1
9188 229 1
9201 229 1
9202 229 1
9234 229 1
9308 229 1
9387 229 1
9389 229 1
9481 229 1
9500 229 1
9519 229 1
9534 229 1
9545 229 1
9547 229 1
9566 229 1
9569 229 1
9648 229 1
9710 229 1
9724 229 1
9742 229 1
9763 229 1
9875 229 1
9898 229 1
9951 229 1
9999 229 1
10030 229 1
10088 229 1
10128 229 1
10129 229 1
10130 229 1
10157 229 1
10180 229 1
10214 229 1
10225 229 1
10246 229 1
10247 229 1
10267 229 1
10268 229 1
10271 229 1
10273 229 1
10274 229 1
10291 229 1
10292 229 1
10294 229 1
10324 229 1
10343 229 1
10360 229 1
10387 229 1
10399 229 1
10420 229 1
10444 229 1
10473 229 1
10476 229 1
10491 229 1
10498 229 1
10533 229 1
10559 229 1
10575 229 1
10578 229 1
10614 229 1
10635 229 1
10642 229 1
10655 229 1
10665 229 1
10682 229 1
10726 229 1
10727 229 1
10730 229 1
10735 229 1
10736 229 1
10745 229 1
10761 229 1
10769 229 1
10776 229 1
10798 229 1
10810 229 1
10823 229 1
10829 229 1
10835 229 1
10862 229 1
10873 229 1
10887 229 1
10907 229 1
10908 229 1
10921 229 1
10929 229 1
10935 229 1
10986 229 1
11034 229 1
11042 229 1
11085 229 1
11145 229 1
11146 229 1
11218 229 1
11297 229 1
11351 229 1
11352 229 1
11354 229 1
11362 229 1
11380 229 1
11405 229 1
11426 229 1
11436 229 1
11437 229 1
11459 229 1
11460 229 1
11461 229 1
11493 229 1
11507 229 1
11514 229 1
11516 229 1
11520 229 1
11609 229 1
11646 229 1
11648 229 1
11679 229 1
11680 229 1
11685 229 1
11717 229 1
11723 229 1
11730 229 1
11731 229 1
11747 229 1
11753 229 1
11756 229 1
11762 229 1
11777 229 1
11831 229 1
11894 229 1
11898 229 1
11955 229 1
11957 229 1
11971 229 1
11973 229 1
11975 229 1
11978 229 1
12012 229 1
12045 229 1
12046 229 1
12057 229 1
12101 229 1
12105 229 1
12112 229 1
12119 229 1
12140 229 1
12146 229 1
12167 229 1
12183 229 1
12196 229 1
12213 229 1
12228 229 1
12234 229 1
12236 229 1
12251 229 1
12261 229 1
12269 229 1
12301 229 1
12306 229 1
12315 229 1
12322 229 1
12325 229 1
12345 229 1
12393 229 1
12396 229 1
12397 229 1
12404 229 1
12411 229 1
12427 229 1
12431 229 1
12457 229 1
12478 229 1
12479 229 1
12523 229 1
12553 229 1
12637 229 1
12642 229 1
12679 229 1
12690 229 1
12700 229 1
12714 229 1
12724 229 1
12731 229 1
12825 229 1
12865 229 1
12895 229 1
12964 229 1
12968 229 1
12970 229 1
12976 229 1
12980 229 1
12996 229 1
13026 229 1
13063 229 1
13079 229 1
13103 229 1
13114 229 1
13156 229 1
13248 229 1
13274 229 1
13294 229 1
13302 229 1
13308 229 1
13323 229 1
13379 229 1
13391 229 1
13459 229 1
13510 229 1
13539 229 1
13561 229 1
13566 229 1
13571 229 1
13610 229 1
13632 229 1
13639 229 1
13644 229 1
13671 229 1
13711 229 1
13714 229 1
13741 229 1
13767 229 1
13798 229 1
13809 229 1
13877 229 1
13893 229 1
13908 229 1
13958 229 1
13980 229 1
13984 229 1
14012 229 1
14013 229 1
14023 229 1
14027 229 1
14044 229 1
14054 229 1
14061 229 1
14143 229 1
14159 229 1
14160 229 1
14171 229 1
14177 229 1
14201 229 1
14311 229 1
14340 229 1
14362 229 1
14373 229 1
14407 229 1
14441 229 1
14459 229 1
14499 229 1
14501 229 1
14506 229 1
14517 229 1
14552 229 1
14560 229 1
14565 229 1
14573 229 1
14582 229 1
14631 229 1
14643 229 1
14648 229 1
14665 229 1
14676 229 1
14699 229 1
14716 229 1
14759 229 1
14820 229 1
14847 229 1
14860 229 1
14879 229 1
14883 229 1
14940 229 1
14979 229 1
14982 229 1
15026 229 1
15037 229 1
15045 229 1
15090 229 1
15094 229 1
15099 229 1
15157 229 1
15207 229 1
15269 229 1
15301 229 1
15365 229 1
15430 229 1
15467 229 1
15473 229 1
15475 229 1
15530 229 1
15635 229 1
15670 229 1
15693 229 1
15765 229 1
15769 229 1
15772 229 1
15782 229 1
15810 229 1
15815 229 1
15846 229 1
15853 229 1
15858 229 1
15919 229 1
15964 229 1
15992 229 1
16072 229 1
16074 229 1
16075 229 1
16120 229 1
16183 229 1
16187 229 1
16243 229 1
16245 229 1
16248 229 1
16292 229 1
16314 229 1
16317 229 1
16374 229 1
16424 229 1
16477 229 1
16527 229 1
16538 229 1
16572 229 1
16585 229 1
16593 229 1
16610 229 1
16631 229 1
16638 229 1
16656 229 1
16658 229 1
16683 229 1
16688 229 1
16694 229 1
16696 229 1
16700 229 1
16702 229 1
16709 229 1
16737 229 1
16758 229 1
16769 229 1
16771 229 1
16782 229 1
16799 229 1
16800 229 1
16815 229 1
16829 229 1
16847 229 1
16865 229 1
16866 229 1
16914 229 1
16923 229 1
16933 229 1
16943 229 1
16945 229 1
16957 229 1
16998 229 1
17012 229 1
17019 229 1
17023 229 1
17027 229 1
17040 229 1
17043 229 1
17074 229 1
17093 229 1
17152 229 1
17158 229 1
17172 229 1
17207 229 1
17209 229 1
17211 229 1
17228 229 1
17234 229 1
17235 229 1
17239 229 1
17246 229 1
17269 229 1
17270 229 1
17275 229 1
17292 229 1
17298 229 1
17304 229 1
17307 229 1
17309 229 1
17310 229 1
17313 229 1
17337 229 1
17344 229 1
17345 229 1
17351 229 1
17356 229 1
17361 229 1
17363 229 1
17364 229 1
17368 229 1
17372 229 1
17376 229 1
17391 229 1
17402 229 1
17404 229 1
17405 229 1
17412 229 1
17418 229 1
17439 229 1
17460 229 1
17476 229 1
17480 229 1
17488 229 1
17496 229 1
17510 229 1
17511 229 1
17515 229 1
17517 229 1
17519 229 1
17525 229 1
17531 229 1
17536 229 1
17540 229 1
17546 229 1
17549 229 1
17564 229 1
17585 229 1
17592 229 1
17601 229 1
17610 229 1
17621 229 1
17623 229 1
17627 229 1
17638 229 1
17660 229 1
17668 229 1
17682 229 1
17689 229 1
17696 229 1
17700 229 1
17709 229 1
17773 229 1
17783 229 1
17787 229 1
17791 229 1
17813 229 1
17844 229 1
17909 229 1
18007 229 1
18021 229 1
18025 229 1
18041 229 1
18049 229 1
18236 229 1
18287 229 1
18291 229 1
18296 229 1
18331 229 1
18382 229 1
18397 229 1
18402 229 1
18431 229 1
18458 229 1
18471 229 1
18478 229 1
18490 229 1
18563 229 1
18576 229 1
18588 229 1
18620 229 1
18621 229 1
18636 229 1
18814 229 1
18816 229 1
18829 229 1
18844 229 1
18847 229 1
18919 229 1
18920 229 1
18959 229 1
18971 229 1
18986 229 1
18990 229 1
19016 229 1
19020 229 1
19024 229 1
19033 229 1
19052 229 1
19082 229 1
19116 229 1
19149 229 1
19183 229 1
19206 229 1
19239 229 1
19241 229 1
19252 229 1
19282 229 1
19299 229 1
19311 229 1
19313 229 1
19361 229 1
19363 229 1
19367 229 1
19368 229 1
19463 229 1
19472 229 1
19492 229 1
19534 229 1
19540 229 1
19573 229 1
19589 229 1
19607 229 1
19659 229 1
19731 229 1
19733 229 1
19760 229 1
19768 229 1
19771 229 1
19780 229 1
19822 229 1
19830 229 1
19836 229 1
19840 229 1
19894 229 1
19938 229 1
19940 229 1
19944 229 1
19963 229 1
19967 229 1
20124 229 1
20135 229 1
20142 229 1
20144 229 1
20150 229 1
20178 229 1
20219 229 1
20248 229 1
20323 229 1
20428 229 1
20430 229 1
20434 229 1
20530 229 1
20531 229 1
20571 229 1
20623 229 1
20632 229 1
20672 229 1
20674 229 1
20676 229 1
20680 229 1
20696 229 1
20700 229 1
20704 229 1
20748 229 1
20813 229 1
20831 229 1
20844 229 1
20877 229 1
20879 229 1
20897 229 1
20900 229 1
20901 229 1
20916 229 1
20939 229 1
20942 229 1
21054 229 1
21068 229 1
21106 229 1
21173 229 1
21174 229 1
21219 229 1
21226 229 1
21262 229 1
21288 229 1
21309 229 1
21315 229 1
21343 229 1
21344 229 1
21367 229 1
21384 229 1
21406 229 1
21411 229 1
21428 229 1
21443 229 1
21453 229 1
21465 229 1
21474 229 1
21581 229 1
21600 229 1
21606 229 1
21610 229 1
21684 229 1
21757 229 1
21761 229 1
21877 229 1
21982 229 1
21986 229 1
22029 229 1
22048 229 1
22074 229 1
22077 229 1
22094 229 1
22107 229 1
22110 229 1
22189 229 1
22332 229 1
22347 229 1
22361 229 1
22364 229 1
22419 229 1
22422 229 1
22450 229 1
22467 229 1
22468 229 1
22513 229 1
22521 229 1
22539 229 1
22568 229 1
22581 229 1
22584 229 1
22587 229 1
22611 229 1
22625 229 1
22627 229 1
22635 229 1
22648 229 1
22655 229 1
22658 229 1
22664 229 1
22665 229 1
22666 229 1
22670 229 1
22671 229 1
22682 229 1
22720 229 1
22722 229 1
22735 229 1
22748 229 1
22775 229 1
22776 229 1
22781 229 1
22863 229 1
22869 229 1
22885 229 1
22906 229 1
22938 229 1
22973 229 1
22985 229 1
23003 229 1
23007 229 1
23011 229 1
23029 229 1
23033 229 1
23059 229 1
23064 229 1
23067 229 1
23073 229 1
23126 229 1
23128 229 1
23135 229 1
23152 229 1
23177 229 1
23178 229 1
23183 229 1
23190 229 1
23202 229 1
23204 229 1
23209 229 1
23225 229 1
23257 229 1
23264 229 1
23351 229 1
23355 229 1
23378 229 1
23381 229 1
23398 229 1
23400 229 1
23413 229 1
23415 229 1
23423 229 1
23475 229 1
23476 229 1
23477 229 1
23478 229 1
23479 229 1
23480 229 1
23481 229 1
23482 229 1
23483 229 1
23484 229 1
23485 229 1
23486 229 1
23487 229 1
23488 229 1
23489 229 1
23490 229 1
23491 229 1
23492 229 1
23493 229 1
23494 229 1
23495 229 1
23496 229 1
23497 229 1
23498 229 1
23499 229 1
23500 229 1
23501 229 1
23502 229 1
23503 229 1
23504 229 1
23505 229 1
23506 229 1
23507 229 1
23508 229 1
23509 229 1
23510 229 1
23511 229 1
23512 229 1
23513 229 1
23514 229 1
23515 229 1
23516 229 1
23517 229 1
23518 229 1
23519 229 1
23520 229 1
23521 229 1
23522 229 1
23523 229 1
23524 229 1
23525 229 1
23526 229 1
23527 229 1
23528 229 1
23529 229 1
23530 229 1
23531 229 1
23532 229 1
23533 229 1
23534 229 1
23535 229 1
23536 229 1
23537 229 1
23538 229 1
23539 229 1
23540 229 1
23541 229 1
23542 229 1
23543 229 1
23544 229 1
23545 229 1
23546 229 1
23547 229 1
23548 229 1
23549 229 1
23550 229 1
23551 229 1
23552 229 1
23553 229 1
23554 229 1
23555 229 1
23556 229 1
23557 229 1
23558 229 1
23559 229 1
23560 229 1
23561 229 1
23562 229 1
23563 229 1
23564 229 1
23565 229 1
23566 229 1
23567 229 1
23568 229 1
23569 229 1
23570 229 1
23571 229 1
23572 229 1
23573 229 1
23574 229 1
23575 229 1
23576 229 1
23577 229 1
23578 229 1
23579 229 1
23580 229 1
23581 229 1
23582 229 1
23583 229 1
23584 229 1
23585 229 1
23586 229 1
23587 229 1
23588 229 1
23589 229 1
23590 229 1
23591 229 1
23592 229 1
23593 229 1
23594 229 1
23595 229 1
23596 229 1
23597 229 1
23598 229 1
23599 229 1
23600 229 1
23601 229 1
23602 229 1
23603 229 1
23604 229 1
23605 229 1
23606 229 1
23607 229 1
23608 229 1
23609 229 1
23610 229 1
23611 229 1
23612 229 1
23613 229 1
23614 229 1
23615 229 1
23616 229 1
23617 229 1
23618 229 1
23619 229 1
23620 229 1
23621 229 1
23622 229 1
23623 229 1
23624 229 1
23625 229 1
23626 229 1
23627 229 1
23628 229 1
23629 229 1
23630 229 1
23631 229 1
23632 229 1
23633 229 1
23634 229 1
23635 229 1
23636 229 1
23637 229 1
23638 229 1
23639 229 1
23640 229 1
23641 229 1
23642 229 1
23643 229 1
23644 229 1
23645 229 1
23646 229 1
23647 229 1
23648 229 1
23649 229 1
23650 229 1
23651 229 1
23652 229 1
23653 229 1
23654 229 1
23655 229 1
23656 229 1
23657 229 1
23658 229 1
23659 229 1
23660 229 1
23661 229 1
23662 229 1
23663 229 1
23664 229 1
23665 229 1
23666 229 1
23667 229 1
23668 229 1
23669 229 1
23670 229 1
23671 229 1
23672 229 1
23673 229 1
23674 229 1
23675 229 1
23676 229 1
23677 229 1
23678 229 1
23679 229 1
23680 229 1
23681 229 1
23682 229 1
23683 229 1
23684 229 1
23685 229 1
23686 229 1
23687 229 1
23688 229 1
23689 229 1
23690 229 1
23691 229 1
23692 229 1
23693 229 1
23694 229 1
23695 229 1
23696 229 1
23697 229 1
23698 229 1
23699 229 1
23700 229 1
23701 229 1
23702 229 1
23703 229 1
23704 229 1
23705 229 1
23706 229 1
23707 229 1
23708 229 1
23709 229 1
23710 229 1
23711 229 1
23712 229 1
23713 229 1
23714 229 1
23715 229 1
23716 229 1
23717 229 1
23718 229 1
23719 229 1
23720 229 1
23721 229 1
23722 229 1
23723 229 1
23724 229 1
23725 229 1
23726 229 1
23727 229 1
23728 229 1
23729 229 1
23730 229 1
23731 229 1
23732 229 1
23733 229 1
23734 229 1
23735 229 1
23736 229 1
23737 229 1
23738 229 1
23739 229 1
23740 229 1
23741 229 1
23742 229 1
23743 229 1
23744 229 1
23745 229 1
23746 229 1
23747 229 1
23748 229 1
23749 229 1
231 230 1
232 230 1
11538 231 1
13057 231 1
13141 231 1
13359 231 1
235 232 1
236 232 1
333 232 1
343 232 1
411 232 1
440 232 1
451 232 1
455 232 1
504 232 1
567 232 1
638 232 1
666 232 1
668 232 1
670 232 1
733 232 1
810 232 1
818 232 1
832 232 1
849 232 1
855 232 1
896 232 1
913 232 1
947 232 1
948 232 1
1016 232 1
1030 232 1
1167 232 1
1299 232 1
1300 232 1
1301 232 1
1302 232 1
1303 232 1
1304 232 1
1305 232 1
1306 232 1
1307 232 1
1308 232 1
1309 232 1
1310 232 1
1311 232 1
1312 232 1
1313 232 1
1314 232 1
1315 232 1
1316 232 1
1317 232 1
1318 232 1
1319 232 1
1320 232 1
1321 232 1
1322 232 1
1323 232 1
1324 232 1
1325 232 1
1326 232 1
1327 232 1
1328 232 1
1329 232 1
1330 232 1
1331 232 1
1332 232 1
1333 232 1
1334 232 1
1335 232 1
1336 232 1
1337 232 1
1338 232 1
1339 232 1
1340 232 1
1341 232 1
1342 232 1
1343 232 1
1344 232 1
1345 232 1
1346 232 1
1347 232 1
1348 232 1
1349 232 1
1350 232 1
1351 232 1
1352 232 1
1353 232 1
1354 232 1
1355 232 1
1356 232 1
1357 232 1
1358 232 1
1359 232 1
1360 232 1
1361 232 1
1362 232 1
1363 232 1
1364 232 1
1365 232 1
1366 232 1
1367 232 1
1368 232 1
1369 232 1
1370 232 1
1371 232 1
1372 232 1
1373 232 1
1374 232 1
1375 232 1
1376 232 1
1377 232 1
1378 232 1
1379 232 1
1380 232 1
1381 232 1
1382 232 1
1383 232 1
1384 232 1
1385 232 1
1386 232 1
1387 232 1
1388 232 1
1389 232 1
1390 232 1
1391 232 1
1392 232 1
1393 232 1
1394 232 1
1395 232 1
1396 232 1
1397 232 1
1398 232 1
1399 232 1
1400 232 1
1401 232 1
1402 232 1
1403 232 1
1404 232 1
1405 232 1
1406 232 1
1407 232 1
1408 232 1
1409 232 1
1410 232 1
1411 232 1
1412 232 1
1413 232 1
1414 232 1
1415 232 1
1416 232 1
1417 232 1
1418 232 1
1419 232 1
1420 232 1
1421 232 1
1422 232 1
1423 232 1
1424 232 1
1425 232 1
1426 232 1
1427 232 1
1428 232 1
1429 232 1
1430 232 1
1431 232 1
1432 232 1
1433 232 1
1434 232 1
1435 232 1
1436 232 1
1437 232 1
1438 232 1
1439 232 1
1440 232 1
1441 232 1
1442 232 1
1443 232 1
1444 232 1
1445 232 1
1446 232 1
1447 232 1
1448 232 1
1449 232 1
1450 232 1
1451 232 1
1452 232 1
1453 232 1
1454 232 1
1455 232 1
1456 232 1
1457 232 1
1458 232 1
1459 232 1
1460 232 1
1461 232 1
1462 232 1
1463 232 1
1464 232 1
1465 232 1
1466 232 1
1467 232 1
1468 232 1
1469 232 1
1470 232 1
1471 232 1
1472 232 1
1473 232 1
1474 232 1
1475 232 1
1476 232 1
1477 232 1
1478 232 1
1479 232 1
1480 232 1
1481 232 1
1482 232 1
235 234 1
236 234 1
276 235 1
333 235 1
336 235 1
407 235 1
440 235 1
455 235 1
504 235 1
531 235 1
571 235 1
644 235 1
665 235 1
689 235 1
733 235 1
773 235 1
774 235 1
798 235 1
822 235 1
855 235 1
864 235 1
1125 235 1
1260 235 1
1270 235 1
1389 235 1
1409 235 1
1601 235 1
2196 235 1
2400 235 1
2577 235 1
2649 235 1
3390 235 1
3578 235 1
3602 235 1
3801 235 1
3874 235 1
4124 235 1
4242 235 1
4345 235 1
4701 235 1
4704 235 1
4755 235 1
4837 235 1
5170 235 1
5359 235 1
5449 235 1
5451 235 1
5452 235 1
5453 235 1
5454 235 1
5455 235 1
5456 235 1
5457 235 1
5458 235 1
5459 235 1
5460 235 1
5461 235 1
5464 235 1
5465 235 1
5468 235 1
5469 235 1
5470 235 1
5471 235 1
5473 235 1
5475 235 1
5476 235 1
5477 235 1
5480 235 1
5482 235 1
5483 235 1
5484 235 1
5485 235 1
5487 235 1
5488 235 1
5489 235 1
5491 235 1
5492 235 1
5495 235 1
5496 235 1
5498 235 1
5502 235 1
5504 235 1
5505 235 1
5507 235 1
5509 235 1
5510 235 1
5511 235 1
5512 235 1
5513 235 1
5514 235 1
5515 235 1
5517 235 1
5518 235 1
5519 235 1
5520 235 1
5522 235 1
5523 235 1
5524 235 1
5525 235 1
5528 235 1
5530 235 1
5534 235 1
5535 235 1
5537 235 1
5540 235 1
5541 235 1
5544 235 1
5545 235 1
5549 235 1
5554 235 1
5556 235 1
5558 235 1
5561 235 1
5563 235 1
5564 235 1
5566 235 1
5567 235 1
5568 235 1
5571 235 1
5573 235 1
5574 235 1
5575 235 1
5576 235 1
5578 235 1
5581 235 1
5583 235 1
5585 235 1
5586 235 1
5587 235 1
5588 235 1
5590 235 1
5593 235 1
5595 235 1
5597 235 1
5598 235 1
5603 235 1
5607 235 1
5608 235 1
5609 235 1
5610 235 1
5611 235 1
5613 235 1
5614 235 1
5615 235 1
5619 235 1
5620 235 1
5621 235 1
5622 235 1
5623 235 1
5624 235 1
5625 235 1
5627 235 1
5629 235 1
5632 235 1
5633 235 1
5635 235 1
5636 235 1
5637 235 1
5639 235 1
5640 235 1
5641 235 1
5643 235 1
5645 235 1
5648 235 1
5652 235 1
5653 235 1
5654 235 1
5658 235 1
5659 235 1
5661 235 1
5662 235 1
5663 235 1
5664 235 1
5666 235 1
5669 235 1
5670 235 1
5671 235 1
5672 235 1
5673 235 1
5674 235 1
5677 235 1
5678 235 1
5681 235 1
5682 235 1
5683 235 1
5684 235 1
5685 235 1
5686 235 1
5688 235 1
5689 235 1
5690 235 1
5692 235 1
5693 235 1
5703 235 1
5705 235 1
5711 235 1
5712 235 1
7023 235 1
7354 235 1
9400 235 1
9412 235 1
9421 235 1
9424 235 1
9427 235 1
9429 235 1
9436 235 1
9441 235 1
9444 235 1
9447 235 1
9450 235 1
9453 235 1
9456 235 1
9457 235 1
9460 235 1
9461 235 1
9464 235 1
9465 235 1
9466 235 1
9469 235 1
9470 235 1
9471 235 1
9473 235 1
9474 235 1
9476 235 1
9836 235 1
10241 235 1
11737 235 1
12723 235 1
13934 235 1
14435 235 1
14528 235 1
14602 235 1
14938 235 1
15229 235 1
15694 235 1
15932 235 1
16001 235 1
16094 235 1
16350 235 1
16986 235 1
18237 235 1
18580 235 1
18656 235 1
18657 235 1
18658 235 1
18659 235 1
18660 235 1
18661 235 1
18662 235 1
18663 235 1
18664 235 1
18665 235 1
18666 235 1
18667 235 1
18668 235 1
18669 235 1
18670 235 1
18671 235 1
18672 235 1
18673 235 1
18674 235 1
18675 235 1
18676 235 1
18677 235 1
18678 235 1
18679 235 1
18680 235 1
18681 235 1
18682 235 1
18683 235 1
18684 235 1
18685 235 1
18686 235 1
18687 235 1
18688 235 1
18689 235 1
18690 235 1
18691 235 1
18692 235 1
18693 235 1
18694 235 1
18695 235 1
18696 235 1
18697 235 1
18698 235 1
18699 235 1
18700 235 1
18701 235 1
18702 235 1
18703 235 1
18704 235 1
18705 235 1
18706 235 1
18707 235 1
18708 235 1
18709 235 1
18710 235 1
18711 235 1
18712 235 1
276 236 1
306 236 1
411 236 1
440 236 1
455 236 1
472 236 1
504 236 1
531 236 1
571 236 1
596 236 1
644 236 1
645 236 1
665 236 1
666 236 1
817 236 1
822 236 1
864 236 1
881 236 1
1125 236 1
1333 236 1
1397 236 1
1410 236 1
1443 236 1
1467 236 1
1581 236 1
1601 236 1
1946 236 1
2041 236 1
2196 236 1
2253 236 1
2577 236 1
3390 236 1
3578 236 1
3602 236 1
3658 236 1
4242 236 1
4345 236 1
4701 236 1
4702 236 1
4755 236 1
5170 236 1
5228 236 1
5359 236 1
5447 236 1
5448 236 1
5449 236 1
5450 236 1
5451 236 1
5452 236 1
5453 236 1
5454 236 1
5455 236 1
5456 236 1
5457 236 1
5458 236 1
5459 236 1
5460 236 1
5461 236 1
5462 236 1
5463 236 1
5464 236 1
5465 236 1
5466 236 1
5467 236 1
5468 236 1
5469 236 1
5470 236 1
5471 236 1
5472 236 1
5473 236 1
5474 236 1
5475 236 1
5476 236 1
5477 236 1
5478 236 1
5479 236 1
5480 236 1
5481 236 1
5482 236 1
5483 236 1
5484 236 1
5485 236 1
5486 236 1
5487 236 1
5488 236 1
5489 236 1
5490 236 1
5491 236 1
5492 236 1
5493 236 1
5494 236 1
5495 236 1
5496 236 1
5497 236 1
5498 236 1
5499 236 1
5500 236 1
5501 236 1
5502 236 1
5503 236 1
5504 236 1
5505 236 1
5506 236 1
5507 236 1
5508 236 1
5509 236 1
5510 236 1
5511 236 1
5512 236 1
5513 236 1
5514 236 1
5515 236 1
5516 236 1
5517 236 1
5518 236 1
5519 236 1
5520 236 1
5521 236 1
5522 236 1
5523 236 1
5524 236 1
5525 236 1
5526 236 1
5527 236 1
5528 236 1
5529 236 1
5530 236 1
5531 236 1
5532 236 1
5533 236 1
5534 236 1
5535 236 1
5536 236 1
5537 236 1
5538 236 1
5539 236 1
5540 236 1
5541 236 1
5542 236 1
5543 236 1
5544 236 1
5545 236 1
5546 236 1
5547 236 1
5548 236 1
5549 236 1
5550 236 1
5551 236 1
5552 236 1
5553 236 1
5554 236 1
5555 236 1
5556 236 1
5557 236 1
5558 236 1
5559 236 1
5560 236 1
5561 236 1
5562 236 1
5563 236 1
5564 236 1
5565 236 1
5566 236 1
5567 236 1
5568 236 1
5569 236 1
5570 236 1
5571 236 1
5572 236 1
5573 236 1
5574 236 1
5575 236 1
5576 236 1
5577 236 1
5578 236 1
5579 236 1
5580 236 1
5581 236 1
5582 236 1
5583 236 1
5584 236 1
5585 236 1
5586 236 1
5587 236 1
5588 236 1
5589 236 1
5590 236 1
5591 236 1
5592 236 1
5593 236 1
5594 236 1
5595 236 1
5596 236 1
5597 236 1
5598 236 1
5599 236 1
5600 236 1
5601 236 1
5602 236 1
5603 236 1
5604 236 1
5605 236 1
5606 236 1
5607 236 1
5608 236 1
5609 236 1
5610 236 1
5611 236 1
5612 236 1
5613 236 1
5614 236 1
5615 236 1
5616 236 1
5617 236 1
5618 236 1
5619 236 1
5620 236 1
5621 236 1
5622 236 1
5623 236 1
5624 236 1
5625 236 1
5626 236 1
5627 236 1
5628 236 1
5629 236 1
5630 236 1
5631 236 1
5632 236 1
5633 236 1
5634 236 1
5635 236 1
5636 236 1
5637 236 1
5638 236 1
5639 236 1
5640 236 1
5641 236 1
5642 236 1
5643 236 1
5644 236 1
5645 236 1
5646 236 1
5647 236 1
5648 236 1
5649 236 1
5650 236 1
5651 236 1
5652 236 1
5653 236 1
5654 236 1
5655 236 1
5656 236 1
5657 236 1
5658 236 1
5659 236 1
5660 236 1
5661 236 1
5662 236 1
5663 236 1
5664 236 1
5665 236 1
5666 236 1
5667 236 1
5668 236 1
5669 236 1
5670 236 1
5671 236 1
5672 236 1
5673 236 1
5674 236 1
5675 236 1
5676 236 1
5677 236 1
5678 236 1
5679 236 1
5680 236 1
5681 236 1
5682 236 1
5683 236 1
5684 236 1
5685 236 1
5686 236 1
5687 236 1
5688 236 1
5689 236 1
5690 236 1
5691 236 1
5692 236 1
5693 236 1
5694 236 1
5695 236 1
5696 236 1
5697 236 1
5698 236 1
5699 236 1
5700 236 1
5701 236 1
5702 236 1
5703 236 1
5704 236 1
5705 236 1
5706 236 1
5707 236 1
5708 236 1
5709 236 1
5710 236 1
5711 236 1
5712 236 1
5713 236 1
239 238 1
612 239 1
721 239 1
728 239 1
732 239 1
779 239 1
809 239 1
810 239 1
1495 239 1
1865 239 1
1868 239 1
3551 239 1
3792 239 1
3930 239 1
4128 239 1
5028 239 1
6084 239 1
8715 239 1
9180 239 1
11667 239 1
13376 239 1
13451 239 1
13663 239 1
13955 239 1
14094 239 1
14095 239 1
14096 239 1
14097 239 1
14098 239 1
14099 239 1
14100 239 1
14101 239 1
14102 239 1
14103 239 1
14104 239 1
14105 239 1
14106 239 1
14107 239 1
14108 239 1
14109 239 1
14110 239 1
14111 239 1
14112 239 1
14113 239 1
14114 239 1
241 240 1
254 241 1
276 241 1
284 241 1
288 241 1
333 241 1
347 241 1
440 241 1
472 241 1
488 241 1
531 241 1
571 241 1
694 241 1
798 241 1
810 241 1
1581 241 1
1584 241 1
1585 241 1
2274 241 1
2280 241 1
2836 241 1
2909 241 1
2959 241 1
3122 241 1
3319 241 1
3471 241 1
3623 241 1
4660 241 1
6759 241 1
6765 241 1
6846 241 1
6876 241 1
6895 241 1
6928 241 1
6986 241 1
6990 241 1
7006 241 1
7089 241 1
7126 241 1
7248 241 1
7254 241 1
7262 241 1
7294 241 1
7368 241 1
7647 241 1
7649 241 1
7709 241 1
7728 241 1
7732 241 1
7815 241 1
7880 241 1
7938 241 1
7940 241 1
8096 241 1
8121 241 1
8179 241 1
8195 241 1
8324 241 1
8332 241 1
8592 241 1
8593 241 1
8624 241 1
8728 241 1
9091 241 1
9502 241 1
9611 241 1
10249 241 1
10325 241 1
10562 241 1
10987 241 1
11186 241 1
11621 241 1
11840 241 1
12674 241 1
13379 241 1
13414 241 1
13569 241 1
13719 241 1
13788 241 1
13789 241 1
14019 241 1
14048 241 1
14493 241 1
14690 241 1
14972 241 1
15093 241 1
15123 241 1
15656 241 1
15675 241 1
16084 241 1
16687 241 1
16689 241 1
16724 241 1
16836 241 1
16985 241 1
16988 241 1
17013 241 1
17175 241 1
17278 241 1
17279 241 1
17280 241 1
17497 241 1
17697 241 1
17910 241 1
18342 241 1
18462 241 1
18592 241 1
18847 241 1
18867 241 1
18891 241 1
19730 241 1
19781 241 1
19955 241 1
20211 241 1
20218 241 1
20289 241 1
20294 241 1
20605 241 1
21770 241 1
21812 241 1
21816 241 1
22342 241 1
22375 241 1
22405 241 1
22784 241 1
22930 241 1
23006 241 1
23420 241 1
23568 241 1
23577 241 1
23779 241 1
23863 241 1
23976 241 1
24074 241 1
24139 241 1
24220 241 1
24242 241 1
24307 241 1
24326 241 1
24333 241 1
24367 241 1
24420 241 1
24430 241 1
24849 241 1
24873 241 1
24945 241 1
25164 241 1
25181 241 1
25374 241 1
25377 241 1
25496 241 1
25830 241 1
25890 241 1
25906 241 1
25907 241 1
25997 241 1
26006 241 1
26086 241 1
26137 241 1
26157 241 1
26241 241 1
26247 241 1
26317 241 1
26330 241 1
26431 241 1
26433 241 1
26439 241 1
26458 241 1
26460 241 1
26464 241 1
26465 241 1
26466 241 1
26467 241 1
243 242 1
244 242 1
244 243 1
1613 243 1
11939 243 1
18050 243 1
451 244 1
637 244 1
1581 244 1
1612 244 1
1613 244 1
2297 244 1
2313 244 1
2315 244 1
2351 244 1
2372 244 1
2384 244 1
2395 244 1
2459 244 1
3585 244 1
3613 244 1
3615 244 1
3616 244 1
3618 244 1
4413 244 1
6523 244 1
6531 244 1
10918 244 1
11902 244 1
11903 244 1
11904 244 1
11905 244 1
11906 244 1
11907 244 1
11908 244 1
11909 244 1
11910 244 1
11911 244 1
11912 244 1
11913 244 1
11914 244 1
11915 244 1
11916 244 1
11917 244 1
11918 244 1
11919 244 1
11920 244 1
11921 244 1
11922 244 1
11923 244 1
11924 244 1
11925 244 1
11926 244 1
11927 244 1
11928 244 1
11929 244 1
11930 244 1
11931 244 1
11932 244 1
11933 244 1
11934 244 1
11935 244 1
11936 244 1
11937 244 1
11938 244 1
11939 244 1
11940 244 1
11941 244 1
11942 244 1
11943 244 1
11944 244 1
246 245 1
480 246 1
576 246 1
612 246 1
810 246 1
1294 246 1
1519 246 1
3407 246 1
6186 246 1
9548 246 1
9697 246 1
9814 246 1
9815 246 1
10155 246 1
10382 246 1
11385 246 1
11515 246 1
12612 246 1
14315 246 1
14356 246 1
15394 246 1
15397 246 1
15508 246 1
15512 246 1
15641 246 1
18448 246 1
18727 246 1
19153 246 1
19157 246 1
19679 246 1
20017 246 1
20774 246 1
20784 246 1
21049 246 1
21180 246 1
21577 246 1
21903 246 1
21921 246 1
22439 246 1
22690 246 1
23806 246 1
24596 246 1
24790 246 1
24833 246 1
25277 246 1
25594 246 1
25769 246 1
25984 246 1
26045 246 1
26173 246 1
26189 246 1
26190 246 1
250 249 1
251 249 1
252 249 1
253 249 1
254 249 1
255 249 1
256 249 1
257 249 1
258 249 1
259 249 1
260 249 1
261 249 1
262 249 1
263 249 1
264 249 1
265 249 1
266 249 1
267 249 1
268 249 1
269 249 1
270 249 1
271 249 1
272 249 1
273 249 1
274 249 1
275 249 1
276 249 1
277 249 1
278 249 1
279 249 1
280 249 1
281 249 1
282 249 1
283 249 1
284 249 1
10684 250 1
271 252 1
306 253 1
6917 253 1
26237 253 1
260 254 1
267 254 1
276 254 1
341 254 1
346 254 1
404 254 1
437 254 1
451 254 1
460 254 1
472 254 1
504 254 1
520 254 1
523 254 1
540 254 1
549 254 1
550 254 1
571 254 1
697 254 1
711 254 1
771 254 1
774 254 1
783 254 1
806 254 1
841 254 1
851 254 1
871 254 1
894 254 1
940 254 1
971 254 1
975 254 1
1059 254 1
1225 254 1
1303 254 1
1316 254 1
1517 254 1
1575 254 1
1937 254 1
2008 254 1
2009 254 1
2046 254 1
2199 254 1
2226 254 1
2297 254 1
2314 254 1
2316 254 1
2321 254 1
2327 254 1
2333 254 1
2335 254 1
2339 254 1
2342 254 1
2343 254 1
2348 254 1
2361 254 1
2374 254 1
2378 254 1
2389 254 1
2403 254 1
2412 254 1
2419 254 1
2422 254 1
2429 254 1
2574 254 1
2632 254 1
2639 254 1
2735 254 1
2814 254 1
2834 254 1
2944 254 1
3008 254 1
3074 254 1
3222 254 1
3264 254 1
3320 254 1
3341 254 1
3436 254 1
3443 254 1
3485 254 1
3936 254 1
4475 254 1
4933 254 1
5056 254 1
5122 254 1
5202 254 1
5439 254 1
5927 254 1
5959 254 1
6009 254 1
6417 254 1
6701 254 1
6711 254 1
6744 254 1
6889 254 1
7049 254 1
7289 254 1
7383 254 1
7637 254 1
7725 254 1
8271 254 1
8436 254 1
8744 254 1
8772 254 1
9120 254 1
9142 254 1
10235 254 1
10363 254 1
10495 254 1
10551 254 1
10604 254 1
10755 254 1
10770 254 1
10814 254 1
10940 254 1
10952 254 1
11030 254 1
11317 254 1
11883 254 1
12025 254 1
12155 254 1
13052 254 1
13472 254 1
13660 254 1
13982 254 1
14122 254 1
14379 254 1
14702 254 1
14708 254 1
14913 254 1
15096 254 1
15159 254 1
15207 254 1
15268 254 1
16667 254 1
16737 254 1
17078 254 1
17481 254 1
17612 254 1
17666 254 1
18005 254 1
18400 254 1
18802 254 1
18984 254 1
18985 254 1
18986 254 1
18987 254 1
18988 254 1
18989 254 1
18990 254 1
18991 254 1
18992 254 1
18993 254 1
18994 254 1
18995 254 1
18996 254 1
18997 254 1
18998 254 1
18999 254 1
19000 254 1
19001 254 1
19002 254 1
19003 254 1
19004 254 1
19005 254 1
19006 254 1
306 255 1
2439 257 1
3648 257 1
3649 257 1
3650 257 1
3651 257 1
3652 257 1
3653 257 1
540 258 1
11067 258 1
15558 258 1
15559 258 1
17892 258 1
17893 258 1
540 259 1
276 260 1
540 260 1
550 261 1
918 263 1
23399 263 1
3061 264 1
10460 264 1
18331 264 1
24426 264 1
1030 265 1
2493 265 1
269 267 1
270 267 1
276 267 1
6440 267 1
9397 267 1
11137 267 1
19985 267 1
21562 267 1
21959 267 1
23115 267 1
23116 267 1
23117 267 1
306 268 1
437 271 1
14494 271 1
17075 271 1
21562 271 1
23115 271 1
24944 271 1
306 274 1
15558 274 1
15559 274 1
17066 275 1
20147 275 1
22179 275 1
333 276 1
339 276 1
341 276 1
346 276 1
398 276 1
399 276 1
404 276 1
437 276 1
442 276 1
443 276 1
445 276 1
451 276 1
452 276 1
454 276 1
455 276 1
457 276 1
458 276 1
460 276 1
462 276 1
463 276 1
465 276 1
468 276 1
470 276 1
472 276 1
488 276 1
492 276 1
495 276 1
496 276 1
500 276 1
504 276 1
506 276 1
509 276 1
510 276 1
512 276 1
513 276 1
515 276 1
523 276 1
527 276 1
529 276 1
531 276 1
533 276 1
540 276 1
550 276 1
571 276 1
601 276 1
612 276 1
638 276 1
654 276 1
697 276 1
711 276 1
715 276 1
732 276 1
736 276 1
771 276 1
774 276 1
778 276 1
783 276 1
806 276 1
841 276 1
851 276 1
871 276 1
894 276 1
933 276 1
940 276 1
957 276 1
960 276 1
962 276 1
971 276 1
975 276 1
984 276 1
1059 276 1
1135 276 1
1209 276 1
1299 276 1
1303 276 1
1316 276 1
1376 276 1
1468 276 1
1487 276 1
1517 276 1
1532 276 1
1558 276 1
1575 276 1
1937 276 1
2008 276 1
2009 276 1
2012 276 1
2028 276 1
2046 276 1
2154 276 1
2175 276 1
2199 276 1
2226 276 1
2276 276 1
2314 276 1
2316 276 1
2321 276 1
2327 276 1
2333 276 1
2337 276 1
2339 276 1
2342 276 1
2348 276 1
2354 276 1
2361 276 1
2374 276 1
2378 276 1
2379 276 1
2380 276 1
2389 276 1
2402 276 1
2403 276 1
2406 276 1
2412 276 1
2415 276 1
2419 276 1
2421 276 1
2422 276 1
2429 276 1
2639 276 1
2680 276 1
2696 276 1
2701 276 1
2763 276 1
2813 276 1
2814 276 1
2834 276 1
2855 276 1
2941 276 1
2944 276 1
2971 276 1
3008 276 1
3074 276 1
3114 276 1
3122 276 1
3220 276 1
3264 276 1
3289 276 1
3320 276 1
3350 276 1
3436 276 1
3485 276 1
3562 276 1
3694 276 1
3936 276 1
4218 276 1
4288 276 1
4446 276 1
4450 276 1
4453 276 1
4458 276 1
4459 276 1
4462 276 1
4463 276 1
4524 276 1
4647 276 1
4839 276 1
4856 276 1
4868 276 1
4909 276 1
4933 276 1
4972 276 1
5056 276 1
5122 276 1
5268 276 1
5282 276 1
5350 276 1
5959 276 1
6138 276 1
6258 276 1
6272 276 1
6297 276 1
6417 276 1
6731 276 1
6889 276 1
7120 276 1
7194 276 1
7244 276 1
7289 276 1
7325 276 1
7452 276 1
7479 276 1
7637 276 1
7799 276 1
7983 276 1
8345 276 1
8355 276 1
8659 276 1
8662 276 1
8817 276 1
8962 276 1
9088 276 1
9120 276 1
9142 276 1
9205 276 1
9229 276 1
9619 276 1
10019 276 1
10056 276 1
10235 276 1
10381 276 1
10419 276 1
10444 276 1
10495 276 1
10551 276 1
10694 276 1
10750 276 1
10755 276 1
10907 276 1
11317 276 1
11408 276 1
12177 276 1
12703 276 1
12979 276 1
13487 276 1
13660 276 1
14355 276 1
14540 276 1
15010 276 1
15207 276 1
15414 276 1
15415 276 1
15421 276 1
15446 276 1
15448 276 1
15470 276 1
15692 276 1
15839 276 1
15970 276 1
15998 276 1
16100 276 1
16620 276 1
16666 276 1
16667 276 1
16737 276 1
16881 276 1
17042 276 1
17044 276 1
17254 276 1
17721 276 1
18005 276 1
18062 276 1
18250 276 1
18393 276 1
18562 276 1
18742 276 1
18743 276 1
18746 276 1
18752 276 1
18754 276 1
18756 276 1
18795 276 1
18901 276 1
18993 276 1
18995 276 1
18998 276 1
19386 276 1
19514 276 1
19522 276 1
19789 276 1
20242 276 1
20405 276 1
20733 276 1
21035 276 1
21772 276 1
21963 276 1
22965 276 1
23191 276 1
23269 276 1
23818 276 1
24444 276 1
24470 276 1
24517 276 1
24563 276 1
24961 276 1
24962 276 1
24964 276 1
24966 276 1
24970 276 1
25038 276 1
25746 276 1
26043 276 1
26098 276 1
26099 276 1
26100 276 1
26101 276 1
26102 276 1
26103 276 1
26104 276 1
26105 276 1
306 277 1
15340 277 1
306 279 1
306 281 1
549 281 1
14345 281 1
15326 282 1
19957 282 1
4710 283 1
6917 283 1
14646 283 1
14647 283 1
14823 283 1
20107 283 1
23074 283 1
23399 283 1
24338 283 1
25845 283 1
306 284 1
1676 284 1
7355 284 1
17151 284 1
17341 284 1
17680 284 1
18259 284 1
23117 284 1
287 286 1
733 287 1
755 287 1
1001 287 1
1253 287 1
1650 287 1
1668 287 1
1670 287 1
1948 287 1
2239 287 1
2547 287 1
2554 287 1
3178 287 1
4152 287 1
4400 287 1
4404 287 1
4623 287 1
5997 287 1
6296 287 1
6604 287 1
9552 287 1
9556 287 1
9811 287 1
13004 287 1
13160 287 1
13170 287 1
13183 287 1
13215 287 1
13301 287 1
13328 287 1
13702 287 1
13932 287 1
14406 287 1
14490 287 1
16733 287 1
16870 287 1
17099 287 1
17820 287 1
18596 287 1
18774 287 1
19632 287 1
20395 287 1
20574 287 1
20575 287 1
20576 287 1
20577 287 1
20578 287 1
20579 287 1
20580 287 1
20581 287 1
20582 287 1
20583 287 1
20584 287 1
20585 287 1
20586 287 1
20587 287 1
20588 287 1
20589 287 1
20590 287 1
20591 287 1
20592 287 1
20593 287 1
290 289 1
291 289 1
292 289 1
291 290 1
1188 290 1
2489 290 1
4310 290 1
14606 290 1
15632 290 1
19901 290 1
20326 290 1
20327 290 1
20328 290 1
386 291 1
432 291 1
480 291 1
573 291 1
574 291 1
711 291 1
788 291 1
916 291 1
941 291 1
950 291 1
1072 291 1
1242 291 1
1243 291 1
1881 291 1
2019 291 1
2447 291 1
3399 291 1
3421 291 1
3536 291 1
3603 291 1
3604 291 1
3605 291 1
3635 291 1
3636 291 1
3729 291 1
3826 291 1
3827 291 1
3927 291 1
4041 291 1
4093 291 1
4308 291 1
4311 291 1
4408 291 1
4480 291 1
5249 291 1
5748 291 1
6172 291 1
6248 291 1
6260 291 1
6466 291 1
6492 291 1
6547 291 1
8651 291 1
8751 291 1
8784 291 1
8818 291 1
8861 291 1
8869 291 1
8874 291 1
8878 291 1
8889 291 1
8891 291 1
8894 291 1
8895 291 1
9200 291 1
9509 291 1
9529 291 1
9560 291 1
9691 291 1
10968 291 1
11025 291 1
11099 291 1
11154 291 1
11198 291 1
11455 291 1
11890 291 1
12555 291 1
12563 291 1
12874 291 1
12908 291 1
13252 291 1
13318 291 1
13425 291 1
13461 291 1
13467 291 1
13537 291 1
13594 291 1
13757 291 1
13968 291 1
13996 291 1
14052 291 1
14353 291 1
14445 291 1
14595 291 1
14922 291 1
14925 291 1
15041 291 1
15599 291 1
15600 291 1
16202 291 1
16235 291 1
16591 291 1
16751 291 1
16795 291 1
17097 291 1
17737 291 1
17751 291 1
17935 291 1
18537 291 1
18823 291 1
18851 291 1
18885 291 1
19270 291 1
19370 291 1
19503 291 1
19599 291 1
19964 291 1
20097 291 1
20189 291 1
20252 291 1
20268 291 1
20393 291 1
20425 291 1
20521 291 1
20526 291 1
20713 291 1
20943 291 1
20950 291 1
21044 291 1
21046 291 1
21543 291 1
22148 291 1
22726 291 1
22759 291 1
22797 291 1
22878 291 1
23430 291 1
23436 291 1
23449 291 1
23451 291 1
23892 291 1
23924 291 1
23979 291 1
24036 291 1
24104 291 1
24142 291 1
24143 291 1
24144 291 1
24145 291 1
24146 291 1
24147 291 1
24148 291 1
24149 291 1
24150 291 1
24151 291 1
24152 291 1
24153 291 1
24154 291 1
24155 291 1
24156 291 1
24157 291 1
24158 291 1
24159 291 1
24160 291 1
24161 291 1
24162 291 1
24163 291 1
24164 291 1
24165 291 1
24166 291 1
24167 291 1
24168 291 1
24169 291 1
24170 291 1
295 294 1
488 295 1
531 295 1
1706 295 1
4949 295 1
4960 295 1
6264 295 1
6478 295 1
8681 295 1
12718 295 1
13012 295 1
14354 295 1
15211 295 1
15676 295 1
16143 295 1
16144 295 1
16145 295 1
16146 295 1
16147 295 1
16148 295 1
16149 295 1
16150 295 1
16151 295 1
16152 295 1
16153 295 1
16154 295 1
16155 295 1
16156 295 1
16157 295 1
16158 295 1
16159 295 1
16160 295 1
297 296 1
336 297 1
440 297 1
472 297 1
480 297 1
612 297 1
682 297 1
733 297 1
736 297 1
798 297 1
799 297 1
810 297 1
865 297 1
1130 297 1
1537 297 1
2632 297 1
2899 297 1
3004 297 1
3934 297 1
3953 297 1
4418 297 1
4504 297 1
4637 297 1
4991 297 1
6006 297 1
6380 297 1
7354 297 1
7591 297 1
7616 297 1
7640 297 1
7807 297 1
7925 297 1
8130 297 1
9588 297 1
9714 297 1
9721 297 1
9771 297 1
10147 297 1
10419 297 1
10817 297 1
12306 297 1
12789 297 1
12790 297 1
12791 297 1
12792 297 1
12793 297 1
12794 297 1
12795 297 1
12796 297 1
12797 297 1
12798 297 1
12799 297 1
12800 297 1
12801 297 1
12802 297 1
12803 297 1
12804 297 1
12805 297 1
12806 297 1
12807 297 1
12808 297 1
12809 297 1
12810 297 1
12811 297 1
12812 297 1
12813 297 1
12814 297 1
12815 297 1
12816 297 1
12817 297 1
12818 297 1
12819 297 1
12820 297 1
12821 297 1
300 299 1
2498 300 1
303 302 1
306 303 1
703 303 1
3143 303 1
14334 303 1
16323 303 1
19483 303 1
305 304 1
306 304 1
306 305 1
1083 305 1
7010 305 1
7082 305 1
7340 305 1
7401 305 1
8043 305 1
9501 305 1
9648 305 1
11415 305 1
14149 305 1
14166 305 1
15126 305 1
17576 305 1
18355 305 1
18423 305 1
18713 305 1
19223 305 1
24354 305 1
24568 305 1
24954 305 1
25511 305 1
25888 305 1
333 306 1
336 306 1
355 306 1
440 306 1
451 306 1
455 306 1
459 306 1
531 306 1
553 306 1
571 306 1
601 306 1
612 306 1
633 306 1
638 306 1
651 306 1
678 306 1
685 306 1
715 306 1
722 306 1
733 306 1
736 306 1
744 306 1
758 306 1
783 306 1
798 306 1
799 306 1
810 306 1
813 306 1
814 306 1
848 306 1
850 306 1
858 306 1
875 306 1
907 306 1
951 306 1
954 306 1
957 306 1
982 306 1
999 306 1
1013 306 1
1088 306 1
1134 306 1
1213 306 1
1236 306 1
1284 306 1
1303 306 1
1321 306 1
1376 306 1
1408 306 1
1416 306 1
1428 306 1
1461 306 1
1487 306 1
1490 306 1
1496 306 1
1528 306 1
1539 306 1
1574 306 1
1581 306 1
1594 306 1
1616 306 1
1621 306 1
1625 306 1
1708 306 1
1875 306 1
1952 306 1
2085 306 1
2086 306 1
2209 306 1
2212 306 1
2222 306 1
2246 306 1
2249 306 1
2271 306 1
2280 306 1
2284 306 1
2335 306 1
2337 306 1
2338 306 1
2339 306 1
2343 306 1
2422 306 1
2429 306 1
2495 306 1
2540 306 1
2549 306 1
2601 306 1
2714 306 1
2728 306 1
2738 306 1
2755 306 1
2761 306 1
2762 306 1
2778 306 1
2791 306 1
2813 306 1
2819 306 1
2820 306 1
2855 306 1
2884 306 1
2885 306 1
2888 306 1
2925 306 1
2943 306 1
2970 306 1
2979 306 1
2995 306 1
3006 306 1
3014 306 1
3017 306 1
3027 306 1
3031 306 1
3065 306 1
3078 306 1
3089 306 1
3101 306 1
3103 306 1
3121 306 1
3122 306 1
3137 306 1
3162 306 1
3169 306 1
3201 306 1
3207 306 1
3212 306 1
3222 306 1
3230 306 1
3246 306 1
3256 306 1
3278 306 1
3281 306 1
3298 306 1
3349 306 1
3367 306 1
3371 306 1
3381 306 1
3433 306 1
3459 306 1
3463 306 1
3470 306 1
3518 306 1
3526 306 1
3534 306 1
3557 306 1
3566 306 1
3609 306 1
3648 306 1
3692 306 1
3740 306 1
3757 306 1
3799 306 1
3876 306 1
3889 306 1
4035 306 1
4039 306 1
4087 306 1
4178 306 1
4190 306 1
4215 306 1
4272 306 1
4289 306 1
4299 306 1
4353 306 1
4365 306 1
4372 306 1
4658 306 1
4697 306 1
4710 306 1
4933 306 1
5002 306 1
5020 306 1
5032 306 1
5075 306 1
5084 306 1
5091 306 1
5101 306 1
5116 306 1
5145 306 1
5150 306 1
5198 306 1
5209 306 1
5241 306 1
5290 306 1
5297 306 1
5306 306 1
5336 306 1
5342 306 1
5427 306 1
5432 306 1
5435 306 1
5439 306 1
5745 306 1
5906 306 1
5908 306 1
5911 306 1
5990 306 1
5991 306 1
6027 306 1
6089 306 1
6153 306 1
6168 306 1
6177 306 1
6195 306 1
6245 306 1
6246 306 1
6249 306 1
6251 306 1
6253 306 1
6307 306 1
6310 306 1
6338 306 1
6358 306 1
6359 306 1
6410 306 1
6450 306 1
6461 306 1
6485 306 1
6491 306 1
6545 306 1
6554 306 1
6560 306 1
6608 306 1
6640 306 1
6680 306 1
6693 306 1
6718 306 1
6730 306 1
6737 306 1
6739 306 1
6740 306 1
6764 306 1
6766 306 1
6781 306 1
6784 306 1
6806 306 1
6812 306 1
6813 306 1
6834 306 1
6836 306 1
6837 306 1
6839 306 1
6851 306 1
6860 306 1
6861 306 1
6909 306 1
6918 306 1
6920 306 1
6930 306 1
6948 306 1
6949 306 1
6974 306 1
7021 306 1
7027 306 1
7028 306 1
7030 306 1
7065 306 1
7071 306 1
7122 306 1
7133 306 1
7144 306 1
7149 306 1
7163 306 1
7167 306 1
7190 306 1
7194 306 1
7195 306 1
7228 306 1
7239 306 1
7260 306 1
7285 306 1
7292 306 1
7299 306 1
7324 306 1
7343 306 1
7348 306 1
7369 306 1
7374 306 1
7404 306 1
7415 306 1
7423 306 1
7440 306 1
7452 306 1
7470 306 1
7515 306 1
7519 306 1
7532 306 1
7540 306 1
7549 306 1
7556 306 1
7561 306 1
7565 306 1
7581 306 1
7582 306 1
7588 306 1
7591 306 1
7600 306 1
7606 306 1
7635 306 1
7639 306 1
7644 306 1
7656 306 1
7672 306 1
7678 306 1
7682 306 1
7711 306 1
7726 306 1
7741 306 1
7797 306 1
7805 306 1
7807 306 1
7812 306 1
7851 306 1
7867 306 1
7873 306 1
7878 306 1
7886 306 1
7888 306 1
7916 306 1
7930 306 1
7931 306 1
7941 306 1
7943 306 1
7951 306 1
7973 306 1
7978 306 1
7995 306 1
8004 306 1
8009 306 1
8026 306 1
8056 306 1
8059 306 1
8063 306 1
8070 306 1
8120 306 1
8138 306 1
8169 306 1
8178 306 1
8193 306 1
8224 306 1
8245 306 1
8250 306 1
8267 306 1
8269 306 1
8271 306 1
8284 306 1
8289 306 1
8295 306 1
8299 306 1
8315 306 1
8335 306 1
8338 306 1
8346 306 1
8365 306 1
8369 306 1
8376 306 1
8383 306 1
8387 306 1
8394 306 1
8418 306 1
8429 306 1
8445 306 1
8454 306 1
8464 306 1
8486 306 1
8487 306 1
8495 306 1
8496 306 1
8498 306 1
8505 306 1
8509 306 1
8516 306 1
8525 306 1
8546 306 1
8553 306 1
8568 306 1
8578 306 1
8599 306 1
8616 306 1
8617 306 1
8622 306 1
8624 306 1
8629 306 1
8641 306 1
8679 306 1
8785 306 1
8813 306 1
8897 306 1
8906 306 1
8910 306 1
8923 306 1
8925 306 1
8938 306 1
8947 306 1
8971 306 1
8977 306 1
8986 306 1
9000 306 1
9018 306 1
9036 306 1
9041 306 1
9042 306 1
9044 306 1
9050 306 1
9060 306 1
9066 306 1
9075 306 1
9088 306 1
9112 306 1
9116 306 1
9129 306 1
9141 306 1
9152 306 1
9160 306 1
9202 306 1
9308 306 1
9396 306 1
9535 306 1
9553 306 1
9574 306 1
9649 306 1
9704 306 1
9749 306 1
10153 306 1
10164 306 1
10214 306 1
10225 306 1
10238 306 1
10239 306 1
10252 306 1
10270 306 1
10295 306 1
10311 306 1
10321 306 1
10328 306 1
10348 306 1
10360 306 1
10395 306 1
10408 306 1
10429 306 1
10439 306 1
10445 306 1
10519 306 1
10521 306 1
10581 306 1
10622 306 1
10641 306 1
10643 306 1
10656 306 1
10681 306 1
10682 306 1
10684 306 1
10707 306 1
10708 306 1
10715 306 1
10723 306 1
10742 306 1
10753 306 1
10756 306 1
10760 306 1
10762 306 1
10770 306 1
10781 306 1
10784 306 1
10788 306 1
10795 306 1
10813 306 1
10833 306 1
10841 306 1
10887 306 1
10891 306 1
10900 306 1
10965 306 1
10983 306 1
10986 306 1
11021 306 1
11045 306 1
11068 306 1
11074 306 1
11090 306 1
11125 306 1
11146 306 1
11252 306 1
11271 306 1
11285 306 1
11329 306 1
11342 306 1
11348 306 1
11415 306 1
11484 306 1
11501 306 1
11540 306 1
11561 306 1
11564 306 1
11648 306 1
11674 306 1
11682 306 1
11696 306 1
11715 306 1
11717 306 1
11759 306 1
11765 306 1
11768 306 1
11769 306 1
11773 306 1
11779 306 1
11787 306 1
11817 306 1
11898 306 1
11953 306 1
11962 306 1
12011 306 1
12017 306 1
12053 306 1
12104 306 1
12105 306 1
12113 306 1
12120 306 1
12178 306 1
12205 306 1
12212 306 1
12214 306 1
12221 306 1
12225 306 1
12240 306 1
12260 306 1
12276 306 1
12294 306 1
12295 306 1
12303 306 1
12316 306 1
12345 306 1
12364 306 1
12366 306 1
12379 306 1
12390 306 1
12392 306 1
12401 306 1
12402 306 1
12404 306 1
12422 306 1
12458 306 1
12466 306 1
12468 306 1
12478 306 1
12479 306 1
12505 306 1
12511 306 1
12522 306 1
12542 306 1
12634 306 1
12644 306 1
12685 306 1
12714 306 1
12839 306 1
12848 306 1
12964 306 1
12965 306 1
12970 306 1
12981 306 1
13006 306 1
13007 306 1
13079 306 1
13107 306 1
13108 306 1
13285 306 1
13286 306 1
13323 306 1
13340 306 1
13346 306 1
13384 306 1
13405 306 1
13407 306 1
13409 306 1
13412 306 1
13421 306 1
13456 306 1
13475 306 1
13479 306 1
13512 306 1
13540 306 1
13562 306 1
13568 306 1
13592 306 1
13598 306 1
13622 306 1
13635 306 1
13678 306 1
13697 306 1
13714 306 1
13768 306 1
13788 306 1
13803 306 1
13804 306 1
13905 306 1
13906 306 1
13985 306 1
13990 306 1
14013 306 1
14058 306 1
14060 306 1
14147 306 1
14166 306 1
14191 306 1
14335 306 1
14362 306 1
14399 306 1
14413 306 1
14437 306 1
14438 306 1
14441 306 1
14449 306 1
14492 306 1
14546 306 1
14550 306 1
14558 306 1
14559 306 1
14561 306 1
14564 306 1
14596 306 1
14616 306 1
14630 306 1
14649 306 1
14728 306 1
14787 306 1
14820 306 1
14825 306 1
14826 306 1
14853 306 1
14855 306 1
14886 306 1
14926 306 1
14940 306 1
14947 306 1
14948 306 1
14990 306 1
15093 306 1
15094 306 1
15127 306 1
15130 306 1
15138 306 1
15142 306 1
15157 306 1
15170 306 1
15249 306 1
15253 306 1
15257 306 1
15272 306 1
15283 306 1
15343 306 1
15352 306 1
15356 306 1
15366 306 1
15559 306 1
15574 306 1
15633 306 1
15669 306 1
15677 306 1
15711 306 1
15713 306 1
15783 306 1
15822 306 1
15919 306 1
15921 306 1
15961 306 1
16022 306 1
16074 306 1
16171 306 1
16177 306 1
16248 306 1
16252 306 1
16260 306 1
16272 306 1
16539 306 1
16557 306 1
16566 306 1
16569 306 1
16585 306 1
16609 306 1
16637 306 1
16658 306 1
16662 306 1
16691 306 1
16709 306 1
16715 306 1
16725 306 1
16796 306 1
16798 306 1
16830 306 1
16866 306 1
16891 306 1
16923 306 1
16935 306 1
16953 306 1
16974 306 1
16977 306 1
17108 306 1
17135 306 1
17151 306 1
17152 306 1
17177 306 1
17178 306 1
17179 306 1
17180 306 1
17181 306 1
17182 306 1
17183 306 1
17184 306 1
17185 306 1
17186 306 1
17187 306 1
17188 306 1
17189 306 1
17190 306 1
17191 306 1
17192 306 1
17193 306 1
17194 306 1
17195 306 1
17196 306 1
17197 306 1
17198 306 1
17199 306 1
17200 306 1
17201 306 1
17202 306 1
17203 306 1
17204 306 1
17205 306 1
17206 306 1
17207 306 1
17208 306 1
17209 306 1
17210 306 1
17211 306 1
17212 306 1
17213 306 1
17214 306 1
17215 306 1
17216 306 1
17217 306 1
17218 306 1
17219 306 1
17220 306 1
17221 306 1
17222 306 1
17223 306 1
17224 306 1
17225 306 1
17226 306 1
17227 306 1
17228 306 1
17229 306 1
17230 306 1
17231 306 1
17232 306 1
17233 306 1
17234 306 1
17235 306 1
17236 306 1
17237 306 1
17238 306 1
17239 306 1
17240 306 1
17241 306 1
17242 306 1
17243 306 1
17244 306 1
17245 306 1
17246 306 1
17247 306 1
17248 306 1
17249 306 1
17250 306 1
17251 306 1
17252 306 1
17253 306 1
17254 306 1
17255 306 1
17256 306 1
17257 306 1
17258 306 1
17259 306 1
17260 306 1
17261 306 1
17262 306 1
17263 306 1
17264 306 1
17265 306 1
17266 306 1
17267 306 1
17268 306 1
17269 306 1
17270 306 1
17271 306 1
17272 306 1
17273 306 1
17274 306 1
17275 306 1
17276 306 1
17277 306 1
17278 306 1
17279 306 1
17280 306 1
17281 306 1
17282 306 1
17283 306 1
17284 306 1
17285 306 1
17286 306 1
17287 306 1
17288 306 1
17289 306 1
17290 306 1
17291 306 1
17292 306 1
17293 306 1
17294 306 1
17295 306 1
17296 306 1
17297 306 1
17298 306 1
17299 306 1
17300 306 1
17301 306 1
17302 306 1
17303 306 1
17304 306 1
17305 306 1
17306 306 1
17307 306 1
17308 306 1
17309 306 1
17310 306 1
17311 306 1
17312 306 1
17313 306 1
17314 306 1
17315 306 1
17316 306 1
17317 306 1
17318 306 1
17319 306 1
17320 306 1
17321 306 1
17322 306 1
17323 306 1
17324 306 1
17325 306 1
17326 306 1
17327 306 1
17328 306 1
17329 306 1
17330 306 1
17331 306 1
17332 306 1
17333 306 1
17334 306 1
17335 306 1
17336 306 1
17337 306 1
17338 306 1
17339 306 1
17340 306 1
17341 306 1
17342 306 1
17343 306 1
17344 306 1
17345 306 1
17346 306 1
17347 306 1
17348 306 1
17349 306 1
17350 306 1
17351 306 1
17352 306 1
17353 306 1
17354 306 1
17355 306 1
17356 306 1
17357 306 1
17358 306 1
17359 306 1
17360 306 1
17361 306 1
17362 306 1
17363 306 1
17364 306 1
17365 306 1
17366 306 1
17367 306 1
17368 306 1
17369 306 1
17370 306 1
17371 306 1
17372 306 1
17373 306 1
17374 306 1
17375 306 1
17376 306 1
17377 306 1
17378 306 1
17379 306 1
17380 306 1
17381 306 1
17382 306 1
17383 306 1
17384 306 1
17385 306 1
17386 306 1
17387 306 1
17388 306 1
17389 306 1
17390 306 1
17391 306 1
17392 306 1
17393 306 1
17394 306 1
17395 306 1
17396 306 1
17397 306 1
17398 306 1
17399 306 1
17400 306 1
17401 306 1
17402 306 1
17403 306 1
17404 306 1
17405 306 1
17406 306 1
17407 306 1
17408 306 1
17409 306 1
17410 306 1
17411 306 1
17412 306 1
17413 306 1
17414 306 1
17415 306 1
17416 306 1
17417 306 1
17418 306 1
17419 306 1
17420 306 1
17421 306 1
17422 306 1
17423 306 1
17424 306 1
17425 306 1
17426 306 1
17427 306 1
17428 306 1
17429 306 1
17430 306 1
17431 306 1
17432 306 1
17433 306 1
17434 306 1
17435 306 1
17436 306 1
17437 306 1
17438 306 1
17439 306 1
17440 306 1
17441 306 1
17442 306 1
17443 306 1
17444 306 1
17445 306 1
17446 306 1
17447 306 1
17448 306 1
17449 306 1
17450 306 1
17451 306 1
17452 306 1
17453 306 1
17454 306 1
17455 306 1
17456 306 1
17457 306 1
17458 306 1
17459 306 1
17460 306 1
17461 306 1
17462 306 1
17463 306 1
17464 306 1
17465 306 1
17466 306 1
17467 306 1
17468 306 1
17469 306 1
17470 306 1
17471 306 1
17472 306 1
17473 306 1
17474 306 1
17475 306 1
17476 306 1
17477 306 1
17478 306 1
17479 306 1
17480 306 1
17481 306 1
17482 306 1
17483 306 1
17484 306 1
17485 306 1
17486 306 1
17487 306 1
17488 306 1
17489 306 1
17490 306 1
17491 306 1
17492 306 1
17493 306 1
17494 306 1
17495 306 1
17496 306 1
17497 306 1
17498 306 1
17499 306 1
17500 306 1
17501 306 1
17502 306 1
17503 306 1
17504 306 1
17505 306 1
17506 306 1
17507 306 1
17508 306 1
17509 306 1
17510 306 1
17511 306 1
17512 306 1
17513 306 1
17514 306 1
17515 306 1
17516 306 1
17517 306 1
17518 306 1
17519 306 1
17520 306 1
17521 306 1
17522 306 1
17523 306 1
17524 306 1
17525 306 1
17526 306 1
17527 306 1
17528 306 1
17529 306 1
17530 306 1
17531 306 1
17532 306 1
17533 306 1
17534 306 1
17535 306 1
17536 306 1
17537 306 1
17538 306 1
17539 306 1
17540 306 1
17541 306 1
17542 306 1
17543 306 1
17544 306 1
17545 306 1
17546 306 1
17547 306 1
17548 306 1
17549 306 1
17550 306 1
17551 306 1
17552 306 1
17553 306 1
17554 306 1
17555 306 1
17556 306 1
17557 306 1
17558 306 1
17559 306 1
17560 306 1
17561 306 1
17562 306 1
17563 306 1
17564 306 1
17565 306 1
17566 306 1
17567 306 1
17568 306 1
17569 306 1
17570 306 1
17571 306 1
17572 306 1
17573 306 1
17574 306 1
17575 306 1
17576 306 1
17577 306 1
17578 306 1
17579 306 1
17580 306 1
17581 306 1
17582 306 1
17583 306 1
17584 306 1
17585 306 1
17586 306 1
17587 306 1
17588 306 1
17589 306 1
17590 306 1
17591 306 1
17592 306 1
17593 306 1
17594 306 1
17595 306 1
17596 306 1
17597 306 1
17598 306 1
17599 306 1
17600 306 1
17601 306 1
17602 306 1
17603 306 1
17604 306 1
17605 306 1
17606 306 1
17607 306 1
17608 306 1
17609 306 1
17610 306 1
17611 306 1
17612 306 1
17613 306 1
17614 306 1
17615 306 1
17616 306 1
17617 306 1
17618 306 1
17619 306 1
17620 306 1
17621 306 1
17622 306 1
17623 306 1
17624 306 1
17625 306 1
17626 306 1
17627 306 1
17628 306 1
17629 306 1
17630 306 1
17631 306 1
17632 306 1
17633 306 1
17634 306 1
17635 306 1
17636 306 1
17637 306 1
17638 306 1
17639 306 1
17640 306 1
17641 306 1
17642 306 1
17643 306 1
17644 306 1
17645 306 1
17646 306 1
17647 306 1
17648 306 1
17649 306 1
17650 306 1
17651 306 1
17652 306 1
17653 306 1
17654 306 1
17655 306 1
17656 306 1
17657 306 1
17658 306 1
17659 306 1
17660 306 1
17661 306 1
17662 306 1
17663 306 1
17664 306 1
17665 306 1
17666 306 1
17667 306 1
17668 306 1
17669 306 1
17670 306 1
17671 306 1
17672 306 1
17673 306 1
17674 306 1
17675 306 1
17676 306 1
17677 306 1
17678 306 1
17679 306 1
17680 306 1
17681 306 1
17682 306 1
17683 306 1
17684 306 1
17685 306 1
17686 306 1
17687 306 1
17688 306 1
17689 306 1
17690 306 1
17691 306 1
17692 306 1
17693 306 1
17694 306 1
17695 306 1
17696 306 1
17697 306 1
17698 306 1
17699 306 1
17700 306 1
17701 306 1
17702 306 1
17703 306 1
17704 306 1
17705 306 1
17706 306 1
17707 306 1
17708 306 1
17709 306 1
17710 306 1
17711 306 1
17712 306 1
17713 306 1
17714 306 1
17715 306 1
17716 306 1
17717 306 1
17718 306 1
309 308 1
1218 309 1
2280 309 1
2994 309 1
3799 309 1
7627 309 1
8392 309 1
8457 309 1
8590 309 1
8613 309 1
10957 309 1
14142 309 1
15281 309 1
15644 309 1
19058 309 1
19253 309 1
22649 309 1
23808 309 1
23809 309 1
23810 309 1
23811 309 1
23812 309 1
23813 309 1
311 310 1
312 310 1
313 310 1
314 310 1
315 310 1
316 310 1
317 310 1
318 310 1
4538 311 1
318 312 1
1743 312 1
2281 312 1
4530 312 1
4547 312 1
4552 312 1
14544 312 1
25625 312 1
318 314 1
3517 314 1
14474 314 1
18917 314 1
21093 314 1
806 315 1
318 317 1
612 318 1
732 318 1
733 318 1
798 318 1
810 318 1
1495 318 1
1927 318 1
3161 318 1
4121 318 1
4529 318 1
4530 318 1
4531 318 1
4532 318 1
4533 318 1
4534 318 1
4535 318 1
4536 318 1
4537 318 1
4538 318 1
4539 318 1
4540 318 1
4541 318 1
4542 318 1
4543 318 1
4544 318 1
4545 318 1
4546 318 1
4547 318 1
4548 318 1
4549 318 1
4550 318 1
4551 318 1
4552 318 1
4553 318 1
4554 318 1
4555 318 1
4556 318 1
4557 318 1
4558 318 1
4559 318 1
4560 318 1
4561 318 1
4562 318 1
4563 318 1
4564 318 1
320 319 1
321 319 1
322 319 1
9242 320 1
324 323 1
325 323 1
325 324 1
3817 324 1
5187 324 1
12546 324 1
15407 324 1
15411 324 1
21636 324 1
25850 324 1
2042 325 1
3972 325 1
3977 325 1
3993 325 1
4573 325 1
5205 325 1
6277 325 1
6662 325 1
7440 325 1
7819 325 1
7945 325 1
8029 325 1
8597 325 1
9157 325 1
9312 325 1
10539 325 1
10680 325 1
10987 325 1
11039 325 1
11316 325 1
12207 325 1
12221 325 1
13063 325 1
13089 325 1
13090 325 1
13091 325 1
13092 325 1
13093 325 1
13094 325 1
13095 325 1
13096 325 1
13097 325 1
13098 325 1
13099 325 1
13100 325 1
13101 325 1
13102 325 1
13103 325 1
13104 325 1
13105 325 1
13106 325 1
13107 325 1
13108 325 1
13109 325 1
13110 325 1
13111 325 1
13112 325 1
327 326 1
612 327 1
732 327 1
2026 327 1
16843 327 1
21603 327 1
330 329 1
336 330 1
480 330 1
733 330 1
736 330 1
798 330 1
841 330 1
965 330 1
1065 330 1
1082 330 1
1266 330 1
1710 330 1
1711 330 1
1712 330 1
1713 330 1
1714 330 1
1715 330 1
1716 330 1
1717 330 1
1718 330 1
1719 330 1
1720 330 1
1721 330 1
1722 330 1
1723 330 1
1724 330 1
1725 330 1
1726 330 1
1727 330 1
1728 330 1
1729 330 1
1730 330 1
1731 330 1
1732 330 1
1733 330 1
1734 330 1
1735 330 1
1736 330 1
1737 330 1
1738 330 1
1739 330 1
1740 330 1
1741 330 1
1742 330 1
1743 330 1
1744 330 1
1745 330 1
1746 330 1
1747 330 1
1748 330 1
1749 330 1
1750 330 1
1751 330 1
1752 330 1
1753 330 1
1754 330 1
1755 330 1
1756 330 1
1757 330 1
1758 330 1
1759 330 1
1760 330 1
1761 330 1
1762 330 1
1763 330 1
1764 330 1
1765 330 1
1766 330 1
1767 330 1
1768 330 1
1769 330 1
1770 330 1
1771 330 1
1772 330 1
1773 330 1
1774 330 1
1775 330 1
1776 330 1
1777 330 1
1778 330 1
1779 330 1
1780 330 1
1781 330 1
1782 330 1
1783 330 1
1784 330 1
1785 330 1
1786 330 1
1787 330 1
1788 330 1
1789 330 1
1790 330 1
1791 330 1
1792 330 1
1793 330 1
1794 330 1
1795 330 1
1796 330 1
1797 330 1
1798 330 1
1799 330 1
1800 330 1
1801 330 1
1802 330 1
1803 330 1
1804 330 1
1805 330 1
1806 330 1
1807 330 1
1808 330 1
1809 330 1
1810 330 1
1811 330 1
1812 330 1
1813 330 1
1814 330 1
1815 330 1
1816 330 1
1817 330 1
1818 330 1
1819 330 1
1820 330 1
1821 330 1
1822 330 1
1823 330 1
1824 330 1
1825 330 1
1826 330 1
1827 330 1
1828 330 1
1829 330 1
1830 330 1
1831 330 1
1832 330 1
1833 330 1
1834 330 1
1835 330 1
1836 330 1
1837 330 1
1838 330 1
1839 330 1
1840 330 1
1841 330 1
1842 330 1
1843 330 1
1844 330 1
1845 330 1
1846 330 1
1847 330 1
1848 330 1
1849 330 1
1850 330 1
1851 330 1
1852 330 1
1853 330 1
1854 330 1
1855 330 1
1856 330 1
1857 330 1
1858 330 1
1859 330 1
1860 330 1
1861 330 1
1862 330 1
1863 330 1
1864 330 1
1865 330 1
1866 330 1
1867 330 1
1868 330 1
1869 330 1
333 332 1
346 333 1
367 333 1
370 333 1
372 333 1
376 333 1
379 333 1
404 333 1
440 333 1
451 333 1
455 333 1
488 333 1
504 333 1
531 333 1
535 333 1
612 333 1
638 333 1
678 333 1
711 333 1
732 333 1
733 333 1
736 333 1
774 333 1
778 333 1
783 333 1
798 333 1
799 333 1
810 333 1
841 333 1
902 333 1
957 333 1
971 333 1
975 333 1
1024 333 1
1073 333 1
1085 333 1
1130 333 1
1209 333 1
1225 333 1
1226 333 1
1271 333 1
1281 333 1
1289 333 1
1303 333 1
1468 333 1
1487 333 1
1489 333 1
1520 333 1
1544 333 1
1552 333 1
1581 333 1
1592 333 1
1593 333 1
1622 333 1
1682 333 1
1692 333 1
1878 333 1
1937 333 1
2008 333 1
2009 333 1
2073 333 1
2333 333 1
2337 333 1
2339 333 1
2348 333 1
2380 333 1
2402 333 1
2403 333 1
2419 333 1
2429 333 1
2452 333 1
2460 333 1
2559 333 1
2608 333 1
2632 333 1
2750 333 1
2783 333 1
2824 333 1
2836 333 1
2861 333 1
2872 333 1
2894 333 1
3008 333 1
3123 333 1
3257 333 1
3264 333 1
3461 333 1
3516 333 1
3529 333 1
3673 333 1
3756 333 1
3784 333 1
3798 333 1
3842 333 1
3923 333 1
3962 333 1
4058 333 1
4060 333 1
4089 333 1
4136 333 1
4167 333 1
4174 333 1
4184 333 1
4358 333 1
4361 333 1
4394 333 1
4419 333 1
4475 333 1
4522 333 1
4611 333 1
4633 333 1
4709 333 1
4972 333 1
5006 333 1
5013 333 1
5032 333 1
5046 333 1
5063 333 1
5242 333 1
5262 333 1
5363 333 1
5394 333 1
5431 333 1
5870 333 1
5959 333 1
6003 333 1
6008 333 1
6119 333 1
6143 333 1
6233 333 1
6249 333 1
6328 333 1
6335 333 1
6488 333 1
6503 333 1
6607 333 1
6669 333 1
6674 333 1
6725 333 1
6756 333 1
6788 333 1
6792 333 1
6793 333 1
6827 333 1
6863 333 1
6872 333 1
6883 333 1
7039 333 1
7169 333 1
7232 333 1
7274 333 1
7318 333 1
7436 333 1
7440 333 1
7499 333 1
7517 333 1
7550 333 1
7553 333 1
7629 333 1
7634 333 1
7652 333 1
7677 333 1
7681 333 1
7697 333 1
7733 333 1
7742 333 1
7765 333 1
7806 333 1
7832 333 1
7840 333 1
7844 333 1
7878 333 1
7892 333 1
7899 333 1
7913 333 1
7919 333 1
7928 333 1
7988 333 1
8016 333 1
8037 333 1
8102 333 1
8106 333 1
8162 333 1
8200 333 1
8268 333 1
8276 333 1
8337 333 1
8340 333 1
8356 333 1
8400 333 1
8407 333 1
8439 333 1
8455 333 1
8481 333 1
8523 333 1
8531 333 1
8539 333 1
8566 333 1
8586 333 1
8600 333 1
8624 333 1
8731 333 1
8767 333 1
8787 333 1
8805 333 1
8898 333 1
8944 333 1
8981 333 1
8997 333 1
9007 333 1
9008 333 1
9017 333 1
9101 333 1
9111 333 1
9120 333 1
9125 333 1
9137 333 1
9146 333 1
9390 333 1
9396 333 1
9610 333 1
9641 333 1
9912 333 1
10102 333 1
10127 333 1
10203 333 1
10266 333 1
10280 333 1
10313 333 1
10387 333 1
10532 333 1
10690 333 1
10696 333 1
10835 333 1
10850 333 1
10858 333 1
10860 333 1
11044 333 1
11090 333 1
11189 333 1
11241 333 1
11307 333 1
11353 333 1
11372 333 1
11459 333 1
11460 333 1
11487 333 1
11507 333 1
11612 333 1
11641 333 1
11646 333 1
11678 333 1
11682 333 1
11706 333 1
11746 333 1
11763 333 1
11765 333 1
11776 333 1
11781 333 1
11783 333 1
11977 333 1
12050 333 1
12070 333 1
12116 333 1
12210 333 1
12222 333 1
12226 333 1
12244 333 1
12264 333 1
12310 333 1
12337 333 1
12367 333 1
12368 333 1
12371 333 1
12392 333 1
12407 333 1
12498 333 1
12541 333 1
12759 333 1
12847 333 1
12872 333 1
12916 333 1
12975 333 1
13063 333 1
13081 333 1
13256 333 1
13269 333 1
13298 333 1
13312 333 1
13441 333 1
13443 333 1
13510 333 1
13531 333 1
13560 333 1
13563 333 1
13579 333 1
13590 333 1
13612 333 1
13635 333 1
13657 333 1
13750 333 1
13889 333 1
14022 333 1
14023 333 1
14058 333 1
14191 333 1
14194 333 1
14424 333 1
14466 333 1
14517 333 1
14534 333 1
14619 333 1
14648 333 1
14673 333 1
14674 333 1
14677 333 1
14707 333 1
14710 333 1
14753 333 1
14787 333 1
14846 333 1
14868 333 1
14944 333 1
15090 333 1
15097 333 1
15104 333 1
15106 333 1
15117 333 1
15125 333 1
15159 333 1
15246 333 1
15248 333 1
15255 333 1
15338 333 1
15387 333 1
15465 333 1
15492 333 1
15531 333 1
15538 333 1
15583 333 1
15591 333 1
15657 333 1
15685 333 1
15690 333 1
15754 333 1
15765 333 1
15769 333 1
15822 333 1
15855 333 1
15857 333 1
15910 333 1
16034 333 1
16075 333 1
16183 333 1
16185 333 1
16289 333 1
16530 333 1
16644 333 1
16670 333 1
16680 333 1
16725 333 1
16820 333 1
16914 333 1
16938 333 1
16975 333 1
17164 333 1
17194 333 1
17229 333 1
17252 333 1
17257 333 1
17322 333 1
17329 333 1
17331 333 1
17334 333 1
17353 333 1
17358 333 1
17381 333 1
17427 333 1
17430 333 1
17446 333 1
17455 333 1
17461 333 1
17467 333 1
17498 333 1
17533 333 1
17535 333 1
17559 333 1
17578 333 1
17591 333 1
17593 333 1
17594 333 1
17600 333 1
17617 333 1
17629 333 1
17630 333 1
17681 333 1
17695 333 1
17701 333 1
17717 333 1
17719 333 1
17725 333 1
17736 333 1
17763 333 1
17774 333 1
17777 333 1
17816 333 1
17830 333 1
17860 333 1
17864 333 1
17916 333 1
18001 333 1
18065 333 1
18074 333 1
18303 333 1
18394 333 1
18430 333 1
18593 333 1
18724 333 1
18817 333 1
18856 333 1
18879 333 1
18915 333 1
18959 333 1
18987 333 1
18992 333 1
19004 333 1
19012 333 1
19127 333 1
19214 333 1
19219 333 1
19233 333 1
19255 333 1
19360 333 1
19432 333 1
19440 333 1
19515 333 1
19531 333 1
19600 333 1
19602 333 1
19614 333 1
19621 333 1
19687 333 1
19708 333 1
19722 333 1
19942 333 1
19968 333 1
19972 333 1
20116 333 1
20213 333 1
20312 333 1
20434 333 1
20515 333 1
20548 333 1
20604 333 1
20614 333 1
20620 333 1
20654 333 1
20656 333 1
20658 333 1
20668 333 1
20673 333 1
20677 333 1
20678 333 1
20681 333 1
20683 333 1
20685 333 1
20688 333 1
20692 333 1
20810 333 1
20871 333 1
20882 333 1
20937 333 1
20942 333 1
21099 333 1
21105 333 1
21106 333 1
21134 333 1
21225 333 1
21238 333 1
21340 333 1
21345 333 1
21423 333 1
21600 333 1
21650 333 1
21809 333 1
21869 333 1
21876 333 1
21913 333 1
21987 333 1
22020 333 1
22025 333 1
22049 333 1
22168 333 1
22191 333 1
22345 333 1
22451 333 1
22478 333 1
22523 333 1
22561 333 1
22581 333 1
22587 333 1
22757 333 1
22765 333 1
22790 333 1
22793 333 1
22845 333 1
22867 333 1
22901 333 1
22917 333 1
22919 333 1
22960 333 1
22973 333 1
22981 333 1
22986 333 1
23100 333 1
23150 333 1
23202 333 1
23274 333 1
23352 333 1
23513 333 1
23535 333 1
23545 333 1
23556 333 1
23561 333 1
23570 333 1
23579 333 1
23585 333 1
23599 333 1
23600 333 1
23605 333 1
23607 333 1
23616 333 1
23634 333 1
23648 333 1
23654 333 1
23666 333 1
23669 333 1
23677 333 1
23680 333 1
23692 333 1
23706 333 1
23722 333 1
23772 333 1
23777 333 1
23786 333 1
23789 333 1
23792 333 1
23807 333 1
23852 333 1
23890 333 1
23903 333 1
23904 333 1
23905 333 1
23916 333 1
23926 333 1
23938 333 1
23939 333 1
23951 333 1
23960 333 1
23977 333 1
24017 333 1
24032 333 1
24035 333 1
24038 333 1
24110 333 1
24176 333 1
24189 333 1
24199 333 1
24206 333 1
24208 333 1
24210 333 1
24222 333 1
24226 333 1
24234 333 1
24238 333 1
24243 333 1
24289 333 1
24290 333 1
24299 333 1
24306 333 1
24320 333 1
24321 333 1
24342 333 1
24345 333 1
24349 333 1
24377 333 1
24381 333 1
24396 333 1
24398 333 1
24410 333 1
24417 333 1
24421 333 1
24454 333 1
24507 333 1
24575 333 1
24578 333 1
24581 333 1
24727 333 1
24824 333 1
24850 333 1
24855 333 1
24858 333 1
24872 333 1
24892 333 1
24933 333 1
24975 333 1
24990 333 1
24994 333 1
25011 333 1
25031 333 1
25105 333 1
25111 333 1
25154 333 1
25211 333 1
25263 333 1
25303 333 1
25304 333 1
25317 333 1
25360 333 1
25380 333 1
25383 333 1
25389 333 1
25404 333 1
25463 333 1
25467 333 1
25473 333 1
25479 333 1
25495 333 1
25642 333 1
25657 333 1
25677 333 1
25773 333 1
25875 333 1
25880 333 1
25939 333 1
25974 333 1
25981 333 1
25985 333 1
25995 333 1
26042 333 1
26046 333 1
26061 333 1
26141 333 1
26165 333 1
26224 333 1
26232 333 1
26249 333 1
26251 333 1
26283 333 1
26298 333 1
26299 333 1
26300 333 1
26301 333 1
26302 333 1
26303 333 1
26304 333 1
26305 333 1
26306 333 1
26307 333 1
26308 333 1
26309 333 1
26310 333 1
26311 333 1
26312 333 1
26313 333 1
26314 333 1
26315 333 1
26316 333 1
26317 333 1
26318 333 1
26319 333 1
26320 333 1
26321 333 1
335 334 1
336 334 1
336 335 1
810 335 1
346 336 1
385 336 1
415 336 1
427 336 1
437 336 1
440 336 1
455 336 1
472 336 1
480 336 1
523 336 1
542 336 1
571 336 1
582 336 1
585 336 1
612 336 1
638 336 1
696 336 1
697 336 1
711 336 1
732 336 1
733 336 1
736 336 1
774 336 1
783 336 1
798 336 1
810 336 1
841 336 1
851 336 1
933 336 1
940 336 1
955 336 1
959 336 1
960 336 1
962 336 1
971 336 1
972 336 1
975 336 1
977 336 1
984 336 1
1081 336 1
1109 336 1
1228 336 1
1255 336 1
1281 336 1
1303 336 1
1405 336 1
1515 336 1
1517 336 1
1573 336 1
1877 336 1
1929 336 1
1939 336 1
1940 336 1
1944 336 1
2104 336 1
2169 336 1
2171 336 1
2175 336 1
2176 336 1
2181 336 1
2190 336 1
2199 336 1
2262 336 1
2267 336 1
2270 336 1
2307 336 1
2333 336 1
2339 336 1
2342 336 1
2343 336 1
2361 336 1
2374 336 1
2478 336 1
2488 336 1
2557 336 1
2563 336 1
2574 336 1
2580 336 1
2602 336 1
2603 336 1
2618 336 1
2652 336 1
2664 336 1
2696 336 1
2780 336 1
2797 336 1
2840 336 1
2890 336 1
2918 336 1
2919 336 1
2920 336 1
2926 336 1
2935 336 1
2937 336 1
2962 336 1
2991 336 1
2993 336 1
3003 336 1
3008 336 1
3019 336 1
3026 336 1
3080 336 1
3083 336 1
3092 336 1
3122 336 1
3124 336 1
3129 336 1
3144 336 1
3154 336 1
3158 336 1
3178 336 1
3184 336 1
3188 336 1
3190 336 1
3198 336 1
3226 336 1
3266 336 1
3279 336 1
3282 336 1
3292 336 1
3306 336 1
3323 336 1
3344 336 1
3345 336 1
3347 336 1
3368 336 1
3373 336 1
3386 336 1
3388 336 1
3454 336 1
3477 336 1
3532 336 1
3583 336 1
3595 336 1
4129 336 1
4220 336 1
4249 336 1
4288 336 1
4410 336 1
4475 336 1
4498 336 1
4525 336 1
4534 336 1
4555 336 1
4615 336 1
4696 336 1
4777 336 1
4798 336 1
4800 336 1
4816 336 1
4823 336 1
4842 336 1
4889 336 1
4890 336 1
4903 336 1
4904 336 1
4914 336 1
4915 336 1
4916 336 1
4918 336 1
4945 336 1
4948 336 1
4967 336 1
5054 336 1
5072 336 1
5087 336 1
5157 336 1
5183 336 1
5193 336 1
5288 336 1
5752 336 1
5889 336 1
5934 336 1
5936 336 1
5941 336 1
5946 336 1
5951 336 1
5952 336 1
5957 336 1
5959 336 1
5962 336 1
5964 336 1
5967 336 1
6026 336 1
6185 336 1
6288 336 1
6360 336 1
6369 336 1
6561 336 1
6601 336 1
7645 336 1
8492 336 1
8609 336 1
9024 336 1
9369 336 1
9821 336 1
9848 336 1
9860 336 1
9951 336 1
9991 336 1
10008 336 1
10028 336 1
10080 336 1
10148 336 1
10290 336 1
10297 336 1
10340 336 1
10457 336 1
10515 336 1
10522 336 1
10761 336 1
10790 336 1
10804 336 1
10862 336 1
10917 336 1
10997 336 1
11009 336 1
11443 336 1
11473 336 1
11692 336 1
11695 336 1
11842 336 1
12496 336 1
12817 336 1
12828 336 1
12851 336 1
13696 336 1
13903 336 1
13921 336 1
14121 336 1
14195 336 1
14206 336 1
14213 336 1
14254 336 1
14652 336 1
14870 336 1
15047 336 1
15278 336 1
15605 336 1
15610 336 1
15646 336 1
15762 336 1
15841 336 1
15993 336 1
15994 336 1
16822 336 1
16971 336 1
17002 336 1
17870 336 1
17957 336 1
17980 336 1
18263 336 1
18345 336 1
18422 336 1
18517 336 1
18869 336 1
19833 336 1
19834 336 1
19905 336 1
20148 336 1
20412 336 1
20563 336 1
20914 336 1
20990 336 1
20994 336 1
21000 336 1
21037 336 1
21083 336 1
21266 336 1
21391 336 1
21484 336 1
21527 336 1
21598 336 1
21950 336 1
22001 336 1
22003 336 1
22257 336 1
22486 336 1
22505 336 1
22567 336 1
22698 336 1
22717 336 1
23032 336 1
24008 336 1
24075 336 1
24095 336 1
24542 336 1
24642 336 1
24822 336 1
24951 336 1
24992 336 1
25045 336 1
25285 336 1
25318 336 1
25344 336 1
25367 336 1
25649 336 1
25862 336 1
25877 336 1
26031 336 1
26039 336 1
26085 336 1
26335 336 1
26455 336 1
26470 336 1
338 337 1
339 337 1
794 338 1
5870 338 1
6520 338 1
7895 338 1
11677 338 1
11678 338 1
11679 338 1
11680 338 1
11681 338 1
11682 338 1
11683 338 1
11684 338 1
11685 338 1
11686 338 1
451 339 1
458 339 1
472 339 1
799 339 1
841 339 1
3259 339 1
4664 339 1
14942 339 1
16243 339 1
16244 339 1
16245 339 1
16246 339 1
16247 339 1
341 340 1
957 341 1
1581 341 1
1945 341 1
4174 341 1
4689 341 1
5363 341 1
6701 341 1
6967 341 1
7731 341 1
8164 341 1
9686 341 1
10528 341 1
11998 341 1
13014 341 1
13341 341 1
14826 341 1
17199 341 1
17291 341 1
17609 341 1
17777 341 1
17860 341 1
18721 341 1
19434 341 1
20178 341 1
22206 341 1
23524 341 1
24293 341 1
24392 341 1
24409 341 1
25947 341 1
25948 341 1
343 342 1
344 342 1
571 343 1
638 343 1
1376 343 1
1435 343 1
2405 343 1
16900 343 1
18794 343 1
18893 343 1
451 344 1
537 344 1
571 344 1
674 344 1
1315 344 1
1376 344 1
2326 344 1
2345 344 1
2346 344 1
2350 344 1
2360 344 1
2362 344 1
2372 344 1
2382 344 1
2388 344 1
2401 344 1
2405 344 1
2407 344 1
2408 344 1
2427 344 1
3614 344 1
3617 344 1
4126 344 1
5153 344 1
5308 344 1
6309 344 1
6454 344 1
6525 344 1
7375 344 1
8040 344 1
8541 344 1
9265 344 1
11910 344 1
11913 344 1
11914 344 1
11919 344 1
11923 344 1
11925 344 1
11933 344 1
11935 344 1
11943 344 1
12630 344 1
14486 344 1
14652 344 1
14887 344 1
15027 344 1
15972 344 1
17072 344 1
17998 344 1
18311 344 1
18456 344 1
18531 344 1
19536 344 1
19623 344 1
20005 344 1
20075 344 1
20721 344 1
20894 344 1
21667 344 1
21668 344 1
21669 344 1
21670 344 1
21671 344 1
21672 344 1
21673 344 1
21674 344 1
21675 344 1
21676 344 1
21677 344 1
21678 344 1
21679 344 1
21680 344 1
21681 344 1
21682 344 1
21683 344 1
346 345 1
448 346 1
451 346 1
455 346 1
457 346 1
458 346 1
463 346 1
472 346 1
480 346 1
481 346 1
485 346 1
488 346 1
491 346 1
493 346 1
502 346 1
504 346 1
505 346 1
513 346 1
522 346 1
531 346 1
661 346 1
1177 346 1
1299 346 1
1581 346 1
3208 346 1
4274 346 1
4448 346 1
4462 346 1
4737 346 1
4830 346 1
5715 346 1
5995 346 1
6077 346 1
6478 346 1
7151 346 1
7609 346 1
7706 346 1
8181 346 1
8368 346 1
8654 346 1
8659 346 1
8660 346 1
8666 346 1
8668 346 1
8669 346 1
10456 346 1
11134 346 1
11367 346 1
11743 346 1
12091 346 1
14173 346 1
14432 346 1
15181 346 1
15412 346 1
15413 346 1
15414 346 1
15415 346 1
15416 346 1
15417 346 1
15418 346 1
15419 346 1
15420 346 1
15421 346 1
15422 346 1
15423 346 1
15424 346 1
15425 346 1
15426 346 1
15427 346 1
15428 346 1
15429 346 1
15430 346 1
15431 346 1
15432 346 1
15433 346 1
15434 346 1
15435 346 1
15436 346 1
15437 346 1
15438 346 1
15439 346 1
15440 346 1
15441 346 1
15442 346 1
15443 346 1
15444 346 1
15445 346 1
15446 346 1
15447 346 1
15448 346 1
15449 346 1
15450 346 1
15451 346 1
15452 346 1
15453 346 1
15454 346 1
349 348 1
3420 349 1
352 351 1
810 352 1
841 352 1
1063 352 1
1959 352 1
1965 352 1
1966 352 1
1971 352 1
1980 352 1
1983 352 1
1986 352 1
4194 352 1
4566 352 1
4567 352 1
4568 352 1
4569 352 1
4570 352 1
4571 352 1
4572 352 1
4573 352 1
4574 352 1
4575 352 1
4576 352 1
4577 352 1
4578 352 1
4579 352 1
4580 352 1
4581 352 1
4582 352 1
4583 352 1
4584 352 1
4585 352 1
4586 352 1
4587 352 1
4588 352 1
4589 352 1
4590 352 1
4591 352 1
4592 352 1
4593 352 1
4594 352 1
4595 352 1
4596 352 1
4597 352 1
4598 352 1
4599 352 1
4600 352 1
4601 352 1
4602 352 1
4603 352 1
4604 352 1
4605 352 1
4606 352 1
354 353 1
355 353 1
2476 354 1
2723 354 1
12288 354 1
16662 354 1
21564 354 1
22484 354 1
446 355 1
523 355 1
1552 355 1
2186 355 1
2243 355 1
7472 355 1
7691 355 1
8055 355 1
8115 355 1
8899 355 1
8945 355 1
9613 355 1
10560 355 1
11818 355 1
11985 355 1
12156 355 1
12480 355 1
12808 355 1
13398 355 1
14031 355 1
14953 355 1
15899 355 1
16008 355 1
17184 355 1
17210 355 1
17451 355 1
17677 355 1
19274 355 1
19474 355 1
20299 355 1
21141 355 1
22769 355 1
23655 355 1
24273 355 1
24752 355 1
25015 355 1
25702 355 1
26386 355 1
26410 355 1
359 358 1
360 358 1
571 359 1
1059 359 1
1412 359 1
1887 359 1
2327 359 1
2453 359 1
2900 359 1
2959 359 1
2973 359 1
3292 359 1
3425 359 1
3938 359 1
4196 359 1
6110 359 1
6928 359 1
7043 359 1
7512 359 1
8282 359 1
8392 359 1
8727 359 1
9967 359 1
10449 359 1
10529 359 1
10627 359 1
10655 359 1
10822 359 1
10894 359 1
13487 359 1
13797 359 1
14046 359 1
14174 359 1
14450 359 1
14672 359 1
14726 359 1
16686 359 1
17274 359 1
18798 359 1
19709 359 1
19952 359 1
20611 359 1
21356 359 1
21786 359 1
22344 359 1
22779 359 1
22996 359 1
23039 359 1
23046 359 1
23071 359 1
23808 359 1
23813 359 1
23910 359 1
23954 359 1
24022 359 1
24023 359 1
24024 359 1
24025 359 1
24026 359 1
24027 359 1
24028 359 1
24029 359 1
24030 359 1
24031 359 1
571 360 1
1523 360 1
2005 360 1
2218 360 1
2327 360 1
2739 360 1
3199 360 1
3292 360 1
4080 360 1
4573 360 1
5203 360 1
5329 360 1
6489 360 1
8203 360 1
9051 360 1
9689 360 1
10283 360 1
10371 360 1
10419 360 1
10670 360 1
13097 360 1
14463 360 1
14537 360 1
15321 360 1
15325 360 1
15328 360 1
15329 360 1
16932 360 1
16934 360 1
17729 360 1
18960 360 1
19652 360 1
21061 360 1
21142 360 1
21957 360 1
22555 360 1
22934 360 1
23038 360 1
23039 360 1
23040 360 1
23041 360 1
23042 360 1
23043 360 1
23044 360 1
23045 360 1
23046 360 1
23047 360 1
23048 360 1
362 361 1
363 361 1
364 361 1
365 361 1
366 361 1
367 361 1
368 361 1
369 361 1
370 361 1
371 361 1
372 361 1
373 361 1
374 361 1
375 361 1
376 361 1
377 361 1
378 361 1
379 361 1
380 361 1
381 361 1
382 361 1
22908 362 1
22909 362 1
440 367 1
531 367 1
630 367 1
718 367 1
778 367 1
841 367 1
1491 367 1
1522 367 1
9865 367 1
10477 367 1
10534 367 1
10901 367 1
703 369 1
523 374 1
8971 374 1
12270 374 1
12332 374 1
22337 374 1
22338 374 1
918 378 1
3445 378 1
4647 378 1
12123 378 1
5105 379 1
4184 382 1
385 384 1
736 385 1
387 386 1
388 386 1
389 386 1
390 386 1
391 386 1
392 386 1
393 386 1
394 386 1
395 386 1
4041 387 1
619 388 1
13756 388 1
1561 391 1
5115 394 1
6171 394 1
619 395 1
2447 395 1
4041 395 1
4712 395 1
399 398 1
437 399 1
453 399 1
463 399 1
467 399 1
488 399 1
1299 399 1
1486 399 1
2155 399 1
5089 399 1
5190 399 1
6258 399 1
6520 399 1
7694 399 1
8047 399 1
8181 399 1
8306 399 1
8388 399 1
8661 399 1
8824 399 1
11056 399 1
15422 399 1
15441 399 1
15445 399 1
15448 399 1
15450 399 1
16560 399 1
16620 399 1
16989 399 1
17804 399 1
18493 399 1
18742 399 1
18743 399 1
18744 399 1
18745 399 1
18746 399 1
18747 399 1
18748 399 1
18749 399 1
18750 399 1
18751 399 1
18752 399 1
18753 399 1
18754 399 1
18755 399 1
18756 399 1
18757 399 1
401 400 1
402 400 1
608 401 1
736 401 1
1723 401 1
1745 401 1
1750 401 1
2444 401 1
4386 401 1
4665 401 1
4667 401 1
5025 401 1
5030 401 1
5753 401 1
5754 401 1
5755 401 1
5756 401 1
5757 401 1
5758 401 1
5759 401 1
5760 401 1
5761 401 1
5762 401 1
5763 401 1
5764 401 1
5765 401 1
5766 401 1
5767 401 1
5768 401 1
5769 401 1
5770 401 1
5771 401 1
5772 401 1
5773 401 1
5774 401 1
5775 401 1
5776 401 1
5777 401 1
5778 401 1
5779 401 1
5780 401 1
5781 401 1
5782 401 1
5783 401 1
5784 401 1
5785 401 1
5786 401 1
5787 401 1
5788 401 1
5789 401 1
5790 401 1
5791 401 1
5792 401 1
5793 401 1
5794 401 1
5795 401 1
5796 401 1
5797 401 1
5798 401 1
5799 401 1
5800 401 1
5801 401 1
5802 401 1
5803 401 1
5804 401 1
5805 401 1
5806 401 1
5807 401 1
5808 401 1
5809 401 1
5810 401 1
5811 401 1
5812 401 1
5813 401 1
5814 401 1
5815 401 1
5816 401 1
5817 401 1
5818 401 1
5819 401 1
5820 401 1
5821 401 1
5822 401 1
5823 401 1
5824 401 1
701 402 1
404 403 1
440 404 1
451 404 1
455 404 1
472 404 1
488 404 1
504 404 1
531 404 1
571 404 1
678 404 1
733 404 1
798 404 1
869 404 1
871 404 1
1581 404 1
2152 404 1
2337 404 1
2772 404 1
2924 404 1
2973 404 1
3000 404 1
3122 404 1
3268 404 1
3301 404 1
3825 404 1
3880 404 1
3882 404 1
4278 404 1
4909 404 1
5066 404 1
5959 404 1
6731 404 1
9118 404 1
9241 404 1
9245 404 1
9250 404 1
10019 404 1
10623 404 1
13693 404 1
17009 404 1
17821 404 1
18377 404 1
18802 404 1
18902 404 1
19291 404 1
22061 404 1
24083 404 1
25354 404 1
25531 404 1
25638 404 1
26389 404 1
26390 404 1
409 408 1
640 409 1
755 409 1
767 409 1
810 409 1
1165 409 1
1278 409 1
1279 409 1
1639 409 1
1659 409 1
1663 409 1
1668 409 1
1675 409 1
2238 409 1
4396 409 1
4745 409 1
5142 409 1
5147 409 1
5877 409 1
6535 409 1
11144 409 1
11440 409 1
11675 409 1
11879 409 1
12565 409 1
12577 409 1
12893 409 1
12955 409 1
12985 409 1
13160 409 1
13198 409 1
13199 409 1
13210 409 1
13214 409 1
13220 409 1
13233 409 1
13389 409 1
15380 409 1
16083 409 1
16421 409 1
16422 409 1
17776 409 1
17923 409 1
18312 409 1
18320 409 1
19853 409 1
20004 409 1
20139 409 1
20578 409 1
20707 409 1
20946 409 1
21713 409 1
21714 409 1
21715 409 1
21716 409 1
21717 409 1
21718 409 1
21719 409 1
21720 409 1
21721 409 1
21722 409 1
21723 409 1
21724 409 1
21725 409 1
21726 409 1
21727 409 1
21728 409 1
21729 409 1
21730 409 1
21731 409 1
21732 409 1
21733 409 1
21734 409 1
21735 409 1
21736 409 1
21737 409 1
21738 409 1
21739 409 1
21740 409 1
21741 409 1
21742 409 1
21743 409 1
21744 409 1
21745 409 1
21746 409 1
21747 409 1
21748 409 1
21749 409 1
411 410 1
565 411 1
818 411 1
881 411 1
1336 411 1
1467 411 1
3122 411 1
5463 411 1
5494 411 1
5506 411 1
5559 411 1
5560 411 1
5606 411 1
5628 411 1
5642 411 1
5672 411 1
5691 411 1
5692 411 1
5704 411 1
6315 411 1
9228 411 1
10059 411 1
10933 411 1
12689 411 1
14602 411 1
18433 411 1
18670 411 1
18698 411 1
18699 411 1
19169 411 1
19170 411 1
19171 411 1
19172 411 1
19173 411 1
19174 411 1
19175 411 1
19176 411 1
19177 411 1
413 412 1
504 413 1
861 413 1
918 413 1
2297 413 1
6131 413 1
15386 413 1
18243 413 1
21943 413 1
22053 413 1
22440 413 1
22538 413 1
22829 413 1
25394 413 1
25706 413 1
25771 413 1
26400 413 1
415 414 1
612 415 1
733 415 1
3092 415 1
11820 415 1
15120 415 1
21694 415 1
417 416 1
418 416 1
612 417 1
736 417 1
924 417 1
1069 417 1
4168 417 1
4294 417 1
5160 417 1
6464 417 1
13337 417 1
13759 417 1
13914 417 1
14543 417 1
16632 417 1
18182 417 1
18601 417 1
19018 417 1
20892 417 1
21817 417 1
22066 417 1
22527 417 1
24742 417 1
24759 417 1
25723 417 1
26007 417 1
26038 417 1
26402 417 1
26403 417 1
26445 417 1
737 418 1
810 418 1
1069 418 1
4681 418 1
5149 418 1
13428 418 1
16466 418 1
18544 418 1
18834 418 1
18835 418 1
18836 418 1
18837 418 1
18838 418 1
18839 418 1
18840 418 1
18841 418 1
18842 418 1
420 419 1
421 419 1
422 419 1
423 419 1
5354 420 1
18971 421 1
5829 422 1
5829 423 1
425 424 1
1284 425 1
2140 425 1
2571 425 1
3043 425 1
3676 425 1
4067 425 1
5155 425 1
6029 425 1
6030 425 1
6101 425 1
6424 425 1
7719 425 1
8697 425 1
8833 425 1
9526 425 1
9646 425 1
11054 425 1
11128 425 1
11442 425 1
11571 425 1
11572 425 1
11575 425 1
11579 425 1
11580 425 1
11581 425 1
11584 425 1
11585 425 1
11586 425 1
11587 425 1
11588 425 1
11589 425 1
11592 425 1
11593 425 1
11596 425 1
11597 425 1
11599 425 1
11602 425 1
11629 425 1
11665 425 1
11732 425 1
12898 425 1
13601 425 1
14312 425 1
14316 425 1
15615 425 1
16032 425 1
16312 425 1
16916 425 1
17080 425 1
17925 425 1
19019 425 1
19138 425 1
19210 425 1
19517 425 1
19769 425 1
20013 425 1
20329 425 1
20386 425 1
21136 425 1
21148 425 1
21570 425 1
21628 425 1
22011 425 1
22184 425 1
22353 425 1
22380 425 1
22385 425 1
22416 425 1
22577 425 1
22975 425 1
23933 425 1
24091 425 1
24603 425 1
24614 425 1
24615 425 1
24616 425 1
24617 425 1
24618 425 1
24619 425 1
24620 425 1
24621 425 1
24622 425 1
24623 425 1
24624 425 1
24625 425 1
24626 425 1
24627 425 1
24628 425 1
24629 425 1
24630 425 1
24631 425 1
24632 425 1
24633 425 1
24634 425 1
24635 425 1
24636 425 1
24637 425 1
24638 425 1
427 426 1
829 427 1
429 428 1
430 428 1
431 428 1
430 429 1
971 429 1
2626 429 1
810 430 1
6572 430 1
19265 430 1
2626 431 1
434 433 1
736 434 1
789 434 1
887 434 1
1586 434 1
2019 434 1
5177 434 1
8827 434 1
10355 434 1
16013 434 1
16849 434 1
19037 434 1
20290 434 1
20291 434 1
20292 434 1
20293 434 1
436 435 1
440 436 1
782 436 1
1599 436 1
2567 436 1
2703 436 1
3655 436 1
4248 436 1
4255 436 1
4256 436 1
4258 436 1
4958 436 1
5741 436 1
6671 436 1
8706 436 1
8707 436 1
9792 436 1
9846 436 1
10024 436 1
11017 436 1
12861 436 1
13258 436 1
13393 436 1
13394 436 1
14119 436 1
14214 436 1
14224 436 1
14234 436 1
14246 436 1
14259 436 1
14268 436 1
14282 436 1
16601 436 1
16968 436 1
17810 436 1
17933 436 1
18486 436 1
18487 436 1
18617 436 1
18973 436 1
19424 436 1
20115 436 1
20817 436 1
21320 436 1
22258 436 1
22262 436 1
22263 436 1
22264 436 1
22265 436 1
22266 436 1
22267 436 1
22268 436 1
22269 436 1
22270 436 1
22271 436 1
438 437 1
439 437 1
440 437 1
441 437 1
442 437 1
443 437 1
444 437 1
445 437 1
446 437 1
447 437 1
448 437 1
449 437 1
450 437 1
451 437 1
452 437 1
453 437 1
454 437 1
455 437 1
456 437 1
457 437 1
458 437 1
459 437 1
460 437 1
461 437 1
462 437 1
463 437 1
464 437 1
465 437 1
466 437 1
467 437 1
468 437 1
469 437 1
470 437 1
471 437 1
472 437 1
473 437 1
474 437 1
475 437 1
476 437 1
477 437 1
478 437 1
479 437 1
480 437 1
481 437 1
482 437 1
483 437 1
484 437 1
485 437 1
486 437 1
487 437 1
488 437 1
489 437 1
490 437 1
491 437 1
492 437 1
493 437 1
494 437 1
495 437 1
496 437 1
497 437 1
498 437 1
499 437 1
500 437 1
501 437 1
502 437 1
503 437 1
504 437 1
505 437 1
506 437 1
507 437 1
508 437 1
509 437 1
510 437 1
511 437 1
512 437 1
513 437 1
514 437 1
515 437 1
516 437 1
517 437 1
518 437 1
519 437 1
520 437 1
521 437 1
522 437 1
523 437 1
524 437 1
525 437 1
526 437 1
527 437 1
528 437 1
529 437 1
530 437 1
531 437 1
532 437 1
533 437 1
488 439 1
7817 439 1
16157 439 1
446 440 1
472 440 1
488 440 1
531 440 1
560 440 1
571 440 1
582 440 1
612 440 1
678 440 1
711 440 1
733 440 1
736 440 1
748 440 1
774 440 1
783 440 1
797 440 1
798 440 1
799 440 1
810 440 1
841 440 1
851 440 1
940 440 1
955 440 1
971 440 1
975 440 1
1255 440 1
1281 440 1
1303 440 1
1487 440 1
1939 440 1
2054 440 1
2144 440 1
2165 440 1
2175 440 1
2176 440 1
2307 440 1
2337 440 1
2339 440 1
2342 440 1
2374 440 1
2380 440 1
2429 440 1
2574 440 1
2643 440 1
2758 440 1
2786 440 1
2811 440 1
2880 440 1
2940 440 1
2948 440 1
2993 440 1
3008 440 1
3050 440 1
3122 440 1
3144 440 1
3266 440 1
3347 440 1
4048 440 1
4262 440 1
4475 440 1
4647 440 1
4786 440 1
4866 440 1
4909 440 1
4918 440 1
4948 440 1
5826 440 1
5827 440 1
5828 440 1
5829 440 1
5830 440 1
5831 440 1
5832 440 1
5833 440 1
5834 440 1
5835 440 1
5836 440 1
5837 440 1
5838 440 1
5839 440 1
5840 440 1
5841 440 1
5842 440 1
5843 440 1
5844 440 1
5845 440 1
5846 440 1
5847 440 1
5848 440 1
5849 440 1
5850 440 1
5851 440 1
5852 440 1
5853 440 1
5854 440 1
5855 440 1
5856 440 1
483 441 1
531 441 1
4973 441 1
13377 441 1
16147 441 1
16152 441 1
18750 441 1
21302 441 1
22542 441 1
472 442 1
488 442 1
531 442 1
612 442 1
842 442 1
1487 442 1
8116 442 1
8658 442 1
11056 442 1
14173 442 1
15434 442 1
15924 442 1
16423 442 1
16654 442 1
21780 442 1
21963 442 1
23314 442 1
26204 442 1
26205 442 1
26206 442 1
506 443 1
736 445 1
455 446 1
472 446 1
488 446 1
531 446 1
733 446 1
759 446 1
798 446 1
841 446 1
862 446 1
1179 446 1
1230 446 1
4379 446 1
4695 446 1
5354 446 1
5725 446 1
5959 446 1
6120 446 1
12673 446 1
12766 446 1
14641 446 1
14976 446 1
15309 446 1
15534 446 1
16832 446 1
17451 446 1
17879 446 1
18292 446 1
19763 446 1
22171 446 1
1487 447 1
7510 447 1
491 448 1
531 448 1
452 449 1
736 449 1
1487 449 1
612 450 1
2950 450 1
455 451 1
458 451 1
472 451 1
504 451 1
531 451 1
571 451 1
612 451 1
636 451 1
637 451 1
638 451 1
667 451 1
668 451 1
673 451 1
697 451 1
711 451 1
732 451 1
733 451 1
736 451 1
774 451 1
778 451 1
783 451 1
806 451 1
841 451 1
851 451 1
872 451 1
933 451 1
954 451 1
957 451 1
960 451 1
962 451 1
971 451 1
982 451 1
984 451 1
1032 451 1
1033 451 1
1059 451 1
1191 451 1
1209 451 1
1225 451 1
1281 451 1
1297 451 1
1303 451 1
1315 451 1
1329 451 1
1335 451 1
1347 451 1
1360 451 1
1373 451 1
1376 451 1
1378 451 1
1379 451 1
1380 451 1
1388 451 1
1413 451 1
1414 451 1
1437 451 1
1481 451 1
1487 451 1
1517 451 1
1532 451 1
1534 451 1
1558 451 1
1581 451 1
1937 451 1
2008 451 1
2046 451 1
2063 451 1
2173 451 1
2276 451 1
2311 451 1
2312 451 1
2313 451 1
2314 451 1
2315 451 1
2316 451 1
2317 451 1
2318 451 1
2319 451 1
2320 451 1
2321 451 1
2322 451 1
2323 451 1
2324 451 1
2325 451 1
2326 451 1
2327 451 1
2328 451 1
2329 451 1
2330 451 1
2331 451 1
2332 451 1
2333 451 1
2334 451 1
2335 451 1
2336 451 1
2337 451 1
2338 451 1
2339 451 1
2340 451 1
2341 451 1
2342 451 1
2343 451 1
2344 451 1
2345 451 1
2346 451 1
2347 451 1
2348 451 1
2349 451 1
2350 451 1
2351 451 1
2352 451 1
2353 451 1
2354 451 1
2355 451 1
2356 451 1
2357 451 1
2358 451 1
2359 451 1
2360 451 1
2361 451 1
2362 451 1
2363 451 1
2364 451 1
2365 451 1
2366 451 1
2367 451 1
2368 451 1
2369 451 1
2370 451 1
2371 451 1
2372 451 1
2373 451 1
2374 451 1
2375 451 1
2376 451 1
2377 451 1
2378 451 1
2379 451 1
2380 451 1
2381 451 1
2382 451 1
2383 451 1
2384 451 1
2385 451 1
2386 451 1
2387 451 1
2388 451 1
2389 451 1
2390 451 1
2391 451 1
2392 451 1
2393 451 1
2394 451 1
2395 451 1
2396 451 1
2397 451 1
2398 451 1
2399 451 1
2400 451 1
2401 451 1
2402 451 1
2403 451 1
2404 451 1
2405 451 1
2406 451 1
2407 451 1
2408 451 1
2409 451 1
2410 451 1
2411 451 1
2412 451 1
2413 451 1
2414 451 1
2415 451 1
2416 451 1
2417 451 1
2418 451 1
2419 451 1
2420 451 1
2421 451 1
2422 451 1
2423 451 1
2424 451 1
2425 451 1
2426 451 1
2427 451 1
2428 451 1
2429 451 1
2430 451 1
2431 451 1
484 452 1
507 452 1
522 452 1
15692 452 1
16423 452 1
17871 452 1
18753 452 1
18756 452 1
24967 452 1
4523 454 1
4524 454 1
504 455 1
531 455 1
612 455 1
637 455 1
638 455 1
666 455 1
711 455 1
736 455 1
771 455 1
783 455 1
798 455 1
799 455 1
806 455 1
810 455 1
818 455 1
832 455 1
841 455 1
851 455 1
854 455 1
912 455 1
940 455 1
957 455 1
975 455 1
982 455 1
1057 455 1
1209 455 1
1297 455 1
1303 455 1
1318 455 1
1340 455 1
1376 455 1
1389 455 1
1390 455 1
1400 455 1
1424 455 1
1517 455 1
1549 455 1
1552 455 1
1575 455 1
1910 455 1
2210 455 1
2233 455 1
2276 455 1
2312 455 1
2316 455 1
2337 455 1
2339 455 1
2342 455 1
2343 455 1
2361 455 1
2368 455 1
2374 455 1
2378 455 1
2389 455 1
2412 455 1
2417 455 1
2419 455 1
2429 455 1
2473 455 1
2649 455 1
2661 455 1
2727 455 1
2821 455 1
2993 455 1
3122 455 1
3213 455 1
3222 455 1
3266 455 1
3350 455 1
3386 455 1
3555 455 1
3802 455 1
4008 455 1
4074 455 1
4288 455 1
4475 455 1
4743 455 1
4895 455 1
4918 455 1
5002 455 1
5676 455 1
5949 455 1
5963 455 1
5967 455 1
6005 455 1
6441 455 1
6889 455 1
7023 455 1
7315 455 1
7337 455 1
7354 455 1
7996 455 1
8059 455 1
9520 455 1
9572 455 1
9574 455 1
9602 455 1
10862 455 1
10888 455 1
11408 455 1
11723 455 1
11854 455 1
11860 455 1
11862 455 1
12664 455 1
12666 455 1
13055 455 1
14068 455 1
14365 455 1
16370 455 1
16376 455 1
16388 455 1
16513 455 1
16739 455 1
17069 455 1
17481 455 1
18101 455 1
18107 455 1
18113 455 1
18541 455 1
18868 455 1
19369 455 1
19558 455 1
19562 455 1
19843 455 1
20076 455 1
20619 455 1
20884 455 1
21783 455 1
22529 455 1
22873 455 1
23533 455 1
23643 455 1
24003 455 1
24510 455 1
25003 455 1
25096 455 1
25606 455 1
25607 455 1
25608 455 1
25609 455 1
523 458 1
531 458 1
612 458 1
638 458 1
715 458 1
771 458 1
774 458 1
778 458 1
806 458 1
851 458 1
957 458 1
1059 458 1
1209 458 1
1303 458 1
1376 458 1
1468 458 1
1517 458 1
2007 458 1
2008 458 1
2314 458 1
2316 458 1
2333 458 1
2339 458 1
2342 458 1
2372 458 1
2374 458 1
2380 458 1
2403 458 1
2412 458 1
2419 458 1
2422 458 1
2429 458 1
2941 458 1
3222 458 1
3485 458 1
3534 458 1
3607 458 1
4475 458 1
4839 458 1
4844 458 1
4866 458 1
4933 458 1
5348 458 1
6731 458 1
8166 458 1
8305 458 1
9561 458 1
9932 458 1
9991 458 1
10381 458 1
11073 458 1
13491 458 1
16559 458 1
17625 458 1
20999 458 1
21035 458 1
21115 458 1
21651 458 1
21652 458 1
21653 458 1
21654 458 1
562 459 1
477 460 1
841 460 1
4475 460 1
531 461 1
507 463 1
531 463 1
1135 463 1
1487 463 1
6262 463 1
25515 463 1
506 464 1
531 464 1
661 470 1
15925 470 1
480 472 1
483 472 1
488 472 1
498 472 1
510 472 1
582 472 1
589 472 1
638 472 1
696 472 1
697 472 1
711 472 1
732 472 1
741 472 1
742 472 1
778 472 1
783 472 1
806 472 1
810 472 1
841 472 1
851 472 1
871 472 1
933 472 1
940 472 1
962 472 1
971 472 1
975 472 1
977 472 1
984 472 1
1108 472 1
1109 472 1
1117 472 1
1281 472 1
1303 472 1
1517 472 1
1532 472 1
1575 472 1
1581 472 1
1632 472 1
2008 472 1
2009 472 1
2012 472 1
2028 472 1
2175 472 1
2176 472 1
2199 472 1
2276 472 1
2316 472 1
2321 472 1
2327 472 1
2342 472 1
2343 472 1
2348 472 1
2354 472 1
2361 472 1
2369 472 1
2374 472 1
2378 472 1
2379 472 1
2380 472 1
2389 472 1
2403 472 1
2406 472 1
2415 472 1
2421 472 1
2422 472 1
2478 472 1
2487 472 1
2564 472 1
2574 472 1
2596 472 1
2675 472 1
2680 472 1
2698 472 1
2763 472 1
2827 472 1
2855 472 1
2937 472 1
2989 472 1
2993 472 1
3008 472 1
3114 472 1
3184 472 1
3222 472 1
3226 472 1
3227 472 1
3264 472 1
3266 472 1
3269 472 1
3323 472 1
3374 472 1
3386 472 1
3388 472 1
3404 472 1
3436 472 1
3485 472 1
3562 472 1
3694 472 1
3778 472 1
4288 472 1
4475 472 1
4647 472 1
4808 472 1
4856 472 1
4885 472 1
4898 472 1
4905 472 1
4909 472 1
4911 472 1
4918 472 1
4929 472 1
4932 472 1
4933 472 1
4951 472 1
4955 472 1
4968 472 1
4973 472 1
5856 472 1
5932 472 1
5934 472 1
5941 472 1
5952 472 1
5958 472 1
5963 472 1
5967 472 1
5968 472 1
5996 472 1
6430 472 1
6637 472 1
6711 472 1
6900 472 1
7010 472 1
7114 472 1
7399 472 1
7510 472 1
7799 472 1
8345 472 1
8436 472 1
8714 472 1
9871 472 1
9937 472 1
9947 472 1
9951 472 1
9996 472 1
10012 472 1
10019 472 1
10056 472 1
10063 472 1
10068 472 1
10088 472 1
10349 472 1
10370 472 1
10404 472 1
10414 472 1
10589 472 1
10636 472 1
10694 472 1
10721 472 1
10750 472 1
10755 472 1
10761 472 1
10907 472 1
11408 472 1
11645 472 1
12718 472 1
13789 472 1
14195 472 1
14252 472 1
14913 472 1
14933 472 1
15295 472 1
15931 472 1
16852 472 1
16890 472 1
17015 472 1
17016 472 1
17017 472 1
17018 472 1
17019 472 1
17020 472 1
17021 472 1
17022 472 1
17023 472 1
17024 472 1
17025 472 1
17026 472 1
17027 472 1
17028 472 1
17029 472 1
17030 472 1
17031 472 1
17032 472 1
17033 472 1
17034 472 1
17035 472 1
17036 472 1
17037 472 1
17038 472 1
17039 472 1
17040 472 1
17041 472 1
17042 472 1
17043 472 1
17044 472 1
15224 474 1
531 475 1
4475 476 1
10495 478 1
13982 478 1
13983 478 1
531 479 1
571 480 1
582 480 1
585 480 1
638 480 1
696 480 1
697 480 1
711 480 1
732 480 1
736 480 1
740 480 1
742 480 1
783 480 1
810 480 1
841 480 1
933 480 1
962 480 1
964 480 1
971 480 1
972 480 1
975 480 1
977 480 1
984 480 1
1109 480 1
1209 480 1
1281 480 1
1303 480 1
1517 480 1
1532 480 1
1566 480 1
1877 480 1
1886 480 1
2046 480 1
2104 480 1
2169 480 1
2175 480 1
2176 480 1
2180 480 1
2184 480 1
2269 480 1
2276 480 1
2333 480 1
2339 480 1
2342 480 1
2343 480 1
2361 480 1
2374 480 1
2415 480 1
2419 480 1
2421 480 1
2478 480 1
2487 480 1
2488 480 1
2562 480 1
2563 480 1
2574 480 1
2675 480 1
2787 480 1
2840 480 1
2870 480 1
2890 480 1
2993 480 1
3046 480 1
3083 480 1
3114 480 1
3122 480 1
3128 480 1
3152 480 1
3184 480 1
3226 480 1
3266 480 1
3280 480 1
3306 480 1
3323 480 1
3346 480 1
3386 480 1
3475 480 1
3562 480 1
3595 480 1
3682 480 1
4203 480 1
4249 480 1
4288 480 1
4375 480 1
4475 480 1
4498 480 1
4792 480 1
4800 480 1
4866 480 1
4890 480 1
4905 480 1
4909 480 1
4918 480 1
4948 480 1
4955 480 1
4963 480 1
4968 480 1
5183 480 1
5847 480 1
5889 480 1
5931 480 1
5934 480 1
5941 480 1
5946 480 1
5949 480 1
5952 480 1
5957 480 1
5959 480 1
5962 480 1
5967 480 1
6317 480 1
6379 480 1
6430 480 1
6660 480 1
8623 480 1
9024 480 1
9480 480 1
9818 480 1
9861 480 1
9937 480 1
9947 480 1
9964 480 1
9996 480 1
10012 480 1
10060 480 1
10076 480 1
10082 480 1
10148 480 1
10290 480 1
10349 480 1
10427 480 1
10461 480 1
10545 480 1
10588 480 1
10698 480 1
10761 480 1
10862 480 1
10889 480 1
10895 480 1
11408 480 1
11473 480 1
14195 480 1
14652 480 1
14792 480 1
15576 480 1
16635 480 1
16675 480 1
17027 480 1
17034 480 1
17939 480 1
17997 480 1
18010 480 1
18344 480 1
18767 480 1
18799 480 1
18807 480 1
18809 480 1
18811 480 1
20305 480 1
20353 480 1
20989 480 1
20990 480 1
20991 480 1
20992 480 1
20993 480 1
20994 480 1
20995 480 1
20996 480 1
20997 480 1
20998 480 1
20999 480 1
488 481 1
531 482 1
488 483 1
496 483 1
736 483 1
918 483 1
1487 483 1
3640 483 1
6478 483 1
7695 483 1
8654 483 1
8655 483 1
8656 483 1
8657 483 1
8658 483 1
8659 483 1
8660 483 1
8661 483 1
8662 483 1
8663 483 1
8664 483 1
8665 483 1
8666 483 1
8667 483 1
8668 483 1
8669 483 1
8670 483 1
8671 483 1
8672 483 1
8673 483 1
4475 487 1
490 488 1
496 488 1
498 488 1
501 488 1
510 488 1
520 488 1
531 488 1
711 488 1
736 488 1
778 488 1
783 488 1
841 488 1
851 488 1
940 488 1
971 488 1
1303 488 1
1517 488 1
1532 488 1
2152 488 1
2314 488 1
2316 488 1
2321 488 1
2327 488 1
2342 488 1
2348 488 1
2374 488 1
2378 488 1
2403 488 1
2406 488 1
2415 488 1
2632 488 1
2855 488 1
3008 488 1
3220 488 1
3222 488 1
3264 488 1
3485 488 1
4288 488 1
4475 488 1
4789 488 1
4856 488 1
4868 488 1
4885 488 1
4897 488 1
4909 488 1
4911 488 1
4912 488 1
4929 488 1
4972 488 1
4973 488 1
5268 488 1
5951 488 1
5959 488 1
5995 488 1
6832 488 1
7510 488 1
7695 488 1
8626 488 1
8659 488 1
8704 488 1
8714 488 1
9843 488 1
12091 488 1
12609 488 1
13458 488 1
16559 488 1
17025 488 1
17041 488 1
17042 488 1
18901 488 1
19789 488 1
19790 488 1
531 489 1
506 493 1
1487 493 1
15929 493 1
16254 493 1
21053 493 1
1883 496 1
4445 496 1
531 499 1
8668 501 1
506 502 1
523 504 1
540 504 1
654 504 1
771 504 1
774 504 1
778 504 1
806 504 1
841 504 1
851 504 1
940 504 1
1059 504 1
1209 504 1
1225 504 1
1303 504 1
1517 504 1
1575 504 1
1595 504 1
1937 504 1
2316 504 1
2321 504 1
2327 504 1
2339 504 1
2342 504 1
2374 504 1
2378 504 1
2380 504 1
2389 504 1
2419 504 1
2429 504 1
2929 504 1
3122 504 1
3320 504 1
3459 504 1
3534 504 1
4897 504 1
5870 504 1
10403 504 1
10418 504 1
10684 504 1
10833 504 1
12216 504 1
15961 504 1
1706 506 1
4475 506 1
16257 506 1
20273 506 1
4475 510 1
4807 510 1
7151 510 1
17801 510 1
17802 510 1
17803 510 1
17804 510 1
660 513 1
934 513 1
15579 513 1
16324 513 1
661 516 1
1532 516 1
2005 516 1
2374 516 1
2488 516 1
2493 516 1
2704 516 1
10089 516 1
15798 516 1
531 520 1
2422 520 1
7307 520 1
8773 520 1
11134 520 1
22334 520 1
23191 520 1
24172 520 1
736 521 1
654 523 1
715 523 1
1595 523 1
2184 523 1
2312 523 1
2333 523 1
2342 523 1
2419 523 1
2722 523 1
2827 523 1
3034 523 1
3266 523 1
3936 523 1
4288 523 1
4762 523 1
4897 523 1
5870 523 1
7452 523 1
10029 523 1
10321 523 1
10603 523 1
10907 523 1
16666 523 1
19534 523 1
531 524 1
15936 526 1
531 527 1
4912 528 1
20612 530 1
532 531 1
612 531 1
638 531 1
678 531 1
736 531 1
798 531 1
810 531 1
841 531 1
851 531 1
940 531 1
957 531 1
971 531 1
1135 531 1
1303 531 1
1468 531 1
1575 531 1
1883 531 1
2314 531 1
2316 531 1
2337 531 1
2339 531 1
2342 531 1
2374 531 1
2378 531 1
2429 531 1
2950 531 1
2984 531 1
3208 531 1
4456 531 1
4462 531 1
4475 531 1
4732 531 1
4738 531 1
4807 531 1
4856 531 1
4885 531 1
4909 531 1
5951 531 1
5995 531 1
6077 531 1
6262 531 1
7302 531 1
7307 531 1
7365 531 1
8032 531 1
8129 531 1
8917 531 1
9619 531 1
10419 531 1
11657 531 1
11836 531 1
13303 531 1
14354 531 1
14705 531 1
15359 531 1
15417 531 1
15419 531 1
15443 531 1
15453 531 1
16149 531 1
16175 531 1
16712 531 1
16713 531 1
17041 531 1
17042 531 1
17728 531 1
19825 531 1
19986 531 1
20273 531 1
20608 531 1
22542 531 1
22570 531 1
22936 531 1
22965 531 1
23269 531 1
23875 531 1
23972 531 1
24517 531 1
24955 531 1
24956 531 1
24957 531 1
24958 531 1
24959 531 1
24960 531 1
24961 531 1
24962 531 1
24963 531 1
24964 531 1
24965 531 1
24966 531 1
24967 531 1
24968 531 1
24969 531 1
24970 531 1
661 532 1
535 534 1
563 535 1
783 535 1
816 535 1
848 535 1
1057 535 1
2661 535 1
5182 535 1
5183 535 1
538 537 1
1376 538 1
2429 538 1
540 539 1
571 540 1
653 540 1
693 540 1
725 540 1
985 540 1
1105 540 1
1251 540 1
1602 540 1
1951 540 1
2258 540 1
2434 540 1
2819 540 1
2834 540 1
2942 540 1
3006 540 1
3260 540 1
3518 540 1
3692 540 1
4236 540 1
5125 540 1
5863 540 1
5907 540 1
6698 540 1
6751 540 1
6778 540 1
6829 540 1
7291 540 1
7292 540 1
7400 540 1
7565 540 1
7754 540 1
7770 540 1
7792 540 1
8008 540 1
8476 540 1
8518 540 1
8576 540 1
8676 540 1
8773 540 1
8817 540 1
9870 540 1
10258 540 1
10551 540 1
10867 540 1
11050 540 1
11267 540 1
11464 540 1
11612 540 1
11659 540 1
11717 540 1
12085 540 1
12134 540 1
12173 540 1
12287 540 1
12364 540 1
12421 540 1
12422 540 1
12758 540 1
13284 540 1
13286 540 1
13717 540 1
13721 540 1
14138 540 1
14326 540 1
14399 540 1
14430 540 1
14541 540 1
15537 540 1
16659 540 1
16748 540 1
16862 540 1
16966 540 1
16984 540 1
17063 540 1
17188 540 1
17349 540 1
17408 540 1
17502 540 1
17521 540 1
17605 540 1
17614 540 1
17694 540 1
18235 540 1
18359 540 1
18399 540 1
18408 540 1
18922 540 1
19001 540 1
19006 540 1
19023 540 1
19082 540 1
19368 540 1
19527 540 1
19854 540 1
19957 540 1
20091 540 1
20874 540 1
21061 540 1
21458 540 1
22274 540 1
22424 540 1
23196 540 1
23379 540 1
23489 540 1
23637 540 1
23911 540 1
24567 540 1
24731 540 1
24744 540 1
25051 540 1
25342 540 1
25411 540 1
25465 540 1
25474 540 1
25475 540 1
25476 540 1
25521 540 1
25561 540 1
25580 540 1
25719 540 1
25930 540 1
25941 540 1
26025 540 1
26026 540 1
26027 540 1
26028 540 1
26029 540 1
542 541 1
711 542 1
745 542 1
746 542 1
841 542 1
963 542 1
1008 542 1
1872 542 1
3583 542 1
4119 542 1
5434 542 1
5882 542 1
6337 542 1
13032 542 1
13051 542 1
13358 542 1
13370 542 1
13793 542 1
14469 542 1
15025 542 1
16000 542 1
16203 542 1
16219 542 1
16233 542 1
16241 542 1
16717 542 1
18608 542 1
18848 542 1
19186 542 1
19802 542 1
20699 542 1
20841 542 1
20951 542 1
20952 542 1
20953 542 1
20954 542 1
20955 542 1
20956 542 1
20957 542 1
20958 542 1
20959 542 1
20960 542 1
20961 542 1
20962 542 1
20963 542 1
20964 542 1
20965 542 1
20966 542 1
20967 542 1
20968 542 1
20969 542 1
20970 542 1
20971 542 1
544 543 1
545 543 1
546 543 1
547 543 1
641 544 1
755 545 1
1009 545 1
1038 545 1
1637 545 1
1644 545 1
1645 545 1
2531 545 1
2554 545 1
5162 545 1
6612 545 1
9170 545 1
9640 545 1
13198 545 1
13225 545 1
13890 545 1
13891 545 1
14597 545 1
14867 545 1
15966 545 1
16012 545 1
16014 545 1
16083 545 1
17926 545 1
19456 545 1
19525 545 1
19858 545 1
20907 545 1
21968 545 1
22887 545 1
23213 545 1
23214 545 1
23215 545 1
23216 545 1
23217 545 1
23218 545 1
23219 545 1
23220 545 1
23221 545 1
23222 545 1
23223 545 1
23224 545 1
641 546 1
1072 547 1
549 548 1
550 548 1
1269 549 1
4217 549 1
8459 549 1
8773 549 1
9703 549 1
11672 549 1
12197 549 1
15037 549 1
16881 549 1
18551 549 1
20717 549 1
21162 549 1
21624 549 1
24428 549 1
10235 550 1
21629 550 1
26459 550 1
552 551 1
555 554 1
1302 555 1
1549 555 1
2417 555 1
5164 555 1
557 556 1
2240 557 1
22914 557 1
26282 557 1
559 558 1
560 558 1
775 559 1
1498 559 1
1932 559 1
2037 559 1
2147 559 1
2165 559 1
2530 559 1
2737 559 1
2786 559 1
2880 559 1
3419 559 1
4052 559 1
4082 559 1
5061 559 1
5169 559 1
6311 559 1
6312 559 1
7354 559 1
8007 559 1
8071 559 1
9305 559 1
9630 559 1
9633 559 1
9650 559 1
9840 559 1
9924 559 1
10111 559 1
13680 559 1
14299 559 1
14304 559 1
14457 559 1
16182 559 1
16242 559 1
16411 559 1
16619 559 1
16855 559 1
16919 559 1
18197 559 1
18203 559 1
18216 559 1
18229 559 1
18734 559 1
18741 559 1
19545 559 1
19868 559 1
19870 559 1
20902 559 1
21892 559 1
22086 559 1
22087 559 1
22088 559 1
22121 559 1
22124 559 1
22126 559 1
22134 559 1
22136 559 1
22348 559 1
23031 559 1
23189 559 1
23198 559 1
23754 559 1
23815 559 1
23995 559 1
24136 559 1
24544 559 1
24728 559 1
24761 559 1
24806 559 1
25016 559 1
25017 559 1
25018 559 1
25019 559 1
25020 559 1
25021 559 1
25022 559 1
25023 559 1
25024 559 1
25025 559 1
25026 559 1
25027 559 1
25028 559 1
878 560 1
953 560 1
1097 560 1
2615 560 1
2737 560 1
2999 560 1
3022 560 1
3104 560 1
3291 560 1
3299 560 1
3310 560 1
3336 560 1
3379 560 1
4302 560 1
5061 560 1
5981 560 1
7232 560 1
9264 560 1
9267 560 1
9268 560 1
9269 560 1
9270 560 1
9271 560 1
9272 560 1
9273 560 1
9274 560 1
9275 560 1
9276 560 1
9277 560 1
9278 560 1
9279 560 1
9280 560 1
9281 560 1
9282 560 1
9283 560 1
9284 560 1
9285 560 1
9286 560 1
9287 560 1
9288 560 1
9289 560 1
9290 560 1
9291 560 1
9292 560 1
9293 560 1
9294 560 1
9295 560 1
9296 560 1
9297 560 1
9298 560 1
9299 560 1
9300 560 1
9301 560 1
9302 560 1
9303 560 1
9304 560 1
9305 560 1
9306 560 1
562 561 1
563 561 1
571 562 1
6662 562 1
7308 562 1
7541 562 1
8629 562 1
8648 562 1
9051 562 1
9682 562 1
10736 562 1
12312 562 1
13128 562 1
13697 562 1
15753 562 1
16863 562 1
16925 562 1
25388 562 1
2674 563 1
3130 563 1
6714 563 1
7087 563 1
7210 563 1
8060 563 1
8185 563 1
9022 563 1
9051 563 1
10231 563 1
10611 563 1
10772 563 1
10844 563 1
11333 563 1
11400 563 1
12259 563 1
13438 563 1
13796 563 1
13801 563 1
13802 563 1
13803 563 1
13804 563 1
13805 563 1
13806 563 1
13807 563 1
13808 563 1
13809 563 1
13810 563 1
13811 563 1
13812 563 1
13813 563 1
13814 563 1
13815 563 1
565 564 1
596 565 1
638 565 1
4704 565 1
10059 565 1
567 566 1
2791 567 1
6659 567 1
6697 567 1
7075 567 1
11042 567 1
12767 567 1
12974 567 1
14398 567 1
15083 567 1
15084 567 1
15085 567 1
15086 567 1
15087 567 1
15088 567 1
15089 567 1
15090 567 1
15091 567 1
15092 567 1
15093 567 1
15094 567 1
569 568 1
614 569 1
863 569 1
940 569 1
943 569 1
1693 569 1
2766 569 1
5314 569 1
7440 569 1
7564 569 1
7954 569 1
9061 569 1
10442 569 1
10773 569 1
13295 569 1
13796 569 1
14672 569 1
14673 569 1
14674 569 1
14675 569 1
14676 569 1
14677 569 1
14678 569 1
14679 569 1
14680 569 1
14681 569 1
14682 569 1
14683 569 1
14684 569 1
14685 569 1
14686 569 1
14687 569 1
14688 569 1
571 570 1
572 570 1
572 571 1
601 571 1
612 571 1
636 571 1
638 571 1
654 571 1
666 571 1
667 571 1
668 571 1
669 571 1
674 571 1
687 571 1
689 571 1
733 571 1
736 571 1
771 571 1
772 571 1
774 571 1
778 571 1
798 571 1
799 571 1
806 571 1
810 571 1
816 571 1
818 571 1
832 571 1
841 571 1
848 571 1
851 571 1
854 571 1
855 571 1
874 571 1
896 571 1
901 571 1
913 571 1
938 571 1
940 571 1
948 571 1
954 571 1
957 571 1
958 571 1
959 571 1
962 571 1
967 571 1
1016 571 1
1033 571 1
1057 571 1
1059 571 1
1087 571 1
1089 571 1
1191 571 1
1225 571 1
1257 571 1
1281 571 1
1296 571 1
1300 571 1
1304 571 1
1310 571 1
1318 571 1
1320 571 1
1321 571 1
1323 571 1
1329 571 1
1335 571 1
1340 571 1
1349 571 1
1360 571 1
1376 571 1
1379 571 1
1380 571 1
1386 571 1
1388 571 1
1400 571 1
1408 571 1
1409 571 1
1411 571 1
1413 571 1
1414 571 1
1418 571 1
1433 571 1
1435 571 1
1437 571 1
1439 571 1
1444 571 1
1451 571 1
1459 571 1
1460 571 1
1461 571 1
1462 571 1
1467 571 1
1468 571 1
1481 571 1
1487 571 1
1499 571 1
1521 571 1
1534 571 1
1547 571 1
1548 571 1
1549 571 1
1552 571 1
1558 571 1
1575 571 1
1581 571 1
1611 571 1
1625 571 1
1693 571 1
1884 571 1
1910 571 1
1937 571 1
1940 571 1
2005 571 1
2007 571 1
2008 571 1
2046 571 1
2052 571 1
2063 571 1
2094 571 1
2109 571 1
2173 571 1
2175 571 1
2176 571 1
2200 571 1
2211 571 1
2270 571 1
2316 571 1
2317 571 1
2320 571 1
2329 571 1
2331 571 1
2333 571 1
2335 571 1
2336 571 1
2337 571 1
2343 571 1
2344 571 1
2348 571 1
2349 571 1
2359 571 1
2367 571 1
2369 571 1
2371 571 1
2372 571 1
2386 571 1
2387 571 1
2389 571 1
2391 571 1
2394 571 1
2398 571 1
2403 571 1
2412 571 1
2416 571 1
2419 571 1
2424 571 1
2425 571 1
2430 571 1
2491 571 1
2509 571 1
2518 571 1
2534 571 1
2540 571 1
2563 571 1
2603 571 1
2634 571 1
2661 571 1
2670 571 1
2696 571 1
2704 571 1
2712 571 1
2723 571 1
2735 571 1
2763 571 1
2828 571 1
2830 571 1
2834 571 1
2888 571 1
2891 571 1
2892 571 1
2940 571 1
2965 571 1
2989 571 1
3055 571 1
3061 571 1
3108 571 1
3118 571 1
3122 571 1
3195 571 1
3222 571 1
3227 571 1
3258 571 1
3275 571 1
3305 571 1
3316 571 1
3338 571 1
3343 571 1
3412 571 1
3475 571 1
3641 571 1
3772 571 1
3802 571 1
3832 571 1
3894 571 1
4008 571 1
4070 571 1
4074 571 1
4079 571 1
4141 571 1
4192 571 1
4286 571 1
4287 571 1
4442 571 1
4638 571 1
4647 571 1
4743 571 1
4744 571 1
4788 571 1
4799 571 1
4808 571 1
4832 571 1
4834 571 1
4841 571 1
4850 571 1
4864 571 1
4866 571 1
4882 571 1
4895 571 1
4902 571 1
4913 571 1
4914 571 1
4941 571 1
4948 571 1
4969 571 1
4972 571 1
5020 571 1
5129 571 1
5153 571 1
5164 571 1
5174 571 1
5199 571 1
5279 571 1
5301 571 1
5319 571 1
5325 571 1
5445 571 1
5446 571 1
5676 571 1
5793 571 1
5931 571 1
5947 571 1
5965 571 1
6030 571 1
6138 571 1
6223 571 1
6275 571 1
6297 571 1
6318 571 1
6429 571 1
6452 571 1
6527 571 1
6692 571 1
6860 571 1
7013 571 1
7055 571 1
7101 571 1
7222 571 1
7337 571 1
7354 571 1
7355 571 1
7373 571 1
7546 571 1
7778 571 1
7779 571 1
8037 571 1
8120 571 1
8194 571 1
8408 571 1
8550 571 1
8592 571 1
8608 571 1
8647 571 1
8735 571 1
8772 571 1
8773 571 1
8903 571 1
9037 571 1
9072 571 1
9114 571 1
9517 571 1
9541 571 1
9549 571 1
9595 571 1
9600 571 1
9744 571 1
9857 571 1
9936 571 1
9963 571 1
9967 571 1
9974 571 1
9996 571 1
10037 571 1
10039 571 1
10067 571 1
10075 571 1
10086 571 1
10148 571 1
10157 571 1
10202 571 1
10235 571 1
10265 571 1
10324 571 1
10444 571 1
10452 571 1
10597 571 1
10621 571 1
10676 571 1
10707 571 1
10746 571 1
10791 571 1
10825 571 1
10830 571 1
10997 571 1
11050 571 1
11118 571 1
11309 571 1
11381 571 1
11383 571 1
11707 571 1
11746 571 1
11756 571 1
11859 571 1
12007 571 1
12030 571 1
12060 571 1
12568 571 1
12643 571 1
12678 571 1
12813 571 1
12932 571 1
13128 571 1
13238 571 1
13278 571 1
13364 571 1
13449 571 1
13470 571 1
13487 571 1
13537 571 1
13633 571 1
13634 571 1
13762 571 1
13777 571 1
13820 571 1
14015 571 1
14046 571 1
14218 571 1
14464 571 1
14477 571 1
14634 571 1
14652 571 1
14703 571 1
14724 571 1
14875 571 1
14876 571 1
14887 571 1
14945 571 1
15001 571 1
15033 571 1
15099 571 1
15109 571 1
15164 571 1
15172 571 1
15201 571 1
15207 571 1
15355 571 1
15604 571 1
15690 571 1
15859 571 1
15864 571 1
16035 571 1
16128 571 1
16136 571 1
16491 571 1
16600 571 1
16612 571 1
16675 571 1
16910 571 1
16980 571 1
16987 571 1
17010 571 1
17035 571 1
17040 571 1
17071 571 1
17428 571 1
17987 571 1
18027 571 1
18071 571 1
18105 571 1
18114 571 1
18280 571 1
18289 571 1
18439 571 1
18585 571 1
18642 571 1
18651 571 1
18730 571 1
18786 571 1
18804 571 1
18811 571 1
18938 571 1
18980 571 1
18995 571 1
18997 571 1
19065 571 1
19126 571 1
19178 571 1
19261 571 1
19293 571 1
19495 571 1
19623 571 1
19775 571 1
19962 571 1
20050 571 1
20264 571 1
20420 571 1
20546 571 1
20663 571 1
20701 571 1
20705 571 1
20712 571 1
20827 571 1
20828 571 1
21029 571 1
21237 571 1
21299 571 1
21313 571 1
21329 571 1
21375 571 1
21401 571 1
21589 571 1
21613 571 1
21669 571 1
21673 571 1
21679 571 1
21681 571 1
21890 571 1
21956 571 1
22033 571 1
22239 571 1
22241 571 1
22244 571 1
22249 571 1
22532 571 1
22698 571 1
22709 571 1
22832 571 1
22840 571 1
23158 571 1
23176 571 1
23193 571 1
23305 571 1
23358 571 1
23496 571 1
23584 571 1
23853 571 1
23877 571 1
23909 571 1
24110 571 1
24185 571 1
24387 571 1
24419 571 1
24428 571 1
24526 571 1
24609 571 1
24743 571 1
24791 571 1
24901 571 1
24902 571 1
24903 571 1
24904 571 1
24905 571 1
24906 571 1
24907 571 1
24908 571 1
24909 571 1
24910 571 1
24911 571 1
24912 571 1
24913 571 1
24914 571 1
24915 571 1
24916 571 1
24917 571 1
24918 571 1
24919 571 1
24920 571 1
24921 571 1
24922 571 1
24923 571 1
24924 571 1
24925 571 1
24926 571 1
24927 571 1
24928 571 1
24929 571 1
4730 572 1
10784 572 1
11961 572 1
13080 572 1
22033 572 1
22034 572 1
24019 572 1
24020 572 1
574 573 1
942 574 1
3603 574 1
3604 574 1
3605 574 1
576 575 1
577 575 1
1608 576 1
25611 576 1
732 577 1
1699 577 1
3430 577 1
13048 577 1
13469 577 1
13736 577 1
14865 577 1
15516 577 1
15518 577 1
15843 577 1
16073 577 1
16648 577 1
18121 577 1
19152 577 1
19153 577 1
19154 577 1
19155 577 1
19156 577 1
19157 577 1
19158 577 1
19159 577 1
19160 577 1
19161 577 1
19162 577 1
19163 577 1
19164 577 1
19165 577 1
19166 577 1
19167 577 1
19168 577 1
579 578 1
580 578 1
12765 580 1
12766 580 1
582 581 1
736 582 1
2201 582 1
2732 582 1
3523 582 1
4437 582 1
4723 582 1
6151 582 1
9524 582 1
10649 582 1
10686 582 1
10902 582 1
10925 582 1
10945 582 1
14253 582 1
14382 582 1
15118 582 1
15588 582 1
15622 582 1
16615 582 1
18502 582 1
18503 582 1
18504 582 1
18505 582 1
18506 582 1
18507 582 1
18508 582 1
18509 582 1
18510 582 1
18511 582 1
18512 582 1
18513 582 1
18514 582 1
18515 582 1
18516 582 1
18517 582 1
18518 582 1
584 583 1
585 583 1
586 583 1
587 583 1
588 583 1
589 583 1
589 584 1
733 585 1
810 585 1
938 585 1
2563 585 1
3786 585 1
3831 585 1
4432 585 1
5073 585 1
6318 585 1
6389 585 1
6432 585 1
8692 585 1
9311 585 1
9837 585 1
9975 585 1
10005 585 1
10011 585 1
10033 585 1
10076 585 1
10097 585 1
10323 585 1
10354 585 1
10481 585 1
10650 585 1
11206 585 1
11642 585 1
11846 585 1
13133 585 1
14765 585 1
14863 585 1
16617 585 1
16818 585 1
17018 585 1
17024 585 1
17983 585 1
17984 585 1
17985 585 1
17986 585 1
17987 585 1
17988 585 1
17989 585 1
17990 585 1
17991 585 1
17992 585 1
17993 585 1
17994 585 1
17995 585 1
17996 585 1
17997 585 1
733 589 1
3608 589 1
3780 589 1
6430 589 1
20999 589 1
25043 589 1
25044 589 1
592 591 1
612 592 1
623 592 1
733 592 1
798 592 1
810 592 1
1194 592 1
1195 592 1
4539 592 1
4540 592 1
4560 592 1
5362 592 1
9557 592 1
9827 592 1
12910 592 1
12963 592 1
15348 592 1
16746 592 1
19256 592 1
19257 592 1
20945 592 1
22804 592 1
22950 592 1
23880 592 1
23928 592 1
24734 592 1
24735 592 1
24736 592 1
24737 592 1
24738 592 1
594 593 1
733 594 1
10586 594 1
13422 594 1
17139 594 1
596 595 1
6458 596 1
16533 596 1
17153 596 1
19907 596 1
19908 596 1
19909 596 1
19910 596 1
19911 596 1
598 597 1
599 597 1
599 598 1
2521 598 1
8708 598 1
9966 598 1
711 599 1
736 599 1
810 599 1
962 599 1
1244 599 1
6214 599 1
6215 599 1
6325 599 1
9789 599 1
9979 599 1
11017 599 1
12862 599 1
14209 599 1
14227 599 1
14258 599 1
17809 599 1
20133 599 1
20201 599 1
20333 599 1
20334 599 1
601 600 1
736 601 1
918 601 1
2297 601 1
2583 601 1
9642 601 1
13488 601 1
14868 601 1
15667 601 1
17091 601 1
17138 601 1
17667 601 1
19894 601 1
22500 601 1
23250 601 1
23670 601 1
24706 601 1
605 604 1
846 605 1
5245 605 1
5263 605 1
5964 605 1
9831 605 1
11733 605 1
14038 605 1
16420 605 1
18550 605 1
20118 605 1
20304 605 1
21119 605 1
21122 605 1
21139 605 1
21872 605 1
22646 605 1
25663 605 1
607 606 1
2002 607 1
5217 607 1
5979 607 1
7836 607 1
10250 607 1
10794 607 1
11384 607 1
11387 607 1
11741 607 1
12566 607 1
16037 607 1
16046 607 1
16061 607 1
16256 607 1
17831 607 1
18560 607 1
19309 607 1
19575 607 1
20736 607 1
21258 607 1
21429 607 1
21480 607 1
22215 607 1
22216 607 1
22217 607 1
22222 607 1
22223 607 1
22230 607 1
22236 607 1
22877 607 1
23244 607 1
24037 607 1
24108 607 1
24663 607 1
25189 607 1
26392 607 1
610 609 1
1091 610 1
2459 610 1
3913 610 1
5047 610 1
9174 610 1
12564 610 1
13001 610 1
13969 610 1
14727 610 1
15174 610 1
15663 610 1
16326 610 1
17890 610 1
18460 610 1
18758 610 1
19132 610 1
20032 610 1
20033 610 1
20034 610 1
20035 610 1
20036 610 1
20037 610 1
20038 610 1
20039 610 1
20040 610 1
20041 610 1
20042 610 1
20043 610 1
612 611 1
624 612 1
657 612 1
689 612 1
690 612 1
711 612 1
732 612 1
733 612 1
736 612 1
765 612 1
783 612 1
798 612 1
799 612 1
810 612 1
832 612 1
846 612 1
854 612 1
855 612 1
871 612 1
896 612 1
901 612 1
920 612 1
927 612 1
962 612 1
984 612 1
1016 612 1
1053 612 1
1069 612 1
1070 612 1
1081 612 1
1115 612 1
1124 612 1
1188 612 1
1191 612 1
1281 612 1
1316 612 1
1318 612 1
1394 612 1
1409 612 1
1468 612 1
1480 612 1
1513 612 1
1581 612 1
1611 612 1
1838 612 1
1940 612 1
2028 612 1
2089 612 1
2090 612 1
2107 612 1
2150 612 1
2180 612 1
2181 612 1
2199 612 1
2201 612 1
2281 612 1
2337 612 1
2339 612 1
2342 612 1
2354 612 1
2361 612 1
2374 612 1
2429 612 1
2574 612 1
2580 612 1
2630 612 1
2633 612 1
2649 612 1
2667 612 1
2701 612 1
2758 612 1
2774 612 1
2789 612 1
2828 612 1
2855 612 1
2875 612 1
2879 612 1
2893 612 1
2911 612 1
2939 612 1
2993 612 1
3046 612 1
3083 612 1
3092 612 1
3122 612 1
3142 612 1
3144 612 1
3154 612 1
3184 612 1
3202 612 1
3240 612 1
3266 612 1
3269 612 1
3289 612 1
3306 612 1
3323 612 1
3332 612 1
3347 612 1
3382 612 1
3388 612 1
3425 612 1
3477 612 1
3531 612 1
3532 612 1
3595 612 1
3625 612 1
3640 612 1
3678 612 1
3696 612 1
3837 612 1
3864 612 1
4008 612 1
4077 612 1
4079 612 1
4085 612 1
4203 612 1
4223 612 1
4315 612 1
4374 612 1
4473 612 1
4493 612 1
4498 612 1
4501 612 1
4514 612 1
4516 612 1
4520 612 1
4615 612 1
4647 612 1
4673 612 1
4677 612 1
4759 612 1
4762 612 1
4799 612 1
4813 612 1
4834 612 1
4882 612 1
4890 612 1
4911 612 1
4912 612 1
4916 612 1
4928 612 1
4929 612 1
4946 612 1
4961 612 1
4973 612 1
4975 612 1
5002 612 1
5072 612 1
5183 612 1
5855 612 1
5856 612 1
5931 612 1
5951 612 1
5958 612 1
5964 612 1
5967 612 1
5985 612 1
6026 612 1
6084 612 1
6151 612 1
6185 612 1
6215 612 1
6345 612 1
6367 612 1
6462 612 1
6832 612 1
6849 612 1
6899 612 1
6944 612 1
6978 612 1
7003 612 1
7164 612 1
7174 612 1
7251 612 1
7354 612 1
7355 612 1
7447 612 1
7448 612 1
7452 612 1
8013 612 1
8052 612 1
8187 612 1
8213 612 1
8248 612 1
8408 612 1
8456 612 1
8685 612 1
8711 612 1
8737 612 1
8957 612 1
8961 612 1
9080 612 1
9189 612 1
9190 612 1
9498 612 1
9598 612 1
9647 612 1
9707 612 1
9745 612 1
9817 612 1
9847 612 1
9908 612 1
9917 612 1
9945 612 1
9947 612 1
9958 612 1
9970 612 1
9980 612 1
9985 612 1
10007 612 1
10014 612 1
10049 612 1
10056 612 1
10058 612 1
10067 612 1
10075 612 1
10080 612 1
10082 612 1
10099 612 1
10104 612 1
10165 612 1
10199 612 1
10284 612 1
10318 612 1
10483 612 1
10852 612 1
10873 612 1
11022 612 1
11064 612 1
11232 612 1
11272 612 1
11566 612 1
11899 612 1
11948 612 1
12584 612 1
12608 612 1
12609 612 1
12790 612 1
12883 612 1
12987 612 1
13022 612 1
13060 612 1
13130 612 1
13144 612 1
13333 612 1
13392 612 1
13434 612 1
13458 612 1
13897 612 1
14145 612 1
14211 612 1
14226 612 1
14250 612 1
14262 612 1
14264 612 1
14324 612 1
14513 612 1
14531 612 1
14626 612 1
14721 612 1
14893 612 1
14970 612 1
15276 612 1
15673 612 1
15681 612 1
15763 612 1
15947 612 1
16010 612 1
16091 612 1
16106 612 1
16290 612 1
16407 612 1
16418 612 1
16535 612 1
16597 612 1
16868 612 1
17017 612 1
17041 612 1
17724 612 1
17939 612 1
17943 612 1
17951 612 1
17954 612 1
17959 612 1
17965 612 1
17968 612 1
17973 612 1
18100 612 1
18191 612 1
18240 612 1
18245 612 1
18380 612 1
18507 612 1
18510 612 1
18516 612 1
18767 612 1
18822 612 1
18834 612 1
18846 612 1
19025 612 1
19071 612 1
19222 612 1
19411 612 1
19532 612 1
19673 612 1
19720 612 1
19753 612 1
19784 612 1
19789 612 1
19922 612 1
19924 612 1
19925 612 1
19926 612 1
20006 612 1
20053 612 1
20170 612 1
20214 612 1
20217 612 1
20368 612 1
20381 612 1
20650 612 1
20973 612 1
20994 612 1
20996 612 1
21086 612 1
21166 612 1
21260 612 1
21279 612 1
21350 612 1
21415 612 1
21591 612 1
21694 612 1
21756 612 1
21779 612 1
21920 612 1
21940 612 1
21991 612 1
22195 612 1
22354 612 1
22368 612 1
22442 612 1
22896 612 1
22952 612 1
22954 612 1
22963 612 1
23166 612 1
23270 612 1
23794 612 1
23860 612 1
24188 612 1
24484 612 1
24585 612 1
24671 612 1
24673 612 1
24682 612 1
24692 612 1
24694 612 1
24698 612 1
24699 612 1
24753 612 1
24803 612 1
24810 612 1
25300 612 1
25318 612 1
25530 612 1
25538 612 1
25750 612 1
25821 612 1
25855 612 1
25913 612 1
26012 612 1
26022 612 1
26098 612 1
26167 612 1
26184 612 1
26194 612 1
26223 612 1
26284 612 1
26288 612 1
26335 612 1
26336 612 1
26337 612 1
26338 612 1
26339 612 1
26340 612 1
26341 612 1
614 613 1
3028 614 1
13279 614 1
13324 614 1
14687 614 1
20669 614 1
22006 614 1
22535 614 1
618 617 1
619 617 1
1679 618 1
23445 618 1
23896 618 1
746 619 1
792 619 1
949 619 1
2019 619 1
2309 619 1
2769 619 1
3541 619 1
3590 619 1
3591 619 1
3721 619 1
3929 619 1
4157 619 1
5115 619 1
5130 619 1
5969 619 1
6236 619 1
8750 619 1
8896 619 1
10131 619 1
11455 619 1
11483 619 1
11511 619 1
11835 619 1
11844 619 1
12591 619 1
13019 619 1
13462 619 1
13722 619 1
13756 619 1
13948 619 1
14164 619 1
14198 619 1
14319 619 1
15519 619 1
15719 619 1
15725 619 1
16018 619 1
16850 619 1
17096 619 1
17113 619 1
17129 619 1
17738 619 1
18467 619 1
18885 619 1
19106 619 1
20252 619 1
20698 619 1
20918 619 1
20934 619 1
21557 619 1
22012 619 1
22104 619 1
22469 619 1
22810 619 1
22819 619 1
23072 619 1
23434 619 1
23461 619 1
23466 619 1
23979 619 1
24169 619 1
25207 619 1
25245 619 1
25323 619 1
25414 619 1
25415 619 1
25416 619 1
25417 619 1
622 621 1
623 621 1
624 621 1
12827 622 1
14901 622 1
18586 622 1
810 623 1
2215 623 1
4081 623 1
9402 623 1
14346 623 1
18302 623 1
20277 623 1
24738 623 1
26285 623 1
26377 623 1
26409 623 1
26427 623 1
846 624 1
1095 624 1
4021 624 1
4383 624 1
5243 624 1
5244 624 1
5245 624 1
5246 624 1
5247 624 1
5248 624 1
626 625 1
2267 626 1
6224 626 1
12561 626 1
14150 626 1
15282 626 1
16520 626 1
19906 626 1
21583 626 1
23021 626 1
23022 626 1
23023 626 1
23024 626 1
628 627 1
3185 628 1
6699 628 1
10248 628 1
10591 628 1
18038 628 1
19523 628 1
20113 628 1
20114 628 1
630 629 1
778 630 1
2136 630 1
4190 630 1
10479 630 1
11901 630 1
14436 630 1
15366 630 1
16034 630 1
16315 630 1
21711 630 1
23054 630 1
25554 630 1
25555 630 1
25556 630 1
632 631 1
711 632 1
736 632 1
1710 632 1
1751 632 1
1771 632 1
1816 632 1
1850 632 1
2149 632 1
3814 632 1
5127 632 1
5809 632 1
6049 632 1
6053 632 1
6065 632 1
6594 632 1
11552 632 1
13665 632 1
15496 632 1
19582 632 1
19719 632 1
20621 632 1
20833 632 1
22314 632 1
22315 632 1
22316 632 1
22317 632 1
22318 632 1
22319 632 1
22320 632 1
22321 632 1
22322 632 1
22323 632 1
22324 632 1
22325 632 1
22326 632 1
22327 632 1
22328 632 1
22329 632 1
22330 632 1
22331 632 1
635 634 1
2603 635 1
2841 635 1
17833 635 1
17834 635 1
637 636 1
638 636 1
667 637 1
841 637 1
874 637 1
960 637 1
982 637 1
1329 637 1
1360 637 1
1373 637 1
1376 637 1
1380 637 1
1388 637 1
1412 637 1
1414 637 1
1433 637 1
1435 637 1
1437 637 1
1481 637 1
2173 637 1
2320 637 1
2346 637 1
2372 637 1
2375 637 1
2414 637 1
2425 637 1
2429 637 1
3394 637 1
5959 637 1
12630 637 1
13359 637 1
18786 637 1
20705 637 1
666 638 1
733 638 1
770 638 1
771 638 1
774 638 1
798 638 1
832 638 1
841 638 1
854 638 1
855 638 1
982 638 1
1016 638 1
1033 638 1
1056 638 1
1209 638 1
1297 638 1
1304 638 1
1305 638 1
1310 638 1
1311 638 1
1315 638 1
1321 638 1
1329 638 1
1332 638 1
1378 638 1
1383 638 1
1388 638 1
1407 638 1
1413 638 1
1414 638 1
1418 638 1
1435 638 1
1456 638 1
1480 638 1
1481 638 1
1507 638 1
1549 638 1
1588 638 1
1934 638 1
2105 638 1
2173 638 1
2211 638 1
2217 638 1
2253 638 1
2320 638 1
2339 638 1
2343 638 1
2349 638 1
2350 638 1
2354 638 1
2356 638 1
2368 638 1
2374 638 1
2375 638 1
2382 638 1
2386 638 1
2394 638 1
2400 638 1
2408 638 1
2416 638 1
2425 638 1
2427 638 1
2428 638 1
2429 638 1
2661 638 1
2971 638 1
3272 638 1
3345 638 1
3394 638 1
3534 638 1
3555 638 1
3768 638 1
3770 638 1
3774 638 1
3778 638 1
3836 638 1
4249 638 1
4743 638 1
4802 638 1
4871 638 1
4900 638 1
4931 638 1
4937 638 1
5002 638 1
5265 638 1
5583 638 1
5649 638 1
6149 638 1
6223 638 1
6353 638 1
6511 638 1
6533 638 1
6821 638 1
7023 638 1
7414 638 1
7570 638 1
8354 638 1
9159 638 1
9512 638 1
9572 638 1
9600 638 1
9842 638 1
9980 638 1
11122 638 1
11538 638 1
12630 638 1
13603 638 1
14216 638 1
15155 638 1
15775 638 1
15971 638 1
16278 638 1
16542 638 1
16586 638 1
16970 638 1
18038 638 1
18772 638 1
18943 638 1
18951 638 1
19466 638 1
19541 638 1
19961 638 1
20242 638 1
20705 638 1
22239 638 1
22969 638 1
23753 638 1
24709 638 1
24905 638 1
25782 638 1
25936 638 1
25937 638 1
25938 638 1
641 640 1
642 640 1
711 641 1
1071 641 1
1947 641 1
3424 641 1
3573 641 1
3998 641 1
5161 641 1
6534 641 1
8747 641 1
13004 641 1
13169 641 1
13172 641 1
13186 641 1
13217 641 1
13218 641 1
13234 641 1
13301 641 1
13552 641 1
15379 641 1
15502 641 1
15608 641 1
17820 641 1
18326 641 1
19690 641 1
20109 641 1
20128 641 1
20139 641 1
21596 641 1
21719 641 1
21972 641 1
22888 641 1
22970 641 1
23382 641 1
24441 641 1
24831 641 1
24894 641 1
24942 641 1
25103 641 1
25157 641 1
25432 641 1
26124 641 1
2069 642 1
4758 642 1
12577 642 1
13942 642 1
17899 642 1
19070 642 1
19140 642 1
25432 642 1
25572 642 1
645 644 1
646 644 1
646 645 1
665 645 1
2151 645 1
3578 645 1
4392 645 1
5498 645 1
5508 645 1
5525 645 1
5578 645 1
5585 645 1
5614 645 1
5635 645 1
5682 645 1
5705 645 1
9418 645 1
9446 645 1
11403 645 1
11509 645 1
12723 645 1
15229 645 1
15691 645 1
16249 645 1
18237 645 1
18663 645 1
18679 645 1
18702 645 1
19812 645 1
19813 645 1
19814 645 1
19815 645 1
19816 645 1
19817 645 1
19818 645 1
665 646 1
1613 646 1
3578 646 1
3584 646 1
5498 646 1
5508 646 1
5517 646 1
5525 646 1
5556 646 1
5588 646 1
5614 646 1
5624 646 1
5627 646 1
5635 646 1
5686 646 1
5705 646 1
6300 646 1
9438 646 1
9446 646 1
16249 646 1
16913 646 1
18704 646 1
19814 646 1
19817 646 1
23092 646 1
649 648 1
650 648 1
651 648 1
652 648 1
653 648 1
654 648 1
655 648 1
3936 650 1
3936 652 1
841 654 1
1581 654 1
2297 654 1
6142 654 1
8349 654 1
8773 654 1
9703 654 1
10161 654 1
14545 654 1
15954 654 1
16413 654 1
16880 654 1
17075 654 1
20055 654 1
20056 654 1
20057 654 1
20058 654 1
20059 654 1
20060 654 1
20061 654 1
20062 654 1
657 656 1
799 657 1
810 657 1
919 657 1
920 657 1
924 657 1
1259 657 1
1684 657 1
1685 657 1
1892 657 1
1935 657 1
2568 657 1
3790 657 1
3925 657 1
3947 657 1
4083 657 1
4294 657 1
4473 657 1
4677 657 1
4681 657 1
5160 657 1
5254 657 1
5258 657 1
5260 657 1
5302 657 1
6000 657 1
6024 657 1
6040 657 1
6464 657 1
6633 657 1
9688 657 1
10990 657 1
10991 657 1
11152 657 1
11560 657 1
12628 657 1
12704 657 1
13021 657 1
13061 657 1
13086 657 1
13264 657 1
13677 657 1
13686 657 1
13885 657 1
13914 657 1
13947 657 1
14134 657 1
14190 657 1
14919 657 1
15017 657 1
15219 657 1
15307 657 1
15801 657 1
15918 657 1
16444 657 1
16451 657 1
16453 657 1
16464 657 1
16469 657 1
16473 657 1
16481 657 1
16742 657 1
16944 657 1
17102 657 1
18024 657 1
18231 657 1
18534 657 1
18535 657 1
18574 657 1
18837 657 1
18842 657 1
18897 657 1
19018 657 1
19046 657 1
19129 657 1
19184 657 1
19264 657 1
19315 657 1
19321 657 1
19336 657 1
19339 657 1
19342 657 1
19353 657 1
19355 657 1
19357 657 1
19470 657 1
19546 657 1
19629 657 1
19651 657 1
20095 657 1
20613 657 1
20641 657 1
20840 657 1
20881 657 1
20892 657 1
21026 657 1
21100 657 1
21168 657 1
21572 657 1
21818 657 1
21822 657 1
21823 657 1
21828 657 1
21839 657 1
21842 657 1
21845 657 1
21846 657 1
21848 657 1
21853 657 1
21857 657 1
21860 657 1
21862 657 1
21867 657 1
21880 657 1
22145 657 1
22351 657 1
22527 657 1
22621 657 1
22725 657 1
22742 657 1
22743 657 1
22745 657 1
22787 657 1
22962 657 1
23848 657 1
24518 657 1
24533 657 1
24566 657 1
24742 657 1
24758 657 1
25064 657 1
25065 657 1
25066 657 1
25074 657 1
25083 657 1
25089 657 1
25312 657 1
25321 657 1
25324 657 1
25548 657 1
25726 657 1
25730 657 1
25732 657 1
25734 657 1
26007 657 1
26033 657 1
26180 657 1
26325 657 1
26327 657 1
26328 657 1
26355 657 1
26402 657 1
26403 657 1
26404 657 1
659 658 1
910 659 1
1895 659 1
3779 659 1
6001 659 1
8809 659 1
11607 659 1
11644 659 1
12704 659 1
13334 659 1
13677 659 1
13959 659 1
14151 659 1
14655 659 1
15016 659 1
15180 659 1
15621 659 1
16443 659 1
16444 659 1
16445 659 1
16446 659 1
16447 659 1
16448 659 1
16449 659 1
16450 659 1
16451 659 1
16452 659 1
16453 659 1
16454 659 1
16455 659 1
16456 659 1
16457 659 1
16458 659 1
16459 659 1
16460 659 1
16461 659 1
16462 659 1
16463 659 1
16464 659 1
16465 659 1
16466 659 1
16467 659 1
16468 659 1
16469 659 1
16470 659 1
16471 659 1
16472 659 1
16473 659 1
16474 659 1
16475 659 1
16476 659 1
661 660 1
736 661 1
1487 661 1
4475 661 1
9701 661 1
11744 661 1
15579 661 1
16324 661 1
16712 661 1
18060 661 1
18061 661 1
18062 661 1
663 662 1
664 662 1
732 663 1
1943 663 1
3454 664 1
3678 664 1
20397 664 1
666 665 1
774 666 1
1332 666 1
1946 666 1
2041 666 1
2417 666 1
3658 666 1
5070 666 1
5447 666 1
5462 666 1
5466 666 1
5467 666 1
5472 666 1
5486 666 1
5497 666 1
5499 666 1
5503 666 1
5506 666 1
5516 666 1
5524 666 1
5526 666 1
5531 666 1
5532 666 1
5533 666 1
5539 666 1
5542 666 1
5548 666 1
5551 666 1
5560 666 1
5562 666 1
5569 666 1
5570 666 1
5577 666 1
5580 666 1
5584 666 1
5589 666 1
5591 666 1
5592 666 1
5594 666 1
5599 666 1
5601 666 1
5602 666 1
5604 666 1
5612 666 1
5627 666 1
5631 666 1
5638 666 1
5642 666 1
5647 666 1
5651 666 1
5655 666 1
5657 666 1
5667 666 1
5675 666 1
5676 666 1
5697 666 1
5700 666 1
5701 666 1
5704 666 1
5706 666 1
5710 666 1
5713 666 1
6145 666 1
6936 666 1
9228 666 1
9420 666 1
9448 666 1
9451 666 1
9454 666 1
9462 666 1
9472 666 1
9475 666 1
9651 666 1
10933 666 1
12675 666 1
13773 666 1
13860 666 1
14418 666 1
14435 666 1
14488 666 1
15932 666 1
16033 666 1
17048 666 1
18433 666 1
18565 666 1
18656 666 1
18657 666 1
18664 666 1
18681 666 1
18686 666 1
18696 666 1
18712 666 1
18717 666 1
19169 666 1
19170 666 1
19171 666 1
19173 666 1
19174 666 1
19176 666 1
19177 666 1
19303 666 1
19814 666 1
20083 666 1
20391 666 1
21784 666 1
22749 666 1
23084 666 1
23088 666 1
23095 666 1
23098 666 1
23752 666 1
24124 666 1
24582 666 1
24584 666 1
25188 666 1
25441 666 1
25716 666 1
25717 666 1
25718 666 1
668 667 1
669 667 1
670 667 1
671 667 1
672 667 1
673 667 1
674 667 1
675 667 1
676 667 1
2359 668 1
4414 668 1
6308 668 1
6509 668 1
12630 668 1
12960 668 1
21678 668 1
2398 669 1
2429 669 1
2414 670 1
13694 670 1
1534 671 1
1462 672 1
2390 672 1
2372 673 1
2400 675 1
2429 675 1
678 677 1
1412 678 1
2202 678 1
2280 678 1
2310 678 1
2374 678 1
3606 678 1
3973 678 1
3975 678 1
4352 678 1
4433 678 1
4660 678 1
4718 678 1
4860 678 1
5264 678 1
6152 678 1
6203 678 1
6837 678 1
6943 678 1
7153 678 1
7268 678 1
7321 678 1
7488 678 1
7785 678 1
7811 678 1
7993 678 1
8062 678 1
8111 678 1
8185 678 1
8223 678 1
8257 678 1
8270 678 1
8327 678 1
8462 678 1
8489 678 1
8502 678 1
8513 678 1
8577 678 1
8637 678 1
8689 678 1
8721 678 1
9112 678 1
9313 678 1
10776 678 1
10831 678 1
10910 678 1
11252 678 1
12011 678 1
12519 678 1
12520 678 1
12706 678 1
13016 678 1
13740 678 1
13743 678 1
13889 678 1
14580 678 1
15099 678 1
15163 678 1
15337 678 1
15462 678 1
15488 678 1
16525 678 1
16722 678 1
16911 678 1
17258 678 1
17326 678 1
17395 678 1
17466 678 1
17530 678 1
17761 678 1
18264 678 1
18545 678 1
18783 678 1
19119 678 1
19728 678 1
19760 678 1
19772 678 1
19945 678 1
20195 678 1
20428 678 1
20703 678 1
20740 678 1
21217 678 1
21312 678 1
21361 678 1
21487 678 1
21585 678 1
21611 678 1
22185 678 1
22272 678 1
22304 678 1
22382 678 1
22649 678 1
22650 678 1
22651 678 1
22652 678 1
22653 678 1
22654 678 1
22655 678 1
22656 678 1
22657 678 1
22658 678 1
22659 678 1
22660 678 1
22661 678 1
22662 678 1
22663 678 1
22664 678 1
22665 678 1
22666 678 1
22667 678 1
22668 678 1
22669 678 1
22670 678 1
22671 678 1
22672 678 1
22673 678 1
22674 678 1
22675 678 1
22676 678 1
22677 678 1
22678 678 1
22679 678 1
22680 678 1
22681 678 1
22682 678 1
22683 678 1
22684 678 1
22685 678 1
22686 678 1
681 680 1
682 680 1
687 682 1
932 682 1
933 682 1
2305 682 1
2419 682 1
3694 682 1
4676 682 1
4920 682 1
7456 682 1
9027 682 1
10353 682 1
11479 682 1
14067 682 1
18637 682 1
18863 682 1
20153 682 1
21654 682 1
22472 682 1
22537 682 1
24179 682 1
24180 682 1
687 686 1
736 687 1
810 687 1
841 687 1
1027 687 1
2088 687 1
4812 687 1
4920 687 1
4944 687 1
6090 687 1
9027 687 1
11479 687 1
14085 687 1
14215 687 1
15146 687 1
17087 687 1
17120 687 1
20257 687 1
20419 687 1
20908 687 1
21687 687 1
22399 687 1
22472 687 1
22537 687 1
22966 687 1
23293 687 1
23893 687 1
23906 687 1
23957 687 1
24018 687 1
24041 687 1
24090 687 1
25162 687 1
25379 687 1
25629 687 1
25977 687 1
25978 687 1
25979 687 1
689 688 1
690 688 1
841 689 1
854 689 1
2337 689 1
2339 689 1
2543 689 1
4422 689 1
4882 689 1
4992 689 1
9587 689 1
9595 689 1
12721 689 1
14172 689 1
14589 689 1
16842 689 1
18256 689 1
19469 689 1
19783 689 1
20421 689 1
21151 689 1
22340 689 1
25187 689 1
736 690 1
854 690 1
2337 690 1
16842 690 1
19447 690 1
692 691 1
733 692 1
897 692 1
1065 692 1
1714 692 1
1715 692 1
1724 692 1
1757 692 1
1775 692 1
1804 692 1
1806 692 1
1854 692 1
1866 692 1
1869 692 1
3553 692 1
3792 692 1
4443 692 1
4663 692 1
5026 692 1
5029 692 1
5037 692 1
5126 692 1
5127 692 1
5763 692 1
6043 692 1
6051 692 1
6059 692 1
6066 692 1
6636 692 1
9680 692 1
10944 692 1
11037 692 1
11827 692 1
12866 692 1
12998 692 1
13306 692 1
13662 692 1
13855 692 1
14468 692 1
14570 692 1
14945 692 1
15315 692 1
16320 692 1
16554 692 1
18185 692 1
18425 692 1
18558 692 1
19747 692 1
20535 692 1
20537 692 1
20762 692 1
21155 692 1
22166 692 1
22331 692 1
22483 692 1
22614 692 1
23206 692 1
23286 692 1
23833 692 1
23884 692 1
24058 692 1
24067 692 1
24515 692 1
25047 692 1
25114 692 1
25115 692 1
25116 692 1
25117 692 1
25118 692 1
25119 692 1
25120 692 1
25121 692 1
25122 692 1
25123 692 1
25124 692 1
25125 692 1
696 695 1
697 695 1
741 696 1
783 696 1
798 696 1
2574 696 1
2807 696 1
3052 696 1
3264 696 1
3932 696 1
5738 696 1
5880 696 1
6368 696 1
6388 696 1
6400 696 1
6406 696 1
6536 696 1
6656 696 1
6807 696 1
7008 696 1
9638 696 1
10250 696 1
10519 696 1
10885 696 1
11202 696 1
11215 696 1
11217 696 1
11272 696 1
11378 696 1
11527 696 1
12796 696 1
12813 696 1
13300 696 1
13338 696 1
13541 696 1
13951 696 1
14042 696 1
14232 696 1
14535 696 1
14761 696 1
14762 696 1
14763 696 1
14764 696 1
14765 696 1
14766 696 1
14767 696 1
14768 696 1
14769 696 1
14770 696 1
14771 696 1
14772 696 1
14773 696 1
14774 696 1
14775 696 1
14776 696 1
14777 696 1
14778 696 1
14779 696 1
14780 696 1
14781 696 1
14782 696 1
14783 696 1
14784 696 1
14785 696 1
14786 696 1
14787 696 1
14788 696 1
14789 696 1
14790 696 1
14791 696 1
14792 696 1
14793 696 1
14794 696 1
14795 696 1
14796 696 1
14797 696 1
14798 696 1
14799 696 1
14800 696 1
14801 696 1
14802 696 1
14803 696 1
14804 696 1
14805 696 1
14806 696 1
14807 696 1
14808 696 1
14809 696 1
14810 696 1
14811 696 1
14812 696 1
14813 696 1
14814 696 1
14815 696 1
14816 696 1
14817 696 1
14818 696 1
14819 696 1
733 697 1
841 697 1
978 697 1
2276 697 1
2374 697 1
2574 697 1
2896 697 1
3540 697 1
4120 697 1
7022 697 1
7711 697 1
9016 697 1
10336 697 1
10394 697 1
10438 697 1
13300 697 1
14764 697 1
14768 697 1
14772 697 1
14775 697 1
14821 697 1
15576 697 1
16523 697 1
16602 697 1
17878 697 1
18010 697 1
18362 697 1
19518 697 1
20734 697 1
20843 697 1
21007 697 1
22018 697 1
22138 697 1
23208 697 1
23313 697 1
24126 697 1
25409 697 1
25685 697 1
25686 697 1
25687 697 1
25688 697 1
25689 697 1
25690 697 1
25691 697 1
25692 697 1
25693 697 1
25694 697 1
25695 697 1
25696 697 1
699 698 1
789 699 1
8864 699 1
11819 699 1
13594 699 1
18023 699 1
21764 699 1
701 700 1
1830 701 1
3560 701 1
3814 701 1
5763 701 1
5778 701 1
5786 701 1
5792 701 1
5797 701 1
5810 701 1
5820 701 1
5823 701 1
12602 701 1
15885 701 1
18179 701 1
19063 701 1
22728 701 1
22729 701 1
22730 701 1
22731 701 1
22732 701 1
22733 701 1
22734 701 1
703 702 1
3699 703 1
7554 703 1
9995 703 1
11038 703 1
11468 703 1
13259 703 1
13308 703 1
13384 703 1
15767 703 1
16260 703 1
17662 703 1
17772 703 1
19252 703 1
19299 703 1
19856 703 1
20417 703 1
20550 703 1
20697 703 1
22295 703 1
22706 703 1
23211 703 1
24411 703 1
25286 703 1
25375 703 1
25385 703 1
25741 703 1
25778 703 1
25779 703 1
25780 703 1
25781 703 1
705 704 1
706 704 1
746 705 1
789 705 1
810 705 1
963 705 1
1535 705 1
1677 705 1
3719 705 1
3734 705 1
3737 705 1
5881 705 1
10171 705 1
11011 705 1
12506 705 1
13121 705 1
13862 705 1
13971 705 1
15376 705 1
15717 705 1
15726 705 1
16193 705 1
18851 705 1
19066 705 1
19089 705 1
19270 705 1
19501 705 1
19504 705 1
20131 705 1
20227 705 1
21005 705 1
21782 705 1
22643 705 1
22809 705 1
22810 705 1
22811 705 1
22812 705 1
22813 705 1
22814 705 1
22815 705 1
22816 705 1
22817 705 1
22818 705 1
22819 705 1
22820 705 1
746 706 1
810 706 1
1535 706 1
2769 706 1
3899 706 1
8864 706 1
13535 706 1
13536 706 1
13722 706 1
13996 706 1
15600 706 1
15731 706 1
15733 706 1
15735 706 1
16220 706 1
18540 706 1
18564 706 1
19090 706 1
19097 706 1
19271 706 1
19754 706 1
19755 706 1
19767 706 1
21558 706 1
21559 706 1
22197 706 1
22997 706 1
23197 706 1
23468 706 1
24183 706 1
24485 706 1
25228 706 1
25595 706 1
25831 706 1
25832 706 1
25833 706 1
25834 706 1
708 707 1
709 707 1
709 708 1
2704 709 1
2963 709 1
3224 709 1
3462 709 1
3566 709 1
5062 709 1
5063 709 1
5181 709 1
5873 709 1
10507 709 1
10544 709 1
11628 709 1
13564 709 1
14381 709 1
14592 709 1
16027 709 1
16690 709 1
17265 709 1
17268 709 1
17392 709 1
17516 709 1
18732 709 1
18856 709 1
19436 709 1
20404 709 1
22256 709 1
22511 709 1
22710 709 1
22932 709 1
23621 709 1
23628 709 1
24053 709 1
24247 709 1
25981 709 1
26350 709 1
26351 709 1
711 710 1
732 711 1
733 711 1
736 711 1
771 711 1
778 711 1
783 711 1
798 711 1
799 711 1
810 711 1
829 711 1
933 711 1
971 711 1
972 711 1
975 711 1
984 711 1
1064 711 1
1127 711 1
1170 711 1
1209 711 1
1255 711 1
1517 711 1
1530 711 1
1581 711 1
1609 711 1
1611 711 1
1906 711 1
1937 711 1
2050 711 1
2104 711 1
2107 711 1
2190 711 1
2267 711 1
2327 711 1
2333 711 1
2354 711 1
2429 711 1
2468 711 1
2485 711 1
2521 711 1
2551 711 1
2574 711 1
2617 711 1
2840 711 1
2858 711 1
2865 711 1
2899 711 1
2989 711 1
3041 711 1
3062 711 1
3110 711 1
3122 711 1
3144 711 1
3154 711 1
3193 711 1
3264 711 1
3369 711 1
3387 711 1
3436 711 1
3473 711 1
3480 711 1
3802 711 1
3954 711 1
4238 711 1
4249 711 1
4637 711 1
4640 711 1
4795 711 1
4842 711 1
4976 711 1
5068 711 1
5157 711 1
5852 711 1
5934 711 1
5937 711 1
5967 711 1
5968 711 1
6402 711 1
6427 711 1
6774 711 1
7074 711 1
7174 711 1
7354 711 1
7508 711 1
7847 711 1
8587 711 1
8623 711 1
8951 711 1
9336 711 1
9389 711 1
9524 711 1
9602 711 1
9796 711 1
9951 711 1
10000 711 1
10043 711 1
10055 711 1
10060 711 1
10353 711 1
10427 711 1
10499 711 1
10649 711 1
10725 711 1
10755 711 1
10862 711 1
10868 711 1
10873 711 1
11073 711 1
11286 711 1
11453 711 1
11692 711 1
11693 711 1
11694 711 1
11695 711 1
11856 711 1
11877 711 1
12091 711 1
12149 711 1
12578 711 1
12645 711 1
12842 711 1
13011 711 1
13369 711 1
13896 711 1
13903 711 1
13979 711 1
14229 711 1
14271 711 1
14698 711 1
14722 711 1
14808 711 1
14810 711 1
14824 711 1
15006 711 1
15046 711 1
15047 711 1
15313 711 1
15320 711 1
15491 711 1
15595 711 1
15808 711 1
16021 711 1
16080 711 1
16198 711 1
16418 711 1
16436 711 1
16477 711 1
17002 711 1
17027 711 1
17089 711 1
17165 711 1
17894 711 1
18278 711 1
18348 711 1
18438 711 1
18487 711 1
18715 711 1
18805 711 1
18810 711 1
19117 711 1
19532 711 1
19576 711 1
19669 711 1
19682 711 1
19835 711 1
19905 711 1
19954 711 1
20167 711 1
20172 711 1
20252 711 1
20830 711 1
20916 711 1
20996 711 1
21007 711 1
21173 711 1
21251 711 1
21286 711 1
21324 711 1
21391 711 1
21437 711 1
21984 711 1
22024 711 1
22075 711 1
22076 711 1
22920 711 1
23030 711 1
23270 711 1
23384 711 1
23701 711 1
23927 711 1
23937 711 1
23947 711 1
23970 711 1
23998 711 1
23999 711 1
24000 711 1
24001 711 1
24002 711 1
24003 711 1
24004 711 1
24005 711 1
24006 711 1
24007 711 1
24008 711 1
24009 711 1
24010 711 1
24011 711 1
24012 711 1
24013 711 1
24014 711 1
24015 711 1
24016 711 1
713 712 1
783 713 1
810 713 1
1892 713 1
1893 713 1
1894 713 1
1895 713 1
1906 713 1
2228 713 1
3741 713 1
3790 713 1
3821 713 1
4168 713 1
4294 713 1
4296 713 1
4329 713 1
4370 713 1
4677 713 1
5304 713 1
5871 713 1
5988 713 1
6464 713 1
9181 713 1
9183 713 1
10991 713 1
11661 713 1
12695 713 1
13265 713 1
13266 713 1
14131 713 1
15180 713 1
15228 713 1
15666 713 1
15825 713 1
16107 713 1
16445 713 1
16462 713 1
16472 713 1
16476 713 1
16632 713 1
16699 713 1
17102 713 1
17756 713 1
18063 713 1
18373 713 1
18440 713 1
18532 713 1
18574 713 1
18641 713 1
18760 713 1
18770 713 1
19041 713 1
19193 713 1
20254 713 1
20269 713 1
20402 713 1
20949 713 1
21168 713 1
21817 713 1
21818 713 1
21819 713 1
21820 713 1
21821 713 1
21822 713 1
21823 713 1
21824 713 1
21825 713 1
21826 713 1
21827 713 1
21828 713 1
21829 713 1
21830 713 1
21831 713 1
21832 713 1
21833 713 1
21834 713 1
21835 713 1
21836 713 1
21837 713 1
21838 713 1
21839 713 1
21840 713 1
21841 713 1
21842 713 1
21843 713 1
21844 713 1
21845 713 1
21846 713 1
21847 713 1
21848 713 1
21849 713 1
21850 713 1
21851 713 1
21852 713 1
21853 713 1
21854 713 1
21855 713 1
21856 713 1
21857 713 1
21858 713 1
21859 713 1
21860 713 1
21861 713 1
21862 713 1
21863 713 1
21864 713 1
21865 713 1
21866 713 1
21867 713 1
21868 713 1
715 714 1
810 715 1
1079 715 1
1455 715 1
2218 715 1
2952 715 1
6095 715 1
6860 715 1
14586 715 1
15321 715 1
15322 715 1
15323 715 1
15324 715 1
15325 715 1
15326 715 1
15327 715 1
15328 715 1
15329 715 1
15330 715 1
717 716 1
718 716 1
1118 717 1
1248 717 1
2548 717 1
12125 717 1
12325 717 1
12343 717 1
12365 717 1
12369 717 1
13015 717 1
13869 717 1
16755 717 1
16756 717 1
16759 717 1
16761 717 1
16768 717 1
18058 717 1
23099 717 1
778 718 1
1085 718 1
2285 718 1
2288 718 1
2301 718 1
3888 718 1
4643 718 1
6032 718 1
6094 718 1
6153 718 1
6246 718 1
7042 718 1
8770 718 1
11379 718 1
11956 718 1
12472 718 1
13444 718 1
13909 718 1
16765 718 1
16769 718 1
17763 718 1
19068 718 1
20429 718 1
20866 718 1
22167 718 1
22408 718 1
22423 718 1
23067 718 1
23103 718 1
23603 718 1
23772 718 1
23819 718 1
23904 718 1
24270 718 1
24342 718 1
25107 718 1
25204 718 1
25551 718 1
25780 718 1
25819 718 1
26451 718 1
721 720 1
799 721 1
2840 721 1
3660 721 1
3665 721 1
3671 721 1
6340 721 1
12627 721 1
12646 721 1
13426 721 1
13468 721 1
13723 721 1
13724 721 1
13725 721 1
13726 721 1
13727 721 1
13728 721 1
13729 721 1
13730 721 1
13731 721 1
13732 721 1
13733 721 1
13734 721 1
13735 721 1
13736 721 1
724 723 1
736 724 1
7875 724 1
10065 724 1
11121 724 1
16622 724 1
16721 724 1
18792 724 1
22632 724 1
25289 724 1
25290 724 1
727 726 1
728 726 1
1608 727 1
3667 727 1
5176 727 1
5230 727 1
6250 727 1
10382 727 1
11147 727 1
13497 727 1
14986 727 1
15398 727 1
15513 727 1
18824 727 1
18825 727 1
19590 727 1
19725 727 1
20090 727 1
20767 727 1
20770 727 1
20772 727 1
21903 727 1
21997 727 1
23755 727 1
24546 727 1
25330 727 1
25525 727 1
1608 728 1
13435 728 1
20015 728 1
21575 728 1
21576 728 1
21577 728 1
731 730 1
732 730 1
733 730 1
734 730 1
733 731 1
810 731 1
841 731 1
1077 731 1
4719 731 1
6405 731 1
14609 731 1
19900 731 1
23169 731 1
23320 731 1
736 732 1
739 732 1
799 732 1
810 732 1
841 732 1
904 732 1
958 732 1
980 732 1
988 732 1
1195 732 1
1196 732 1
1201 732 1
1203 732 1
1553 732 1
1590 732 1
1631 732 1
1906 732 1
2078 732 1
2179 732 1
2281 732 1
2450 732 1
2507 732 1
2537 732 1
2538 732 1
2586 732 1
2609 732 1
2633 732 1
2641 732 1
2711 732 1
2716 732 1
2731 732 1
2780 732 1
2921 732 1
2926 732 1
3064 732 1
3075 732 1
3122 732 1
3256 732 1
3264 732 1
3272 732 1
3274 732 1
3277 732 1
3474 732 1
3490 732 1
3696 732 1
3781 732 1
3861 732 1
3915 732 1
3994 732 1
4020 732 1
4223 732 1
4240 732 1
4249 732 1
4432 732 1
4509 732 1
4555 732 1
4760 732 1
4762 732 1
4782 732 1
4821 732 1
4883 732 1
4894 732 1
4926 732 1
5027 732 1
5211 732 1
5914 732 1
5931 732 1
5937 732 1
5980 732 1
6033 732 1
6067 732 1
6130 732 1
6160 732 1
6215 732 1
6218 732 1
6224 732 1
6280 732 1
6282 732 1
6287 732 1
6288 732 1
6292 732 1
6332 732 1
6346 732 1
6381 732 1
6392 732 1
6634 732 1
6821 732 1
6861 732 1
7111 732 1
7354 732 1
8578 732 1
8586 732 1
8733 732 1
8783 732 1
8800 732 1
8804 732 1
9159 732 1
9322 732 1
9380 732 1
9763 732 1
9791 732 1
9928 732 1
9939 732 1
9955 732 1
10004 732 1
10020 732 1
10024 732 1
10025 732 1
10031 732 1
10040 732 1
10051 732 1
10053 732 1
10061 732 1
10062 732 1
10071 732 1
10074 732 1
10076 732 1
10169 732 1
10234 732 1
10237 732 1
10290 732 1
10322 732 1
10337 732 1
10440 732 1
10452 732 1
10552 732 1
10568 732 1
10635 732 1
10654 732 1
10766 732 1
10790 732 1
10879 732 1
11008 732 1
11022 732 1
11617 732 1
11687 732 1
11697 732 1
11738 732 1
12692 732 1
12753 732 1
12821 732 1
12831 732 1
12890 732 1
12995 732 1
13002 732 1
13017 732 1
13024 732 1
13447 732 1
13493 732 1
13527 732 1
13685 732 1
13878 732 1
13891 732 1
14059 732 1
14139 732 1
14144 732 1
14154 732 1
14156 732 1
14196 732 1
14233 732 1
14635 732 1
14671 732 1
14701 732 1
14898 732 1
14907 732 1
14908 732 1
15051 732 1
15133 732 1
15151 732 1
15285 732 1
15345 732 1
15347 732 1
15402 732 1
15463 732 1
15596 732 1
15775 732 1
15968 732 1
15979 732 1
16536 732 1
16774 732 1
17030 732 1
17034 732 1
17535 732 1
17731 732 1
17764 732 1
17771 732 1
17914 732 1
17995 732 1
18068 732 1
18141 732 1
18161 732 1
18170 732 1
18338 732 1
18520 732 1
19080 732 1
19112 732 1
19213 732 1
19238 732 1
19288 732 1
19314 732 1
19395 732 1
19407 732 1
19603 732 1
19673 732 1
19753 732 1
19833 732 1
19879 732 1
19895 732 1
19970 732 1
20117 732 1
20154 732 1
20518 732 1
20811 732 1
20822 732 1
20897 732 1
20914 732 1
20976 732 1
21033 732 1
21039 732 1
21048 732 1
21051 732 1
21073 732 1
21236 732 1
21254 732 1
21289 732 1
21314 732 1
21328 732 1
21331 732 1
21338 732 1
21381 732 1
21425 732 1
21539 732 1
21591 732 1
21756 732 1
21923 732 1
22014 732 1
22037 732 1
22113 732 1
22173 732 1
22178 732 1
22235 732 1
22268 732 1
22533 732 1
22543 732 1
22554 732 1
22891 732 1
22898 732 1
23121 732 1
23129 732 1
23140 732 1
23166 732 1
23246 732 1
23320 732 1
23321 732 1
23386 732 1
23791 732 1
24012 732 1
24073 732 1
24130 732 1
24442 732 1
24545 732 1
24591 732 1
24643 732 1
24693 732 1
24801 732 1
24842 732 1
24972 732 1
25000 732 1
25029 732 1
25095 732 1
25160 732 1
25267 732 1
25297 732 1
25435 732 1
25520 732 1
25619 732 1
25763 732 1
25786 732 1
25795 732 1
25802 732 1
25822 732 1
25867 732 1
25905 732 1
25924 732 1
25960 732 1
26047 732 1
26066 732 1
26073 732 1
26078 732 1
26140 732 1
26160 732 1
26177 732 1
26220 732 1
26234 732 1
26257 732 1
26284 732 1
26338 732 1
26346 732 1
26405 732 1
26414 732 1
26415 732 1
26416 732 1
736 733 1
739 733 1
740 733 1
755 733 1
783 733 1
798 733 1
799 733 1
810 733 1
851 733 1
854 733 1
901 733 1
920 733 1
935 733 1
936 733 1
937 733 1
938 733 1
954 733 1
957 733 1
958 733 1
959 733 1
960 733 1
971 733 1
975 733 1
978 733 1
984 733 1
1034 733 1
1064 733 1
1076 733 1
1081 733 1
1087 733 1
1112 733 1
1124 733 1
1169 733 1
1197 733 1
1250 733 1
1256 733 1
1281 733 1
1460 733 1
1513 733 1
1532 733 1
1566 733 1
1581 733 1
1590 733 1
1608 733 1
1632 733 1
1697 733 1
1877 733 1
1927 733 1
1940 733 1
1964 733 1
2090 733 1
2104 733 1
2107 733 1
2175 733 1
2256 733 1
2267 733 1
2314 733 1
2316 733 1
2337 733 1
2342 733 1
2354 733 1
2361 733 1
2374 733 1
2379 733 1
2419 733 1
2421 733 1
2467 733 1
2502 733 1
2512 733 1
2514 733 1
2530 733 1
2538 733 1
2558 733 1
2574 733 1
2586 733 1
2600 733 1
2627 733 1
2628 733 1
2633 733 1
2706 733 1
2722 733 1
2741 733 1
2773 733 1
2792 733 1
2798 733 1
2813 733 1
2828 733 1
2846 733 1
2855 733 1
2858 733 1
2870 733 1
2879 733 1
2891 733 1
2899 733 1
2916 733 1
2933 733 1
2938 733 1
2989 733 1
3042 733 1
3045 733 1
3046 733 1
3063 733 1
3086 733 1
3092 733 1
3122 733 1
3144 733 1
3152 733 1
3171 733 1
3177 733 1
3184 733 1
3187 733 1
3193 733 1
3222 733 1
3228 733 1
3229 733 1
3250 733 1
3256 733 1
3264 733 1
3269 733 1
3332 733 1
3346 733 1
3377 733 1
3410 733 1
3415 733 1
3454 733 1
3475 733 1
3562 733 1
3592 733 1
3595 733 1
3696 733 1
3832 733 1
3887 733 1
4155 733 1
4249 733 1
4282 733 1
4286 733 1
4315 733 1
4375 733 1
4438 733 1
4474 733 1
4743 733 1
4744 733 1
4773 733 1
4793 733 1
4799 733 1
4834 733 1
4851 733 1
4877 733 1
4894 733 1
4905 733 1
4913 733 1
4918 733 1
4932 733 1
4940 733 1
4947 733 1
4971 733 1
4979 733 1
5154 733 1
5283 733 1
5437 733 1
5854 733 1
5931 733 1
5932 733 1
5934 733 1
5951 733 1
5957 733 1
6223 733 1
6279 733 1
6318 733 1
6344 733 1
6349 733 1
6403 733 1
6444 733 1
6605 733 1
6849 733 1
6978 733 1
7111 733 1
7308 733 1
7448 733 1
7799 733 1
7891 733 1
8052 733 1
8187 733 1
8208 733 1
8282 733 1
8312 733 1
8408 733 1
8696 733 1
8804 733 1
8967 733 1
9493 733 1
9498 733 1
9628 733 1
9791 733 1
9869 733 1
9925 733 1
9926 733 1
9927 733 1
9928 733 1
9929 733 1
9930 733 1
9931 733 1
9932 733 1
9933 733 1
9934 733 1
9935 733 1
9936 733 1
9937 733 1
9938 733 1
9939 733 1
9940 733 1
9941 733 1
9942 733 1
9943 733 1
9944 733 1
9945 733 1
9946 733 1
9947 733 1
9948 733 1
9949 733 1
9950 733 1
9951 733 1
9952 733 1
9953 733 1
9954 733 1
9955 733 1
9956 733 1
9957 733 1
9958 733 1
9959 733 1
9960 733 1
9961 733 1
9962 733 1
9963 733 1
9964 733 1
9965 733 1
9966 733 1
9967 733 1
9968 733 1
9969 733 1
9970 733 1
9971 733 1
9972 733 1
9973 733 1
9974 733 1
9975 733 1
9976 733 1
9977 733 1
9978 733 1
9979 733 1
9980 733 1
9981 733 1
9982 733 1
9983 733 1
9984 733 1
9985 733 1
9986 733 1
9987 733 1
9988 733 1
9989 733 1
9990 733 1
9991 733 1
9992 733 1
9993 733 1
9994 733 1
9995 733 1
9996 733 1
9997 733 1
9998 733 1
9999 733 1
10000 733 1
10001 733 1
10002 733 1
10003 733 1
10004 733 1
10005 733 1
10006 733 1
10007 733 1
10008 733 1
10009 733 1
10010 733 1
10011 733 1
10012 733 1
10013 733 1
10014 733 1
10015 733 1
10016 733 1
10017 733 1
10018 733 1
10019 733 1
10020 733 1
10021 733 1
10022 733 1
10023 733 1
10024 733 1
10025 733 1
10026 733 1
10027 733 1
10028 733 1
10029 733 1
10030 733 1
10031 733 1
10032 733 1
10033 733 1
10034 733 1
10035 733 1
10036 733 1
10037 733 1
10038 733 1
10039 733 1
10040 733 1
10041 733 1
10042 733 1
10043 733 1
10044 733 1
10045 733 1
10046 733 1
10047 733 1
10048 733 1
10049 733 1
10050 733 1
10051 733 1
10052 733 1
10053 733 1
10054 733 1
10055 733 1
10056 733 1
10057 733 1
10058 733 1
10059 733 1
10060 733 1
10061 733 1
10062 733 1
10063 733 1
10064 733 1
10065 733 1
10066 733 1
10067 733 1
10068 733 1
10069 733 1
10070 733 1
10071 733 1
10072 733 1
10073 733 1
10074 733 1
10075 733 1
10076 733 1
10077 733 1
10078 733 1
10079 733 1
10080 733 1
10081 733 1
10082 733 1
10083 733 1
10084 733 1
10085 733 1
10086 733 1
10087 733 1
10088 733 1
10089 733 1
10090 733 1
10091 733 1
10092 733 1
10093 733 1
10094 733 1
10095 733 1
10096 733 1
10097 733 1
10098 733 1
10099 733 1
2509 734 1
736 735 1
737 735 1
740 736 1
741 736 1
770 736 1
771 736 1
772 736 1
774 736 1
783 736 1
798 736 1
799 736 1
801 736 1
810 736 1
841 736 1
851 736 1
855 736 1
899 736 1
920 736 1
933 736 1
957 736 1
958 736 1
960 736 1
962 736 1
971 736 1
975 736 1
977 736 1
1034 736 1
1057 736 1
1108 736 1
1109 736 1
1162 736 1
1191 736 1
1197 736 1
1255 736 1
1281 736 1
1282 736 1
1301 736 1
1303 736 1
1316 736 1
1323 736 1
1393 736 1
1402 736 1
1407 736 1
1419 736 1
1428 736 1
1465 736 1
1487 736 1
1508 736 1
1558 736 1
1581 736 1
1609 736 1
1679 736 1
1749 736 1
1883 736 1
1886 736 1
1934 736 1
1939 736 1
2009 736 1
2038 736 1
2081 736 1
2107 736 1
2159 736 1
2160 736 1
2171 736 1
2176 736 1
2184 736 1
2251 736 1
2267 736 1
2276 736 1
2307 736 1
2308 736 1
2337 736 1
2339 736 1
2342 736 1
2348 736 1
2354 736 1
2402 736 1
2406 736 1
2412 736 1
2419 736 1
2421 736 1
2429 736 1
2433 736 1
2521 736 1
2564 736 1
2578 736 1
2602 736 1
2603 736 1
2628 736 1
2649 736 1
2652 736 1
2675 736 1
2698 736 1
2722 736 1
2731 736 1
2758 736 1
2778 736 1
2798 736 1
2825 736 1
2831 736 1
2856 736 1
2858 736 1
2861 736 1
2920 736 1
2935 736 1
2937 736 1
2949 736 1
2950 736 1
2956 736 1
2962 736 1
2969 736 1
2973 736 1
2974 736 1
2977 736 1
2993 736 1
3002 736 1
3008 736 1
3122 736 1
3158 736 1
3161 736 1
3171 736 1
3190 736 1
3204 736 1
3220 736 1
3222 736 1
3226 736 1
3233 736 1
3240 736 1
3241 736 1
3255 736 1
3266 736 1
3269 736 1
3274 736 1
3279 736 1
3282 736 1
3323 736 1
3344 736 1
3347 736 1
3368 736 1
3388 736 1
3477 736 1
3800 736 1
3802 736 1
3816 736 1
3836 736 1
3837 736 1
3839 736 1
3916 736 1
3917 736 1
4045 736 1
4074 736 1
4079 736 1
4134 736 1
4182 736 1
4249 736 1
4253 736 1
4508 736 1
4714 736 1
4743 736 1
4744 736 1
4762 736 1
4763 736 1
4764 736 1
4765 736 1
4766 736 1
4767 736 1
4768 736 1
4769 736 1
4770 736 1
4771 736 1
4772 736 1
4773 736 1
4774 736 1
4775 736 1
4776 736 1
4777 736 1
4778 736 1
4779 736 1
4780 736 1
4781 736 1
4782 736 1
4783 736 1
4784 736 1
4785 736 1
4786 736 1
4787 736 1
4788 736 1
4789 736 1
4790 736 1
4791 736 1
4792 736 1
4793 736 1
4794 736 1
4795 736 1
4796 736 1
4797 736 1
4798 736 1
4799 736 1
4800 736 1
4801 736 1
4802 736 1
4803 736 1
4804 736 1
4805 736 1
4806 736 1
4807 736 1
4808 736 1
4809 736 1
4810 736 1
4811 736 1
4812 736 1
4813 736 1
4814 736 1
4815 736 1
4816 736 1
4817 736 1
4818 736 1
4819 736 1
4820 736 1
4821 736 1
4822 736 1
4823 736 1
4824 736 1
4825 736 1
4826 736 1
4827 736 1
4828 736 1
4829 736 1
4830 736 1
4831 736 1
4832 736 1
4833 736 1
4834 736 1
4835 736 1
4836 736 1
4837 736 1
4838 736 1
4839 736 1
4840 736 1
4841 736 1
4842 736 1
4843 736 1
4844 736 1
4845 736 1
4846 736 1
4847 736 1
4848 736 1
4849 736 1
4850 736 1
4851 736 1
4852 736 1
4853 736 1
4854 736 1
4855 736 1
4856 736 1
4857 736 1
4858 736 1
4859 736 1
4860 736 1
4861 736 1
4862 736 1
4863 736 1
4864 736 1
4865 736 1
4866 736 1
4867 736 1
4868 736 1
4869 736 1
4870 736 1
4871 736 1
4872 736 1
4873 736 1
4874 736 1
4875 736 1
4876 736 1
4877 736 1
4878 736 1
4879 736 1
4880 736 1
4881 736 1
4882 736 1
4883 736 1
4884 736 1
4885 736 1
4886 736 1
4887 736 1
4888 736 1
4889 736 1
4890 736 1
4891 736 1
4892 736 1
4893 736 1
4894 736 1
4895 736 1
4896 736 1
4897 736 1
4898 736 1
4899 736 1
4900 736 1
4901 736 1
4902 736 1
4903 736 1
4904 736 1
4905 736 1
4906 736 1
4907 736 1
4908 736 1
4909 736 1
4910 736 1
4911 736 1
4912 736 1
4913 736 1
4914 736 1
4915 736 1
4916 736 1
4917 736 1
4918 736 1
4919 736 1
4920 736 1
4921 736 1
4922 736 1
4923 736 1
4924 736 1
4925 736 1
4926 736 1
4927 736 1
4928 736 1
4929 736 1
4930 736 1
4931 736 1
4932 736 1
4933 736 1
4934 736 1
4935 736 1
4936 736 1
4937 736 1
4938 736 1
4939 736 1
4940 736 1
4941 736 1
4942 736 1
4943 736 1
4944 736 1
4945 736 1
4946 736 1
4947 736 1
4948 736 1
4949 736 1
4950 736 1
4951 736 1
4952 736 1
4953 736 1
4954 736 1
4955 736 1
4956 736 1
4957 736 1
4958 736 1
4959 736 1
4960 736 1
4961 736 1
4962 736 1
4963 736 1
4964 736 1
4965 736 1
4966 736 1
4967 736 1
4968 736 1
4969 736 1
4970 736 1
4971 736 1
4972 736 1
4973 736 1
4974 736 1
4975 736 1
4976 736 1
4977 736 1
4978 736 1
4979 736 1
4980 736 1
4981 736 1
4982 736 1
4983 736 1
4984 736 1
4985 736 1
4986 736 1
4987 736 1
4988 736 1
1686 737 1
1687 737 1
2188 737 1
2228 737 1
2254 737 1
6413 737 1
6415 737 1
6537 737 1
6538 737 1
9181 737 1
9854 737 1
10964 737 1
11727 737 1
11900 737 1
13061 737 1
13283 737 1
13337 737 1
15014 737 1
15116 737 1
15161 737 1
15273 737 1
15333 737 1
15471 737 1
15532 737 1
15758 737 1
16093 737 1
16461 737 1
16468 737 1
16469 737 1
16475 737 1
16579 737 1
17064 737 1
17102 737 1
18006 737 1
18373 737 1
18441 737 1
18544 737 1
18759 737 1
18765 737 1
18766 737 1
18834 737 1
18975 737 1
19145 737 1
19272 737 1
19275 737 1
19318 737 1
19325 737 1
19335 737 1
19345 737 1
19347 737 1
19977 737 1
20134 737 1
21188 737 1
21645 737 1
21821 737 1
21823 737 1
21866 737 1
21868 737 1
22066 737 1
22421 737 1
22618 737 1
22633 737 1
23431 737 1
23857 737 1
25067 737 1
25070 737 1
25073 737 1
25075 737 1
25078 737 1
25084 737 1
25085 737 1
25086 737 1
25090 737 1
25092 737 1
25104 737 1
25312 737 1
25656 737 1
25729 737 1
25733 737 1
25738 737 1
25739 737 1
25835 737 1
26033 737 1
26036 737 1
26037 737 1
26038 737 1
739 738 1
740 738 1
741 738 1
742 738 1
810 739 1
3583 739 1
5000 739 1
8684 739 1
11841 739 1
20110 739 1
21540 739 1
21637 739 1
1034 740 1
10589 740 1
11013 740 1
12683 740 1
16407 740 1
16408 740 1
16409 740 1
16410 740 1
810 741 1
841 741 1
938 741 1
1940 741 1
2563 741 1
2652 741 1
2743 741 1
3696 741 1
3831 741 1
3832 741 1
4814 741 1
5736 741 1
6317 741 1
6318 741 1
6403 741 1
6429 741 1
6432 741 1
6564 741 1
9932 741 1
9936 741 1
9963 741 1
9984 741 1
9996 741 1
9998 741 1
10067 741 1
10096 741 1
10097 741 1
10522 741 1
10780 741 1
10889 741 1
11416 741 1
11663 741 1
13133 741 1
14863 741 1
14914 741 1
15295 741 1
16410 741 1
16948 741 1
16949 741 1
17018 741 1
17024 741 1
17032 741 1
17037 741 1
17771 741 1
17986 741 1
20305 741 1
20354 741 1
20843 741 1
21029 741 1
21306 741 1
21506 741 1
23395 741 1
23793 741 1
23871 741 1
23872 741 1
23873 741 1
23874 741 1
799 742 1
810 742 1
2276 742 1
18070 742 1
18071 742 1
746 745 1
789 746 1
916 746 1
963 746 1
990 746 1
1007 746 1
1008 746 1
1500 746 1
1501 746 1
1502 746 1
1679 746 1
1680 746 1
1681 746 1
2528 746 1
3178 746 1
3682 746 1
3703 746 1
3704 746 1
3707 746 1
3708 746 1
3723 746 1
3724 746 1
3726 746 1
3765 746 1
3887 746 1
4093 746 1
4113 746 1
4119 746 1
4138 746 1
4155 746 1
4622 746 1
4866 746 1
4867 746 1
4878 746 1
5434 746 1
6163 746 1
6234 746 1
6492 746 1
6502 746 1
8680 746 1
8843 746 1
9608 746 1
10969 746 1
11139 746 1
11455 746 1
11640 746 1
11835 746 1
11946 746 1
11947 746 1
12633 746 1
12844 746 1
12887 746 1
13032 746 1
13051 746 1
13083 746 1
13121 746 1
13268 746 1
13370 746 1
13526 746 1
13975 746 1
14165 746 1
14369 746 1
14395 746 1
14514 746 1
14587 746 1
14760 746 1
14935 746 1
15025 746 1
15376 746 1
15722 746 1
15736 746 1
15903 746 1
16000 746 1
16173 746 1
16189 746 1
16190 746 1
16191 746 1
16192 746 1
16193 746 1
16194 746 1
16195 746 1
16196 746 1
16197 746 1
16198 746 1
16199 746 1
16200 746 1
16201 746 1
16202 746 1
16203 746 1
16204 746 1
16205 746 1
16206 746 1
16207 746 1
16208 746 1
16209 746 1
16210 746 1
16211 746 1
16212 746 1
16213 746 1
16214 746 1
16215 746 1
16216 746 1
16217 746 1
16218 746 1
16219 746 1
16220 746 1
16221 746 1
16222 746 1
16223 746 1
16224 746 1
16225 746 1
16226 746 1
16227 746 1
16228 746 1
16229 746 1
16230 746 1
16231 746 1
16232 746 1
16233 746 1
16234 746 1
16235 746 1
16236 746 1
16237 746 1
16238 746 1
16239 746 1
16240 746 1
16241 746 1
748 747 1
810 748 1
5314 748 1
10125 748 1
11169 748 1
11175 748 1
14270 748 1
14897 748 1
18427 748 1
22198 748 1
22359 748 1
753 752 1
783 753 1
798 753 1
841 753 1
2339 753 1
3878 753 1
4183 753 1
5045 753 1
6286 753 1
9584 753 1
10145 753 1
10146 753 1
10980 753 1
11057 753 1
11448 753 1
11450 753 1
14891 753 1
15695 753 1
15935 753 1
16574 753 1
16978 753 1
16996 753 1
17159 753 1
18096 753 1
18480 753 1
18526 753 1
18626 753 1
19192 753 1
19666 753 1
19779 753 1
20093 753 1
20241 753 1
20832 753 1
21111 753 1
22071 753 1
22922 753 1
22967 753 1
22972 753 1
23066 753 1
23159 753 1
23295 753 1
24750 753 1
25061 753 1
25425 753 1
25559 753 1
25575 753 1
25606 753 1
25633 753 1
25761 753 1
25903 753 1
26050 753 1
26095 753 1
26118 753 1
26121 753 1
26226 753 1
26227 753 1
26228 753 1
26229 753 1
26230 753 1
755 754 1
756 754 1
757 754 1
1009 755 1
1886 755 1
2066 755 1
14328 755 1
14411 755 1
22552 755 1
24476 755 1
24890 755 1
25144 755 1
25195 755 1
1072 756 1
2223 756 1
3998 756 1
4627 756 1
13301 756 1
15380 756 1
22190 756 1
22979 756 1
23918 756 1
23961 756 1
23962 756 1
15382 757 1
759 758 1
7547 759 1
9199 759 1
12880 759 1
19680 759 1
21954 759 1
762 761 1
763 761 1
810 762 1
963 762 1
12841 762 1
14158 762 1
16897 762 1
19448 762 1
19449 762 1
19450 762 1
19451 762 1
19452 762 1
1008 763 1
2769 763 1
765 764 1
9392 765 1
767 766 1
768 766 1
3752 767 1
14348 767 1
20385 767 1
1072 768 1
3629 768 1
4266 768 1
14366 768 1
15289 768 1
23200 768 1
26041 768 1
770 769 1
771 769 1
772 769 1
2578 770 1
4413 770 1
4991 770 1
5311 770 1
5312 770 1
5314 770 1
5320 770 1
5327 770 1
11638 770 1
12891 770 1
16035 770 1
16036 770 1
799 771 1
841 771 1
854 771 1
1323 771 1
1366 771 1
1581 771 1
3522 771 1
4072 771 1
4073 771 1
4074 771 1
5309 771 1
5310 771 1
5311 771 1
5312 771 1
5313 771 1
5314 771 1
5315 771 1
5316 771 1
5317 771 1
5318 771 1
5319 771 1
5320 771 1
5321 771 1
5322 771 1
5323 771 1
5324 771 1
5325 771 1
5326 771 1
5327 771 1
841 772 1
854 772 1
1459 772 1
2339 772 1
5313 772 1
5316 772 1
5323 772 1
9743 772 1
13008 772 1
22853 772 1
22958 772 1
774 773 1
799 774 1
881 774 1
1260 774 1
1336 774 1
2105 774 1
2337 774 1
3578 774 1
4701 774 1
5070 774 1
5465 774 1
5474 774 1
5478 774 1
5493 774 1
5495 774 1
5514 774 1
5518 774 1
5520 774 1
5544 774 1
5545 774 1
5552 774 1
5553 774 1
5557 774 1
5588 774 1
5610 774 1
5616 774 1
5618 774 1
5625 774 1
5634 774 1
5640 774 1
5648 774 1
5649 774 1
5664 774 1
5672 774 1
5693 774 1
5696 774 1
5702 774 1
5704 774 1
5705 774 1
6145 774 1
6315 774 1
9400 774 1
9412 774 1
9416 774 1
9417 774 1
9418 774 1
9419 774 1
9420 774 1
9421 774 1
9422 774 1
9423 774 1
9424 774 1
9425 774 1
9426 774 1
9427 774 1
9428 774 1
9429 774 1
9430 774 1
9431 774 1
9432 774 1
9433 774 1
9434 774 1
9435 774 1
9436 774 1
9437 774 1
9438 774 1
9439 774 1
9440 774 1
9441 774 1
9442 774 1
9443 774 1
9444 774 1
9445 774 1
9446 774 1
9447 774 1
9448 774 1
9449 774 1
9450 774 1
9451 774 1
9452 774 1
9453 774 1
9454 774 1
9455 774 1
9456 774 1
9457 774 1
9458 774 1
9459 774 1
9460 774 1
9461 774 1
9462 774 1
9463 774 1
9464 774 1
9465 774 1
9466 774 1
9467 774 1
9468 774 1
9469 774 1
9470 774 1
9471 774 1
9472 774 1
9473 774 1
9474 774 1
9475 774 1
9476 774 1
9477 774 1
9478 774 1
776 775 1
2873 776 1
3210 776 1
3261 776 1
3328 776 1
5169 776 1
5987 776 1
7094 776 1
7146 776 1
7176 776 1
7354 776 1
7456 776 1
7507 776 1
7739 776 1
7875 776 1
7914 776 1
7936 776 1
7997 776 1
8000 776 1
8007 776 1
8134 776 1
8253 776 1
8602 776 1
778 777 1
841 778 1
940 778 1
9865 778 1
10149 778 1
10477 778 1
15036 778 1
21068 778 1
21069 778 1
21070 778 1
21071 778 1
21072 778 1
780 779 1
2267 780 1
4418 780 1
6291 780 1
8715 780 1
11667 780 1
12871 780 1
13645 780 1
14103 780 1
14110 780 1
15876 780 1
18364 780 1
18444 780 1
20803 780 1
21648 780 1
23143 780 1
23823 780 1
23824 780 1
23825 780 1
23826 780 1
23827 780 1
783 782 1
798 783 1
799 783 1
810 783 1
828 783 1
885 783 1
891 783 1
899 783 1
1102 783 1
1244 783 1
1581 783 1
1611 783 1
2267 783 1
2343 783 1
2354 783 1
2361 783 1
2421 783 1
2690 783 1
2703 783 1
2807 783 1
3062 783 1
3546 783 1
3555 783 1
3629 783 1
3693 783 1
3858 783 1
3860 783 1
3902 783 1
3953 783 1
4195 783 1
4263 783 1
4314 783 1
4444 783 1
4497 783 1
4696 783 1
4780 783 1
4801 783 1
4819 783 1
4876 783 1
4944 783 1
4955 783 1
5251 783 1
5741 783 1
6149 783 1
7354 783 1
7432 783 1
7521 783 1
8059 783 1
8219 783 1
8709 783 1
8782 783 1
9554 783 1
9714 783 1
10012 783 1
10104 783 1
10166 783 1
10512 783 1
10817 783 1
10919 783 1
11026 783 1
11164 783 1
11375 783 1
11669 783 1
11895 783 1
12792 783 1
12952 783 1
13429 783 1
13506 783 1
13896 783 1
13915 783 1
13918 783 1
13927 783 1
13951 783 1
14004 783 1
14119 783 1
14202 783 1
14203 783 1
14204 783 1
14205 783 1
14206 783 1
14207 783 1
14208 783 1
14209 783 1
14210 783 1
14211 783 1
14212 783 1
14213 783 1
14214 783 1
14215 783 1
14216 783 1
14217 783 1
14218 783 1
14219 783 1
14220 783 1
14221 783 1
14222 783 1
14223 783 1
14224 783 1
14225 783 1
14226 783 1
14227 783 1
14228 783 1
14229 783 1
14230 783 1
14231 783 1
14232 783 1
14233 783 1
14234 783 1
14235 783 1
14236 783 1
14237 783 1
14238 783 1
14239 783 1
14240 783 1
14241 783 1
14242 783 1
14243 783 1
14244 783 1
14245 783 1
14246 783 1
14247 783 1
14248 783 1
14249 783 1
14250 783 1
14251 783 1
14252 783 1
14253 783 1
14254 783 1
14255 783 1
14256 783 1
14257 783 1
14258 783 1
14259 783 1
14260 783 1
14261 783 1
14262 783 1
14263 783 1
14264 783 1
14265 783 1
14266 783 1
14267 783 1
14268 783 1
14269 783 1
14270 783 1
14271 783 1
14272 783 1
14273 783 1
14274 783 1
14275 783 1
14276 783 1
14277 783 1
14278 783 1
14279 783 1
14280 783 1
14281 783 1
14282 783 1
14283 783 1
14284 783 1
785 784 1
786 784 1
787 784 1
17297 787 1
789 788 1
790 788 1
791 788 1
792 788 1
841 789 1
927 789 1
1570 789 1
1679 789 1
2019 789 1
2447 789 1
3536 789 1
3635 789 1
3636 789 1
3952 789 1
4014 789 1
4041 789 1
4407 789 1
4408 789 1
4483 789 1
5019 789 1
5115 789 1
5365 789 1
5729 789 1
5748 789 1
6172 789 1
6313 789 1
6465 789 1
6481 789 1
8640 789 1
8651 789 1
8853 789 1
8862 789 1
8865 789 1
8870 789 1
8884 789 1
8889 789 1
9693 789 1
11091 789 1
11094 789 1
11095 789 1
11102 789 1
11166 789 1
11197 789 1
11421 789 1
11626 789 1
11800 789 1
11835 789 1
12476 789 1
13066 789 1
13071 789 1
13558 789 1
13756 789 1
13757 789 1
14370 789 1
14452 789 1
14454 789 1
14455 789 1
14613 789 1
14637 789 1
14640 789 1
14920 789 1
14988 789 1
15915 789 1
16142 789 1
18608 789 1
18728 789 1
18782 789 1
18978 789 1
19067 789 1
19211 789 1
19235 789 1
19382 789 1
19489 789 1
19548 789 1
19599 789 1
19703 789 1
19704 789 1
20252 789 1
20744 789 1
20868 789 1
21030 789 1
21044 789 1
21638 789 1
21811 789 1
21887 789 1
21889 789 1
21999 789 1
22377 789 1
22612 789 1
22801 789 1
22843 789 1
23168 789 1
23430 789 1
23459 789 1
23462 789 1
23924 789 1
23979 789 1
24036 789 1
24120 789 1
24158 789 1
24161 789 1
24168 789 1
24493 789 1
25208 789 1
25222 789 1
25227 789 1
25233 789 1
25241 789 1
25242 789 1
25257 789 1
25457 789 1
25708 789 1
25946 789 1
25972 789 1
26064 789 1
26179 789 1
26225 789 1
26381 789 1
26417 789 1
26425 789 1
26426 789 1
792 791 1
1242 791 1
3632 791 1
3635 791 1
3636 791 1
3637 791 1
3638 791 1
6466 791 1
8774 791 1
8844 791 1
8845 791 1
8846 791 1
8847 791 1
8848 791 1
8849 791 1
8850 791 1
8851 791 1
8852 791 1
8853 791 1
8854 791 1
8855 791 1
8856 791 1
8857 791 1
8858 791 1
8859 791 1
8860 791 1
8861 791 1
8862 791 1
8863 791 1
8864 791 1
8865 791 1
8866 791 1
8867 791 1
8868 791 1
8869 791 1
8870 791 1
8871 791 1
8872 791 1
8873 791 1
8874 791 1
8875 791 1
8876 791 1
8877 791 1
8878 791 1
8879 791 1
8880 791 1
8881 791 1
8882 791 1
8883 791 1
8884 791 1
8885 791 1
8886 791 1
8887 791 1
8888 791 1
8889 791 1
8890 791 1
8891 791 1
8892 791 1
8893 791 1
8894 791 1
8895 791 1
8896 791 1
794 793 1
918 794 1
4717 794 1
10891 794 1
11285 794 1
11622 794 1
12031 794 1
14368 794 1
14750 794 1
22452 794 1
23894 794 1
24260 794 1
25791 794 1
26123 794 1
26394 794 1
796 795 1
1517 796 1
798 797 1
799 797 1
799 798 1
810 798 1
841 798 1
851 798 1
886 798 1
899 798 1
940 798 1
971 798 1
975 798 1
1021 798 1
1169 798 1
1281 798 1
1303 798 1
1487 798 1
1494 798 1
1513 798 1
1530 798 1
1698 798 1
1877 798 1
1943 798 1
2009 798 1
2107 798 1
2217 798 1
2333 798 1
2337 798 1
2339 798 1
2342 798 1
2354 798 1
2380 798 1
2419 798 1
2429 798 1
2467 798 1
2468 798 1
2530 798 1
2557 798 1
2607 798 1
2643 798 1
2715 798 1
2786 798 1
2793 798 1
2918 798 1
3072 798 1
3229 798 1
3261 798 1
3266 798 1
3299 798 1
3314 798 1
3678 798 1
3772 798 1
3802 798 1
3902 798 1
4074 798 1
4079 798 1
4125 798 1
4444 798 1
4796 798 1
4819 798 1
4866 798 1
4899 798 1
4918 798 1
4948 798 1
5833 798 1
5847 798 1
5849 798 1
5854 798 1
6906 798 1
7414 798 1
7551 798 1
9550 798 1
9818 798 1
10042 798 1
10873 798 1
11000 798 1
11409 798 1
12495 798 1
13085 798 1
14230 798 1
14507 798 1
14652 798 1
15073 798 1
15179 798 1
15775 798 1
15957 798 1
18131 798 1
18349 798 1
18780 798 1
18909 798 1
19663 798 1
19984 798 1
20163 798 1
20164 798 1
20165 798 1
20166 798 1
20167 798 1
20168 798 1
20169 798 1
20170 798 1
20171 798 1
20172 798 1
20173 798 1
20174 798 1
20175 798 1
810 799 1
851 799 1
866 799 1
954 799 1
957 799 1
960 799 1
971 799 1
975 799 1
1191 799 1
1255 799 1
1277 799 1
1581 799 1
1877 799 1
2088 799 1
2143 799 1
2176 799 1
2308 799 1
2314 799 1
2337 799 1
2342 799 1
2361 799 1
2368 799 1
2374 799 1
2380 799 1
2415 799 1
2510 799 1
2551 799 1
2574 799 1
2643 799 1
2649 799 1
2675 799 1
2786 799 1
2811 799 1
3072 799 1
3110 799 1
3122 799 1
3225 799 1
3240 799 1
3258 799 1
3266 799 1
3291 799 1
3479 799 1
3551 799 1
3555 799 1
3802 799 1
3902 799 1
4079 799 1
4262 799 1
4426 799 1
4802 799 1
4812 799 1
4817 799 1
4866 799 1
4889 799 1
4918 799 1
4936 799 1
4948 799 1
4950 799 1
5186 799 1
5210 799 1
5421 799 1
5842 799 1
5849 799 1
5854 799 1
5934 799 1
5946 799 1
5969 799 1
6005 799 1
6028 799 1
6188 799 1
6353 799 1
6738 799 1
8348 799 1
9500 799 1
9574 799 1
9575 799 1
9696 799 1
9950 799 1
9992 799 1
10059 799 1
10310 799 1
10426 799 1
10676 799 1
10862 799 1
11009 799 1
11473 799 1
11539 799 1
11558 799 1
11854 799 1
12091 799 1
12825 799 1
13507 799 1
13685 799 1
13708 799 1
13880 799 1
13915 799 1
13924 799 1
14195 799 1
14408 799 1
14822 799 1
15271 799 1
15775 799 1
16244 799 1
16641 799 1
16739 799 1
17035 799 1
17122 799 1
17915 799 1
18011 799 1
18450 799 1
18616 799 1
18778 799 1
19008 799 1
19663 799 1
20323 799 1
20562 799 1
21021 799 1
21027 799 1
21032 799 1
21258 799 1
22215 799 1
23348 799 1
23385 799 1
23563 799 1
23597 799 1
24943 799 1
25775 799 1
25802 799 1
25803 799 1
25804 799 1
25805 799 1
25806 799 1
801 800 1
2010 801 1
6194 801 1
11010 801 1
13537 801 1
14841 801 1
18491 801 1
18800 801 1
21177 801 1
22009 801 1
23020 801 1
25094 801 1
25097 801 1
25442 801 1
25864 801 1
25868 801 1
26260 801 1
26356 801 1
26357 801 1
26358 801 1
26359 801 1
803 802 1
804 802 1
805 802 1
806 802 1
807 802 1
808 802 1
2518 804 1
26008 804 1
1994 805 1
957 806 1
1581 806 1
5444 806 1
5717 806 1
5746 806 1
6488 806 1
6998 806 1
7067 806 1
8691 806 1
8746 806 1
9143 806 1
9223 806 1
10421 806 1
10813 806 1
11688 806 1
12965 806 1
14056 806 1
15855 806 1
16743 806 1
17256 806 1
17305 806 1
17815 806 1
19710 806 1
20091 806 1
20622 806 1
20623 806 1
20624 806 1
20625 806 1
20626 806 1
20627 806 1
20628 806 1
20629 806 1
20630 806 1
20631 806 1
20632 806 1
20633 806 1
20634 806 1
896 807 1
1994 807 1
2481 807 1
2484 807 1
2649 807 1
3520 807 1
3545 807 1
10935 807 1
16510 807 1
16511 807 1
16512 807 1
16513 807 1
16514 807 1
1994 808 1
3545 808 1
810 809 1
811 809 1
829 810 1
841 810 1
846 810 1
851 810 1
854 810 1
871 810 1
877 810 1
885 810 1
888 810 1
892 810 1
901 810 1
927 810 1
938 810 1
946 810 1
960 810 1
962 810 1
971 810 1
977 810 1
1026 810 1
1046 810 1
1050 810 1
1069 810 1
1070 810 1
1075 810 1
1081 810 1
1109 810 1
1112 810 1
1144 810 1
1145 810 1
1154 810 1
1169 810 1
1188 810 1
1193 810 1
1195 810 1
1203 810 1
1245 810 1
1281 810 1
1282 810 1
1303 810 1
1348 810 1
1487 810 1
1501 810 1
1502 810 1
1517 810 1
1525 810 1
1532 810 1
1566 810 1
1581 810 1
1587 810 1
1679 810 1
1681 810 1
1691 810 1
1929 810 1
1939 810 1
1964 810 1
2046 810 1
2107 810 1
2175 810 1
2176 810 1
2257 810 1
2266 810 1
2276 810 1
2281 810 1
2307 810 1
2337 810 1
2342 810 1
2354 810 1
2369 810 1
2421 810 1
2455 810 1
2459 810 1
2488 810 1
2539 810 1
2574 810 1
2580 810 1
2586 810 1
2589 810 1
2596 810 1
2598 810 1
2606 810 1
2626 810 1
2633 810 1
2659 810 1
2664 810 1
2770 810 1
2772 810 1
2785 810 1
2798 810 1
2817 810 1
2826 810 1
2828 810 1
2840 810 1
2886 810 1
2888 810 1
2891 810 1
2893 810 1
2919 810 1
2939 810 1
3015 810 1
3046 810 1
3051 810 1
3073 810 1
3083 810 1
3122 810 1
3128 810 1
3161 810 1
3184 810 1
3217 810 1
3220 810 1
3229 810 1
3256 810 1
3264 810 1
3266 810 1
3274 810 1
3289 810 1
3313 810 1
3335 810 1
3361 810 1
3374 810 1
3392 810 1
3409 810 1
3475 810 1
3476 810 1
3478 810 1
3485 810 1
3488 810 1
3592 810 1
3682 810 1
3696 810 1
3697 810 1
3714 810 1
3723 810 1
3728 810 1
3731 810 1
3825 810 1
3861 810 1
3920 810 1
4000 810 1
4074 810 1
4093 810 1
4154 810 1
4155 810 1
4203 810 1
4223 810 1
4271 810 1
4301 810 1
4318 810 1
4366 810 1
4402 810 1
4473 810 1
4498 810 1
4508 810 1
4744 810 1
4762 810 1
4777 810 1
4785 810 1
4787 810 1
4792 810 1
4794 810 1
4798 810 1
4799 810 1
4824 810 1
4831 810 1
4834 810 1
4854 810 1
4857 810 1
4866 810 1
4885 810 1
4909 810 1
4913 810 1
4918 810 1
4924 810 1
4948 810 1
4959 810 1
4962 810 1
4969 810 1
4974 810 1
5154 810 1
5183 810 1
5193 810 1
5437 810 1
5732 810 1
5847 810 1
5867 810 1
5889 810 1
5931 810 1
5938 810 1
5941 810 1
5951 810 1
5957 810 1
5958 810 1
5959 810 1
5960 810 1
5963 810 1
5964 810 1
5969 810 1
6026 810 1
6117 810 1
6146 810 1
6167 810 1
6292 810 1
6294 810 1
6385 810 1
6427 810 1
6544 810 1
6849 810 1
6978 810 1
7448 810 1
7799 810 1
7910 810 1
8187 810 1
8312 810 1
8390 810 1
8408 810 1
8580 810 1
8796 810 1
8961 810 1
8967 810 1
9024 810 1
9027 810 1
9118 810 1
9180 810 1
9336 810 1
9503 810 1
9636 810 1
9710 810 1
9853 810 1
9929 810 1
9937 810 1
9939 810 1
9954 810 1
9965 810 1
9969 810 1
9970 810 1
9976 810 1
9982 810 1
9987 810 1
9989 810 1
9996 810 1
10007 810 1
10015 810 1
10064 810 1
10067 810 1
10082 810 1
10098 810 1
10115 810 1
10155 810 1
10171 810 1
10199 810 1
10300 810 1
10312 810 1
10318 810 1
10350 810 1
10351 810 1
10355 810 1
10434 810 1
10450 810 1
10459 810 1
10495 810 1
10549 810 1
10583 810 1
10588 810 1
10614 810 1
10648 810 1
10678 810 1
10694 810 1
10699 810 1
10719 810 1
10797 810 1
10826 810 1
10837 810 1
10873 810 1
10878 810 1
10888 810 1
10907 810 1
10943 810 1
11070 810 1
11088 810 1
11119 810 1
11139 810 1
11180 810 1
11408 810 1
11416 810 1
11626 810 1
11632 810 1
11805 810 1
11835 810 1
12531 810 1
12823 810 1
12828 810 1
12844 810 1
12912 810 1
13039 810 1
13041 810 1
13046 810 1
13430 810 1
13434 810 1
13470 810 1
13487 810 1
13537 810 1
13968 810 1
13997 810 1
14255 810 1
14284 810 1
14322 810 1
14324 810 1
14587 810 1
14696 810 1
14889 810 1
14922 810 1
14965 810 1
15232 810 1
15565 810 1
15786 810 1
15903 810 1
16196 810 1
16202 810 1
16225 810 1
16228 810 1
16240 810 1
16337 810 1
16412 810 1
16481 810 1
16516 810 1
16589 810 1
16669 810 1
16751 810 1
16826 810 1
16837 810 1
16844 810 1
16886 810 1
17034 810 1
17044 810 1
17246 810 1
17995 810 1
18159 810 1
18265 810 1
18375 810 1
18377 810 1
18445 810 1
18495 810 1
18634 810 1
18767 810 1
18799 810 1
18834 810 1
18889 810 1
18929 810 1
18949 810 1
19237 810 1
19332 810 1
19344 810 1
19575 810 1
19682 810 1
19753 810 1
19765 810 1
19880 810 1
19954 810 1
20154 810 1
20177 810 1
20252 810 1
20446 810 1
20973 810 1
20989 810 1
20994 810 1
20996 810 1
20998 810 1
21000 810 1
21001 810 1
21002 810 1
21003 810 1
21004 810 1
21005 810 1
21006 810 1
21007 810 1
21008 810 1
21009 810 1
21010 810 1
21011 810 1
21012 810 1
21013 810 1
21014 810 1
21015 810 1
21016 810 1
21017 810 1
21018 810 1
21019 810 1
21020 810 1
21021 810 1
21022 810 1
21023 810 1
21024 810 1
21025 810 1
21026 810 1
21027 810 1
21028 810 1
21029 810 1
21030 810 1
21031 810 1
21032 810 1
21033 810 1
21034 810 1
21035 810 1
21036 810 1
21037 810 1
21038 810 1
21039 810 1
21040 810 1
21041 810 1
21042 810 1
21043 810 1
21044 810 1
21045 810 1
21046 810 1
21047 810 1
21048 810 1
21049 810 1
21050 810 1
21051 810 1
21052 810 1
813 812 1
814 812 1
5256 813 1
7613 813 1
12329 813 1
22956 813 1
1512 814 1
10476 814 1
15244 814 1
15245 814 1
15246 814 1
816 815 1
923 816 1
1316 816 1
1412 816 1
1516 816 1
2012 816 1
2327 816 1
2453 816 1
4078 816 1
4196 816 1
4231 816 1
4718 816 1
4750 816 1
4754 816 1
5231 816 1
5264 816 1
5366 816 1
6174 816 1
6928 816 1
7027 816 1
7249 816 1
7277 816 1
7512 816 1
7563 816 1
7631 816 1
7879 816 1
7902 816 1
7957 816 1
8077 816 1
8152 816 1
8722 816 1
8912 816 1
10309 816 1
10369 816 1
10529 816 1
10894 816 1
11270 816 1
11417 816 1
11426 816 1
11901 816 1
11983 816 1
12221 816 1
12354 816 1
12528 816 1
12676 816 1
13073 816 1
13109 816 1
13112 816 1
13345 816 1
13617 816 1
13863 816 1
13991 816 1
14374 816 1
14450 816 1
14461 816 1
14608 816 1
14672 816 1
14743 816 1
14917 816 1
14948 816 1
15294 816 1
15331 816 1
15934 816 1
16082 816 1
16162 816 1
16813 816 1
16864 816 1
16988 816 1
17231 816 1
17237 816 1
17359 816 1
17632 816 1
17702 816 1
18181 816 1
18392 816 1
18594 816 1
18896 816 1
19049 816 1
19134 816 1
19479 816 1
19640 816 1
19709 816 1
19745 816 1
19748 816 1
19787 816 1
19947 816 1
19958 816 1
20235 816 1
20399 816 1
20605 816 1
20611 816 1
20635 816 1
20760 816 1
21114 816 1
21199 816 1
21211 816 1
21231 816 1
21298 816 1
21341 816 1
21453 816 1
21483 816 1
21529 816 1
21531 816 1
21534 816 1
21781 816 1
21964 816 1
22344 816 1
22405 816 1
22466 816 1
22652 816 1
22700 816 1
22763 816 1
23046 816 1
23071 816 1
23228 816 1
23389 816 1
23501 816 1
23551 816 1
23775 816 1
23779 816 1
23783 816 1
23808 816 1
23832 816 1
23912 816 1
23954 816 1
24024 816 1
24025 816 1
24026 816 1
24027 816 1
24028 816 1
24030 816 1
24076 816 1
24134 816 1
24173 816 1
24250 816 1
24259 816 1
24318 816 1
24380 816 1
24439 816 1
24604 816 1
24740 816 1
24799 816 1
24827 816 1
24987 816 1
24991 816 1
25141 816 1
25184 816 1
25185 816 1
25186 816 1
25352 816 1
25355 816 1
25543 816 1
25652 816 1
25906 816 1
25999 816 1
26093 816 1
26239 816 1
26267 816 1
26268 816 1
26269 816 1
26270 816 1
26271 816 1
26272 816 1
26273 816 1
26274 816 1
26275 816 1
26276 816 1
818 817 1
841 818 1
2417 818 1
5448 818 1
5465 818 1
5481 818 1
5500 818 1
5555 818 1
5560 818 1
5565 818 1
5605 818 1
5613 818 1
5644 818 1
5645 818 1
5661 818 1
5694 818 1
6145 818 1
9422 818 1
9425 818 1
9434 818 1
9467 818 1
9651 818 1
12675 818 1
15184 818 1
16350 818 1
16729 818 1
18341 818 1
18658 818 1
19171 818 1
20869 818 1
20870 818 1
23752 818 1
23753 818 1
820 819 1
821 819 1
4096 820 1
4098 820 1
13627 820 1
18266 820 1
18267 820 1
18268 820 1
1198 821 1
3908 821 1
18266 821 1
19995 821 1
25953 821 1
824 823 1
825 823 1
5134 824 1
6553 824 1
6554 824 1
12006 825 1
829 828 1
1228 829 1
4673 829 1
10409 829 1
11027 829 1
13599 829 1
13648 829 1
14265 829 1
15595 829 1
15646 829 1
15649 829 1
16080 829 1
16861 829 1
17927 829 1
17944 829 1
18064 829 1
18646 829 1
19835 829 1
19928 829 1
19929 829 1
20816 829 1
21694 829 1
21950 829 1
22446 829 1
22738 829 1
23794 829 1
24562 829 1
24669 829 1
24724 829 1
25004 829 1
26084 829 1
26337 829 1
831 830 1
1581 831 1
2297 831 1
2693 831 1
4351 831 1
4356 831 1
4511 831 1
5432 831 1
10470 831 1
11324 831 1
12016 831 1
12163 831 1
12391 831 1
12953 831 1
13399 831 1
13400 831 1
13401 831 1
13402 831 1
13403 831 1
13404 831 1
13405 831 1
13406 831 1
13407 831 1
13408 831 1
13409 831 1
13410 831 1
13411 831 1
13412 831 1
13413 831 1
13414 831 1
13415 831 1
13416 831 1
13417 831 1
13418 831 1
13419 831 1
13420 831 1
13421 831 1
833 832 1
834 832 1
835 832 1
836 832 1
837 832 1
838 832 1
839 832 1
840 832 1
841 832 1
16502 833 1
18927 834 1
11133 837 1
15050 838 1
854 841 1
871 841 1
873 841 1
894 841 1
896 841 1
901 841 1
937 841 1
984 841 1
1064 841 1
1193 841 1
1209 841 1
1225 841 1
1311 841 1
1316 841 1
1320 841 1
1323 841 1
1348 841 1
1350 841 1
1351 841 1
1353 841 1
1357 841 1
1393 841 1
1401 841 1
1412 841 1
1418 841 1
1451 841 1
1455 841 1
1459 841 1
1472 841 1
1482 841 1
1487 841 1
1581 841 1
1588 841 1
1595 841 1
1937 841 1
1943 841 1
1994 841 1
2046 841 1
2175 841 1
2180 841 1
2211 841 1
2307 841 1
2312 841 1
2327 841 1
2333 841 1
2343 841 1
2354 841 1
2412 841 1
2467 841 1
2468 841 1
2557 841 1
2596 841 1
2606 841 1
2649 841 1
2661 841 1
2675 841 1
2707 841 1
2722 841 1
2792 841 1
2813 841 1
2825 841 1
2828 841 1
2835 841 1
2853 841 1
2855 841 1
2933 841 1
2973 841 1
2984 841 1
3034 841 1
3045 841 1
3093 841 1
3122 841 1
3127 841 1
3144 841 1
3148 841 1
3163 841 1
3229 841 1
3256 841 1
3309 841 1
3415 841 1
3436 841 1
3477 841 1
3495 841 1
3564 841 1
3772 841 1
3832 841 1
3836 841 1
3837 841 1
3880 841 1
3881 841 1
4045 841 1
4074 841 1
4079 841 1
4249 841 1
4276 841 1
4279 841 1
4288 841 1
4442 841 1
4444 841 1
4684 841 1
4774 841 1
4786 841 1
4794 841 1
4799 841 1
4808 841 1
4819 841 1
4834 841 1
4850 841 1
4882 841 1
4897 841 1
4900 841 1
4931 841 1
4933 841 1
4976 841 1
5066 841 1
5079 841 1
5315 841 1
5319 841 1
5407 841 1
5847 841 1
5931 841 1
5952 841 1
5985 841 1
6149 841 1
6209 841 1
6213 841 1
6223 841 1
6353 841 1
7013 841 1
7373 841 1
7570 841 1
8052 841 1
8957 841 1
9004 841 1
9205 841 1
9218 841 1
9241 841 1
9244 841 1
9496 841 1
9520 841 1
9540 841 1
9592 841 1
9602 841 1
9941 841 1
9954 841 1
10014 841 1
10065 841 1
10088 841 1
10148 841 1
10160 841 1
10235 841 1
10241 841 1
10284 841 1
10318 841 1
10405 841 1
10414 841 1
10431 841 1
10583 841 1
10604 841 1
10755 841 1
10761 841 1
11075 841 1
11078 841 1
11361 841 1
11482 841 1
11862 841 1
12572 841 1
12985 841 1
13009 841 1
13023 841 1
13361 841 1
13591 841 1
13603 841 1
13660 841 1
13794 841 1
14054 841 1
14055 841 1
14195 841 1
14694 841 1
14860 841 1
15009 841 1
16127 841 1
16748 841 1
17009 841 1
17030 841 1
17824 841 1
18078 841 1
18099 841 1
18105 841 1
18113 841 1
18347 841 1
18380 841 1
18388 841 1
18810 841 1
18912 841 1
19490 841 1
19663 841 1
19843 841 1
20175 841 1
20597 841 1
20691 841 1
20884 841 1
21019 841 1
21023 841 1
21169 841 1
21431 841 1
21498 841 1
22060 841 1
22255 841 1
22341 841 1
22739 841 1
23320 841 1
23708 841 1
23818 841 1
24526 841 1
24813 841 1
24848 841 1
24905 841 1
25653 841 1
25700 841 1
25938 841 1
25962 841 1
25963 841 1
26072 841 1
26292 841 1
26389 841 1
26419 841 1
843 842 1
844 842 1
5715 843 1
846 845 1
973 846 1
2552 846 1
4019 846 1
4384 846 1
4553 846 1
4610 846 1
5245 846 1
5248 846 1
9494 846 1
9828 846 1
9829 846 1
9832 846 1
10962 846 1
11373 846 1
11733 846 1
12707 846 1
13378 846 1
13397 846 1
14346 846 1
14977 846 1
16524 846 1
16965 846 1
19124 846 1
19231 846 1
19232 846 1
19477 846 1
19543 846 1
20304 846 1
20888 846 1
21118 846 1
21120 846 1
21121 846 1
21123 846 1
21125 846 1
21126 846 1
21127 846 1
21128 846 1
21129 846 1
21132 846 1
21594 846 1
22646 846 1
25113 846 1
25311 846 1
25631 846 1
25640 846 1
25662 846 1
25663 846 1
25664 846 1
25665 846 1
25666 846 1
25667 846 1
25668 846 1
848 847 1
2374 848 1
2576 848 1
2714 848 1
5046 848 1
5090 848 1
5857 848 1
7079 848 1
7158 848 1
7503 848 1
7648 848 1
8019 848 1
8404 848 1
8918 848 1
9119 848 1
11616 848 1
11758 848 1
11759 848 1
11760 848 1
11761 848 1
11762 848 1
11763 848 1
11764 848 1
11765 848 1
11766 848 1
11767 848 1
11768 848 1
11769 848 1
11770 848 1
11771 848 1
11772 848 1
11773 848 1
11774 848 1
11775 848 1
11776 848 1
11777 848 1
11778 848 1
11779 848 1
11780 848 1
11781 848 1
11782 848 1
11783 848 1
11784 848 1
11785 848 1
11786 848 1
11787 848 1
11788 848 1
850 849 1
851 849 1
852 849 1
2661 850 1
1581 851 1
2297 851 1
3266 851 1
8773 851 1
10198 851 1
10263 851 1
15954 851 1
18604 851 1
26090 851 1
1213 852 1
1540 852 1
2791 852 1
2909 852 1
3264 852 1
3314 852 1
3352 852 1
3955 852 1
4033 852 1
4989 852 1
5990 852 1
6927 852 1
7094 852 1
7184 852 1
7332 852 1
7357 852 1
7509 852 1
7617 852 1
7977 852 1
7987 852 1
8078 852 1
8399 852 1
8644 852 1
9004 852 1
9067 852 1
10181 852 1
11400 852 1
13099 852 1
13604 852 1
13605 852 1
13606 852 1
13607 852 1
13608 852 1
13609 852 1
13610 852 1
13611 852 1
13612 852 1
13613 852 1
13614 852 1
13615 852 1
13616 852 1
13617 852 1
13618 852 1
13619 852 1
13620 852 1
13621 852 1
13622 852 1
854 853 1
855 853 1
1318 854 1
1323 854 1
1337 854 1
1353 854 1
1364 854 1
1406 854 1
1421 854 1
1438 854 1
1547 854 1
1549 854 1
1554 854 1
1918 854 1
2649 854 1
3052 854 1
3452 854 1
3800 854 1
3801 854 1
3802 854 1
4684 854 1
4743 854 1
4744 854 1
4832 854 1
4882 854 1
5479 854 1
5926 854 1
6441 854 1
6445 854 1
7810 854 1
9168 854 1
9541 854 1
9842 854 1
11080 854 1
11404 854 1
12649 854 1
12653 854 1
12655 854 1
12656 854 1
12659 854 1
12660 854 1
12661 854 1
12667 854 1
12669 854 1
12670 854 1
12870 854 1
14061 854 1
15604 854 1
18035 854 1
18098 854 1
18100 854 1
18104 854 1
18110 854 1
18111 854 1
20358 854 1
20596 854 1
21613 854 1
22341 854 1
22855 854 1
23139 854 1
24135 854 1
24587 854 1
24726 854 1
24805 854 1
26109 854 1
26114 854 1
26243 854 1
26244 854 1
1182 855 1
1209 855 1
1400 855 1
1436 855 1
1549 855 1
1915 855 1
4074 855 1
5078 855 1
6223 855 1
6284 855 1
6692 855 1
7023 855 1
9168 855 1
12652 855 1
12658 855 1
12663 855 1
13625 855 1
18110 855 1
18111 855 1
18114 855 1
18115 855 1
24587 855 1
24588 855 1
24589 855 1
857 856 1
858 856 1
6401 857 1
9642 857 1
11195 857 1
19217 857 1
918 858 1
1581 858 1
2247 858 1
3100 858 1
5959 858 1
8256 858 1
9641 858 1
9642 858 1
11517 858 1
12722 858 1
13960 858 1
14439 858 1
14616 858 1
15177 858 1
17005 858 1
19810 858 1
19951 858 1
21241 858 1
21264 858 1
21466 858 1
22525 858 1
22752 858 1
22960 858 1
24211 858 1
24507 858 1
24575 858 1
24576 858 1
24577 858 1
24578 858 1
24579 858 1
24580 858 1
24581 858 1
861 860 1
862 860 1
918 861 1
14976 861 1
22411 861 1
22538 861 1
25394 861 1
12549 862 1
12550 862 1
12551 862 1
866 865 1
2306 866 1
2809 866 1
3068 866 1
3180 866 1
3934 866 1
4034 866 1
4761 866 1
5085 866 1
5920 866 1
5979 866 1
6228 866 1
6261 866 1
6677 866 1
6733 866 1
6801 866 1
7015 866 1
7056 866 1
7145 866 1
7174 866 1
7212 866 1
7504 866 1
7657 866 1
7684 866 1
7939 866 1
8236 866 1
8336 866 1
8564 866 1
8571 866 1
8743 866 1
9521 866 1
9794 866 1
10250 866 1
10568 866 1
10851 866 1
11388 866 1
11390 866 1
11391 866 1
11393 866 1
11502 866 1
12567 866 1
12804 866 1
13362 866 1
13795 866 1
14003 866 1
14241 866 1
14257 866 1
15698 866 1
15834 866 1
16042 866 1
16050 866 1
16051 866 1
16054 866 1
16060 866 1
16062 866 1
16063 866 1
16069 866 1
16728 866 1
18560 866 1
18602 866 1
18778 866 1
19574 866 1
19575 866 1
19774 866 1
19828 866 1
20022 866 1
20064 866 1
20200 866 1
21227 866 1
21324 866 1
21413 866 1
21992 866 1
22052 866 1
22075 866 1
22212 866 1
22213 866 1
22214 866 1
22215 866 1
22216 866 1
22217 866 1
22218 866 1
22219 866 1
22220 866 1
22221 866 1
22222 866 1
22223 866 1
22224 866 1
22225 866 1
22226 866 1
22227 866 1
22228 866 1
22229 866 1
22230 866 1
22231 866 1
22232 866 1
22233 866 1
22234 866 1
22235 866 1
22236 866 1
22237 866 1
868 867 1
869 867 1
5954 868 1
9720 868 1
9777 868 1
10069 868 1
16005 868 1
2419 869 1
6452 869 1
6453 869 1
871 870 1
957 871 1
1581 871 1
3122 871 1
3268 871 1
8144 871 1
8584 871 1
8773 871 1
9932 871 1
11297 871 1
11519 871 1
15768 871 1
18120 871 1
18377 871 1
18378 871 1
18379 871 1
18380 871 1
18381 871 1
873 872 1
874 872 1
874 873 1
2398 873 1
2367 874 1
2414 874 1
11888 874 1
13867 874 1
14483 874 1
20826 874 1
21682 874 1
25163 874 1
877 876 1
2021 877 1
3833 877 1
7174 877 1
13936 877 1
14269 877 1
18776 877 1
18777 877 1
19053 877 1
22434 877 1
23233 877 1
23234 877 1
23242 877 1
23243 877 1
24983 877 1
25169 877 1
25198 877 1
25340 877 1
881 880 1
13135 881 1
19402 881 1
26461 881 1
883 882 1
2661 883 1
5002 883 1
8586 883 1
22050 883 1
885 884 1
886 884 1
1942 885 1
11742 885 1
12732 885 1
12733 885 1
12734 885 1
12735 885 1
12736 885 1
12737 885 1
12738 885 1
12739 885 1
12740 885 1
12741 885 1
12742 885 1
12743 885 1
12744 885 1
12745 885 1
12746 885 1
12747 885 1
12748 885 1
12749 885 1
12750 885 1
12751 885 1
12752 885 1
12753 885 1
12754 885 1
12755 885 1
12756 885 1
12757 885 1
3453 886 1
5287 886 1
6826 886 1
11530 886 1
11740 886 1
12495 886 1
12603 886 1
12605 886 1
12648 886 1
12732 886 1
12735 886 1
12740 886 1
12741 886 1
12743 886 1
12751 886 1
12757 886 1
12797 886 1
12832 886 1
13436 886 1
14321 886 1
14635 886 1
15012 886 1
15053 886 1
15069 886 1
15080 886 1
15889 886 1
16089 886 1
16108 886 1
16815 886 1
16816 886 1
18129 886 1
18142 886 1
18144 886 1
18158 886 1
18172 886 1
19185 886 1
19226 886 1
19262 886 1
19302 886 1
19949 886 1
20111 886 1
20171 886 1
20321 886 1
20357 886 1
22983 886 1
22988 886 1
23980 886 1
23981 886 1
23982 886 1
23983 886 1
23984 886 1
23985 886 1
23986 886 1
23987 886 1
23988 886 1
23989 886 1
23990 886 1
23991 886 1
23992 886 1
23993 886 1
888 887 1
889 887 1
890 887 1
4622 888 1
892 891 1
1124 892 1
4135 892 1
9722 892 1
13766 892 1
894 893 1
3559 894 1
5907 894 1
8773 894 1
11834 894 1
12022 894 1
12777 894 1
12778 894 1
12779 894 1
12780 894 1
12781 894 1
12782 894 1
12783 894 1
12784 894 1
896 895 1
1549 896 1
2417 896 1
4182 896 1
5172 896 1
8741 896 1
9542 896 1
9605 896 1
14520 896 1
14891 896 1
16726 896 1
18480 896 1
20236 896 1
20237 896 1
20238 896 1
20239 896 1
20240 896 1
20241 896 1
20242 896 1
20243 896 1
899 898 1
1223 899 1
1506 899 1
3901 899 1
11413 899 1
12846 899 1
14472 899 1
17107 899 1
20166 899 1
20194 899 1
22874 899 1
24471 899 1
24551 899 1
24552 899 1
24553 899 1
24554 899 1
24555 899 1
24556 899 1
24557 899 1
24558 899 1
24559 899 1
24560 899 1
901 900 1
2422 901 1
8208 901 1
9563 901 1
14516 901 1
14973 901 1
904 903 1
4375 904 1
10605 904 1
11637 904 1
906 905 1
907 905 1
3010 906 1
5102 906 1
13763 906 1
17083 906 1
17226 906 1
17922 906 1
19688 906 1
19788 906 1
20711 906 1
21213 906 1
21521 906 1
24400 906 1
25672 906 1
25892 906 1
26281 906 1
7038 907 1
7859 907 1
7866 907 1
8638 907 1
9881 907 1
10178 907 1
11259 907 1
14972 907 1
15404 907 1
15405 907 1
15406 907 1
15407 907 1
15408 907 1
15409 907 1
15410 907 1
15411 907 1
909 908 1
913 909 1
912 911 1
913 911 1
913 912 1
969 912 1
982 912 1
1225 912 1
1382 912 1
1448 912 1
1454 912 1
1461 912 1
1478 912 1
1569 912 1
2343 912 1
2369 912 1
2417 912 1
2647 912 1
2727 912 1
3893 912 1
4025 912 1
4441 912 1
5128 912 1
5440 912 1
5479 912 1
6276 912 1
7235 912 1
7450 912 1
8059 912 1
8384 912 1
10419 912 1
11016 912 1
11065 912 1
11446 912 1
12678 912 1
13010 912 1
13357 912 1
13381 912 1
13478 912 1
13557 912 1
13629 912 1
13684 912 1
13851 912 1
13970 912 1
14120 912 1
14294 912 1
14409 912 1
14652 912 1
15019 912 1
15564 912 1
15848 912 1
16490 912 1
17775 912 1
17785 912 1
18003 912 1
18230 912 1
18409 912 1
18655 912 1
19392 912 1
20228 912 1
20229 912 1
21653 912 1
22194 912 1
22311 912 1
22436 912 1
22736 912 1
23148 912 1
23226 912 1
23271 912 1
24138 912 1
24479 912 1
24764 912 1
24765 912 1
24766 912 1
24767 912 1
24768 912 1
24769 912 1
24770 912 1
24771 912 1
24772 912 1
24773 912 1
24774 912 1
24775 912 1
24776 912 1
24777 912 1
24778 912 1
24779 912 1
24780 912 1
24781 912 1
24782 912 1
24783 912 1
24784 912 1
24785 912 1
24786 912 1
24787 912 1
24788 912 1
24789 912 1
982 913 1
1225 913 1
1309 913 1
1384 913 1
1430 913 1
1448 913 1
1454 913 1
1478 913 1
1537 913 1
2111 913 1
2333 913 1
2339 913 1
2417 913 1
2473 913 1
2516 913 1
2518 913 1
3406 913 1
3413 913 1
3556 913 1
3745 913 1
4075 913 1
4229 913 1
4442 913 1
4607 913 1
4781 913 1
4990 913 1
5067 913 1
5440 913 1
5479 913 1
6080 913 1
7205 913 1
7354 913 1
7392 913 1
7450 913 1
7761 913 1
8054 913 1
8207 913 1
8212 913 1
8524 913 1
8778 913 1
9411 913 1
9867 913 1
10419 913 1
11016 913 1
11522 913 1
11624 913 1
11892 913 1
12678 913 1
12959 913 1
13354 913 1
13559 913 1
13649 913 1
13800 913 1
13817 913 1
13819 913 1
13822 913 1
13826 913 1
13828 913 1
13831 913 1
13835 913 1
13839 913 1
13843 913 1
13847 913 1
13970 913 1
14120 913 1
14409 913 1
14600 913 1
14703 913 1
14942 913 1
14981 913 1
15019 913 1
15850 913 1
15962 913 1
16442 913 1
16492 913 1
16494 913 1
16498 913 1
16744 913 1
17785 913 1
17790 913 1
17829 913 1
17908 913 1
17930 913 1
18003 913 1
18116 913 1
18230 913 1
18372 913 1
18654 913 1
18655 913 1
19180 913 1
19392 913 1
19576 913 1
19577 913 1
19643 913 1
19709 913 1
19761 913 1
19878 913 1
20229 913 1
20517 913 1
20923 913 1
21616 913 1
22343 913 1
22362 913 1
22436 913 1
22443 913 1
22573 913 1
22873 913 1
22964 913 1
23009 913 1
23271 913 1
24098 913 1
24138 913 1
24479 913 1
24537 913 1
24612 913 1
24764 913 1
24765 913 1
24766 913 1
24772 913 1
24773 913 1
24774 913 1
24775 913 1
24778 913 1
24779 913 1
24780 913 1
24784 913 1
24786 913 1
24902 913 1
24935 913 1
25099 913 1
25139 913 1
25450 913 1
25553 913 1
25671 913 1
25846 913 1
25908 913 1
25932 913 1
25986 913 1
26116 913 1
26193 913 1
26238 913 1
26332 913 1
26334 913 1
26366 913 1
26367 913 1
26368 913 1
26369 913 1
26370 913 1
916 915 1
1680 916 1
3083 916 1
3420 916 1
3590 916 1
3727 916 1
3826 916 1
13533 916 1
13534 916 1
13535 916 1
13536 916 1
13537 916 1
13538 916 1
918 917 1
1010 918 1
1119 918 1
1143 918 1
1288 918 1
1293 918 1
1458 918 1
1521 918 1
1695 918 1
2049 918 1
2071 918 1
2203 918 1
2249 918 1
2258 918 1
2280 918 1
2470 918 1
2701 918 1
2789 918 1
2806 918 1
2822 918 1
2863 918 1
2897 918 1
2925 918 1
2956 918 1
2977 918 1
3033 918 1
3065 918 1
3122 918 1
3175 918 1
3233 918 1
3248 918 1
3303 918 1
3309 918 1
3337 918 1
3402 918 1
3458 918 1
3674 918 1
4002 918 1
4065 918 1
4236 918 1
4424 918 1
4565 918 1
4750 918 1
4784 918 1
4902 918 1
5007 918 1
5094 918 1
5187 918 1
5257 918 1
6241 918 1
6417 918 1
6435 918 1
6560 918 1
6783 918 1
6917 918 1
7012 918 1
7031 918 1
7288 918 1
7292 918 1
7370 918 1
7430 918 1
7452 918 1
7579 918 1
7670 918 1
7730 918 1
7827 918 1
7852 918 1
7920 918 1
7934 918 1
8083 918 1
8550 918 1
8568 918 1
8601 918 1
8734 918 1
8940 918 1
8988 918 1
9064 918 1
9531 918 1
9707 918 1
9946 918 1
10228 918 1
10328 918 1
10466 918 1
10478 918 1
10482 918 1
10546 918 1
10551 918 1
10665 918 1
10681 918 1
10898 918 1
10911 918 1
10935 918 1
11031 918 1
11223 918 1
11482 918 1
11613 918 1
11635 918 1
12059 918 1
12229 918 1
12362 918 1
12377 918 1
12400 918 1
12411 918 1
12441 918 1
13401 918 1
13719 918 1
13811 918 1
13989 918 1
14383 918 1
14403 918 1
15000 918 1
15186 918 1
15946 918 1
15961 918 1
15995 918 1
16700 918 1
16796 918 1
16799 918 1
16803 918 1
16821 918 1
17038 918 1
17178 918 1
17226 918 1
17246 918 1
17300 918 1
17338 918 1
17456 918 1
17482 918 1
17544 918 1
17712 918 1
17733 918 1
18740 918 1
19038 918 1
19234 918 1
19285 918 1
19516 918 1
19640 918 1
19749 918 1
19788 918 1
19829 918 1
20544 918 1
20569 918 1
20741 918 1
20987 918 1
21110 918 1
21195 918 1
21273 918 1
21330 918 1
21354 918 1
21454 918 1
21478 918 1
21508 918 1
21597 918 1
21599 918 1
22206 918 1
22457 918 1
22479 918 1
22565 918 1
22601 918 1
22708 918 1
22872 918 1
22879 918 1
23134 918 1
23181 918 1
23312 918 1
23591 918 1
23686 918 1
24020 918 1
24072 918 1
24302 918 1
24399 918 1
24940 918 1
25014 918 1
25325 918 1
25354 918 1
25446 918 1
25624 918 1
25885 918 1
25886 918 1
25887 918 1
25888 918 1
25889 918 1
25890 918 1
25891 918 1
25892 918 1
25893 918 1
25894 918 1
25895 918 1
920 919 1
1171 920 1
1543 920 1
3779 920 1
3931 920 1
4370 920 1
5258 920 1
5302 920 1
5887 920 1
6000 920 1
6024 920 1
8492 920 1
8725 920 1
8809 920 1
9181 920 1
9207 920 1
9217 920 1
10991 920 1
11052 920 1
11152 920 1
11727 920 1
12695 920 1
13056 920 1
13334 920 1
13885 920 1
14655 920 1
15162 920 1
15165 920 1
15230 920 1
15597 920 1
15611 920 1
15689 920 1
16343 920 1
16419 920 1
16460 920 1
18015 920 1
18047 920 1
18241 920 1
18501 920 1
18532 920 1
18534 920 1
18649 920 1
18725 920 1
18769 920 1
19348 920 1
19374 920 1
19629 920 1
19974 920 1
21100 920 1
21645 920 1
21656 920 1
21807 920 1
21819 920 1
21847 920 1
21856 920 1
21880 920 1
22005 920 1
22017 920 1
22031 920 1
22393 920 1
22437 920 1
22456 920 1
22528 920 1
22745 920 1
23847 920 1
23952 920 1
24564 920 1
24757 920 1
24839 920 1
25069 920 1
25076 920 1
25082 920 1
25085 920 1
25313 920 1
25322 920 1
25336 920 1
25547 920 1
25583 920 1
25701 920 1
25721 920 1
25722 920 1
25723 920 1
25724 920 1
25725 920 1
25726 920 1
25727 920 1
25728 920 1
25729 920 1
25730 920 1
25731 920 1
25732 920 1
25733 920 1
25734 920 1
25735 920 1
25736 920 1
25737 920 1
25738 920 1
25739 920 1
25740 920 1
922 921 1
2083 922 1
2666 922 1
18528 922 1
926 925 1
927 925 1
1169 927 1
4139 927 1
4652 927 1
6075 927 1
9856 927 1
13655 927 1
15173 927 1
15521 927 1
15830 927 1
19794 927 1
19795 927 1
19796 927 1
19797 927 1
19798 927 1
19799 927 1
19800 927 1
929 928 1
930 928 1
2459 929 1
3795 929 1
12601 929 1
15877 929 1
16806 929 1
16807 929 1
16808 929 1
16809 929 1
16810 929 1
16811 929 1
1729 930 1
1736 930 1
1763 930 1
1770 930 1
1774 930 1
1791 930 1
1810 930 1
1826 930 1
1840 930 1
1842 930 1
2497 930 1
2983 930 1
3829 930 1
3830 930 1
4128 930 1
4665 930 1
4833 930 1
5765 930 1
5788 930 1
5807 930 1
6044 930 1
6050 930 1
6068 930 1
6070 930 1
6594 930 1
8823 930 1
10119 930 1
11749 930 1
11827 930 1
13306 930 1
13647 930 1
13855 930 1
14885 930 1
15115 930 1
15840 930 1
16640 930 1
17895 930 1
17934 930 1
18819 930 1
18962 930 1
19078 930 1
19403 930 1
19698 930 1
20337 930 1
20359 930 1
20422 930 1
20621 930 1
20886 930 1
20982 930 1
22045 930 1
22323 930 1
22614 930 1
22802 930 1
23078 930 1
23118 930 1
23287 930 1
23833 930 1
24054 930 1
24055 930 1
24056 930 1
24057 930 1
24058 930 1
24059 930 1
24060 930 1
24061 930 1
24062 930 1
24063 930 1
24064 930 1
24065 930 1
24066 930 1
24067 930 1
24068 930 1
24069 930 1
24070 930 1
933 932 1
937 933 1
2305 933 1
3258 933 1
3530 933 1
3694 933 1
4671 933 1
4676 933 1
4837 933 1
4920 933 1
6223 933 1
9658 933 1
10353 933 1
11479 933 1
14215 933 1
15146 933 1
15872 933 1
17087 933 1
18637 933 1
18863 933 1
20153 933 1
21654 933 1
22399 933 1
22482 933 1
22860 933 1
23831 933 1
23893 933 1
25439 933 1
25590 933 1
25591 933 1
25592 933 1
25593 933 1
936 935 1
937 935 1
938 935 1
11416 937 1
17931 937 1
24180 937 1
951 938 1
9974 938 1
14914 938 1
17984 938 1
25825 938 1
940 939 1
1022 940 1
1126 940 1
1128 940 1
1682 940 1
1997 940 1
2220 940 1
2297 940 1
2491 940 1
2533 940 1
2894 940 1
2970 940 1
3516 940 1
3529 940 1
3755 940 1
3756 940 1
4288 940 1
4467 940 1
5033 940 1
5242 940 1
5870 940 1
6219 940 1
6434 940 1
6666 940 1
6907 940 1
7028 940 1
7179 940 1
7229 940 1
7313 940 1
7427 940 1
7676 940 1
7840 940 1
8462 940 1
8536 940 1
8719 940 1
8767 940 1
9210 940 1
9221 940 1
9488 940 1
9495 940 1
9566 940 1
9687 940 1
10494 940 1
10696 940 1
10824 940 1
10979 940 1
11040 940 1
11219 940 1
11704 940 1
12029 940 1
12415 940 1
12865 940 1
12975 940 1
13269 940 1
13295 940 1
13439 940 1
13590 940 1
14424 940 1
14682 940 1
14688 940 1
14709 940 1
14975 940 1
15036 940 1
15093 940 1
15117 940 1
15189 940 1
15373 940 1
15375 940 1
15587 940 1
15784 940 1
15797 940 1
15832 940 1
15946 940 1
15963 940 1
16827 940 1
16972 940 1
17605 940 1
17628 940 1
17770 940 1
18552 940 1
18724 940 1
18820 940 1
18831 940 1
18921 940 1
18999 940 1
19425 940 1
19480 940 1
19616 940 1
19687 940 1
19915 940 1
20653 940 1
20654 940 1
20655 940 1
20656 940 1
20657 940 1
20658 940 1
20659 940 1
20660 940 1
20661 940 1
20662 940 1
20663 940 1
20664 940 1
20665 940 1
20666 940 1
20667 940 1
20668 940 1
20669 940 1
20670 940 1
20671 940 1
20672 940 1
20673 940 1
20674 940 1
20675 940 1
20676 940 1
20677 940 1
20678 940 1
20679 940 1
20680 940 1
20681 940 1
20682 940 1
20683 940 1
20684 940 1
20685 940 1
20686 940 1
20687 940 1
20688 940 1
20689 940 1
20690 940 1
20691 940 1
20692 940 1
20693 940 1
20694 940 1
20695 940 1
20696 940 1
20697 940 1
942 941 1
1163 942 1
2227 942 1
3488 942 1
3682 942 1
3705 942 1
5367 942 1
8636 942 1
8889 942 1
11025 942 1
11810 942 1
12874 942 1
12875 942 1
12878 942 1
13065 942 1
13067 942 1
13318 942 1
14034 942 1
14037 942 1
14591 942 1
14595 942 1
15041 942 1
16003 942 1
16308 942 1
18343 942 1
19422 942 1
19423 942 1
19496 942 1
19497 942 1
19498 942 1
19499 942 1
19500 942 1
19501 942 1
19502 942 1
19503 942 1
19504 942 1
19505 942 1
19506 942 1
19507 942 1
19508 942 1
19509 942 1
19510 942 1
19511 942 1
19512 942 1
945 944 1
946 944 1
1039 946 1
1040 946 1
1041 946 1
1042 946 1
1043 946 1
1044 946 1
1045 946 1
1046 946 1
1047 946 1
1048 946 1
1049 946 1
1050 946 1
948 947 1
2349 948 1
2429 948 1
14923 948 1
950 949 1
3420 950 1
4476 950 1
4477 950 1
4478 950 1
4479 950 1
4480 950 1
4481 950 1
4482 950 1
4483 950 1
4484 950 1
952 951 1
953 951 1
954 951 1
955 951 1
956 951 1
957 951 1
958 951 1
959 951 1
960 951 1
961 951 1
962 951 1
963 951 1
964 951 1
5722 952 1
14654 952 1
4079 953 1
13621 953 1
25901 953 1
971 954 1
2419 954 1
2544 954 1
4393 954 1
4837 954 1
4918 954 1
5934 954 1
9642 954 1
12826 954 1
16273 954 1
24986 954 1
2773 955 1
3154 955 1
13621 955 1
14652 955 1
14653 955 1
14654 955 1
18570 956 1
18802 956 1
21590 956 1
1225 957 1
1513 957 1
2366 957 1
2389 957 1
2855 957 1
2971 957 1
3122 957 1
3341 957 1
3534 957 1
8436 957 1
9037 957 1
10604 957 1
18586 957 1
1108 959 1
2574 959 1
4866 959 1
5872 959 1
11416 959 1
1255 960 1
2320 960 1
2372 960 1
1926 961 1
3161 961 1
1518 962 1
2167 962 1
2339 962 1
2379 962 1
2833 962 1
4163 962 1
4253 962 1
4822 962 1
4844 962 1
4918 962 1
4943 962 1
5889 962 1
5914 962 1
6360 962 1
6361 962 1
6362 962 1
6363 962 1
6364 962 1
6365 962 1
6366 962 1
6367 962 1
6368 962 1
6369 962 1
6370 962 1
6371 962 1
6372 962 1
6373 962 1
6374 962 1
6375 962 1
6376 962 1
6377 962 1
6378 962 1
6379 962 1
6380 962 1
6381 962 1
6382 962 1
6383 962 1
6384 962 1
6385 962 1
6386 962 1
6387 962 1
6388 962 1
6389 962 1
6390 962 1
6391 962 1
6392 962 1
6393 962 1
6394 962 1
6395 962 1
6396 962 1
6397 962 1
6398 962 1
6399 962 1
6400 962 1
6401 962 1
6402 962 1
6403 962 1
6404 962 1
6405 962 1
6406 962 1
6407 962 1
1008 963 1
2769 963 1
3157 963 1
3361 963 1
4138 963 1
4402 963 1
5364 963 1
6231 963 1
8739 963 1
8889 963 1
10171 963 1
10915 963 1
11626 963 1
11805 963 1
11947 963 1
13537 963 1
13975 963 1
14157 963 1
14632 963 1
14920 963 1
15722 963 1
16189 963 1
16199 963 1
16208 963 1
16218 963 1
17112 963 1
17738 963 1
17739 963 1
17875 963 1
19445 963 1
19765 963 1
22146 963 1
22147 963 1
22148 963 1
22149 963 1
22150 963 1
967 966 1
2861 967 1
2948 967 1
2997 967 1
3155 967 1
3262 967 1
3336 967 1
4220 967 1
4302 967 1
4749 967 1
5425 967 1
5827 967 1
5828 967 1
5981 967 1
6118 967 1
6311 967 1
7836 967 1
8001 967 1
8753 967 1
9204 967 1
9270 967 1
9272 967 1
9278 967 1
9279 967 1
9281 967 1
9282 967 1
9283 967 1
9288 967 1
9289 967 1
9290 967 1
9293 967 1
9297 967 1
9298 967 1
9299 967 1
9305 967 1
9306 967 1
9672 967 1
9673 967 1
9675 967 1
9676 967 1
11668 967 1
11721 967 1
11789 967 1
12681 967 1
13123 967 1
13149 967 1
13155 967 1
13752 967 1
15838 967 1
15952 967 1
16109 967 1
16140 967 1
16182 967 1
18192 967 1
18193 967 1
18194 967 1
18202 967 1
18203 967 1
18207 967 1
18209 967 1
18215 967 1
18218 967 1
18220 967 1
18221 967 1
18223 967 1
18228 967 1
18251 967 1
19026 967 1
19488 967 1
19859 967 1
19862 967 1
19864 967 1
19867 967 1
19869 967 1
19874 967 1
19875 967 1
20014 967 1
20024 967 1
21187 967 1
22114 967 1
22115 967 1
22116 967 1
22117 967 1
22118 967 1
22119 967 1
22120 967 1
22121 967 1
22122 967 1
22123 967 1
22124 967 1
22125 967 1
22126 967 1
22127 967 1
22128 967 1
22129 967 1
22130 967 1
22131 967 1
22132 967 1
22133 967 1
22134 967 1
22135 967 1
22136 967 1
22137 967 1
969 968 1
1369 969 1
1370 969 1
1453 969 1
1458 969 1
1468 969 1
1569 969 1
2131 969 1
2417 969 1
2516 969 1
3413 969 1
4229 969 1
4230 969 1
5923 969 1
6276 969 1
6562 969 1
7019 969 1
8050 969 1
8054 969 1
8524 969 1
8778 969 1
9511 969 1
9867 969 1
11522 969 1
11624 969 1
11838 969 1
12729 969 1
13010 969 1
13816 969 1
13817 969 1
13818 969 1
13819 969 1
13820 969 1
13821 969 1
13822 969 1
13823 969 1
13824 969 1
13825 969 1
13826 969 1
13827 969 1
13828 969 1
13829 969 1
13830 969 1
13831 969 1
13832 969 1
13833 969 1
13834 969 1
13835 969 1
13836 969 1
13837 969 1
13838 969 1
13839 969 1
13840 969 1
13841 969 1
13842 969 1
13843 969 1
13844 969 1
13845 969 1
13846 969 1
13847 969 1
13848 969 1
13849 969 1
13850 969 1
13851 969 1
13852 969 1
971 970 1
972 970 1
1144 971 1
1146 971 1
3758 971 1
3996 971 1
4021 971 1
4221 971 1
4636 971 1
5933 971 1
5943 971 1
6568 971 1
6588 971 1
9720 971 1
9762 971 1
9772 971 1
9777 971 1
9778 971 1
11556 971 1
11815 971 1
13035 971 1
13037 971 1
13040 971 1
14004 971 1
15606 971 1
16273 971 1
17846 971 1
17847 971 1
17848 971 1
17849 971 1
17850 971 1
17851 971 1
17852 971 1
17853 971 1
17854 971 1
17855 971 1
17856 971 1
17857 971 1
17858 971 1
17859 971 1
1281 972 1
2256 972 1
2733 972 1
3302 972 1
3754 972 1
6455 972 1
6566 972 1
6567 972 1
6568 972 1
6569 972 1
6570 972 1
6571 972 1
6572 972 1
6573 972 1
6574 972 1
6575 972 1
6576 972 1
6577 972 1
6578 972 1
6579 972 1
6580 972 1
6581 972 1
6582 972 1
6583 972 1
6584 972 1
6585 972 1
6586 972 1
6587 972 1
6588 972 1
6589 972 1
6590 972 1
6591 972 1
6592 972 1
6593 972 1
975 974 1
1581 975 1
4804 975 1
4934 975 1
4985 975 1
5370 975 1
6483 975 1
7496 975 1
8835 975 1
9662 975 1
9663 975 1
11036 975 1
16127 975 1
20637 975 1
21750 975 1
21751 975 1
21752 975 1
21753 975 1
977 976 1
978 976 1
978 977 1
2459 977 1
2487 977 1
2574 977 1
4918 977 1
14807 977 1
17086 977 1
25639 977 1
25689 977 1
2276 978 1
16087 978 1
16088 978 1
982 981 1
1209 982 1
1364 982 1
1384 982 1
1549 982 1
1613 982 1
2339 982 1
2961 982 1
3065 982 1
5977 982 1
6485 982 1
6719 982 1
6897 982 1
6941 982 1
8130 982 1
8290 982 1
8362 982 1
8524 982 1
8776 982 1
9588 982 1
11076 982 1
13504 982 1
14563 982 1
15659 982 1
19584 982 1
19585 982 1
19586 982 1
19587 982 1
984 983 1
1188 984 1
2022 984 1
3178 984 1
3834 984 1
4117 984 1
4202 984 1
7174 984 1
11061 984 1
11725 984 1
13257 984 1
14659 984 1
15175 984 1
15242 984 1
17867 984 1
17937 984 1
19053 984 1
20839 984 1
21815 984 1
21980 984 1
22434 984 1
23049 984 1
23232 984 1
23233 984 1
23234 984 1
23235 984 1
23236 984 1
23237 984 1
23238 984 1
23239 984 1
23240 984 1
23241 984 1
23242 984 1
23243 984 1
987 986 1
2337 987 1
13470 987 1
15050 987 1
16502 987 1
16639 987 1
22836 987 1
990 989 1
2630 990 1
4325 990 1
17131 990 1
18964 990 1
21556 990 1
25329 990 1
993 992 1
994 992 1
995 992 1
2429 993 1
9520 993 1
1533 994 1
3264 994 1
14194 994 1
14779 994 1
15297 994 1
15842 994 1
16718 994 1
20848 994 1
23297 994 1
2339 995 1
997 996 1
998 996 1
999 996 1
2712 997 1
13124 997 1
1412 998 1
1871 998 1
2086 998 1
2259 998 1
2283 998 1
6992 998 1
8469 998 1
9404 998 1
9546 998 1
10213 998 1
10455 998 1
10870 998 1
10942 998 1
12061 998 1
12250 998 1
14546 998 1
14547 998 1
14548 998 1
14549 998 1
14550 998 1
14551 998 1
14552 998 1
14553 998 1
14554 998 1
14555 998 1
14556 998 1
14557 998 1
14558 998 1
14559 998 1
14560 998 1
14561 998 1
14562 998 1
1001 1000 1
3416 1001 1
3571 1001 1
5307 1001 1
13122 1001 1
13544 1001 1
13545 1001 1
13546 1001 1
13547 1001 1
13548 1001 1
13549 1001 1
13550 1001 1
13551 1001 1
13552 1001 1
13553 1001 1
13554 1001 1
13555 1001 1
1003 1002 1
2180 1003 1
2478 1003 1
3144 1003 1
4305 1003 1
11396 1003 1
13621 1003 1
23839 1003 1
24084 1003 1
24085 1003 1
1005 1004 1
4008 1005 1
7436 1005 1
15800 1005 1
18635 1005 1
19294 1005 1
19618 1005 1
1007 1006 1
1008 1006 1
3736 1007 1
4923 1007 1
5882 1007 1
6496 1007 1
6558 1007 1
12997 1007 1
16176 1007 1
17929 1007 1
19762 1007 1
22998 1007 1
23822 1007 1
23931 1007 1
25366 1007 1
25951 1007 1
3723 1008 1
3765 1008 1
6248 1008 1
11947 1008 1
13268 1008 1
13774 1008 1
14376 1008 1
14922 1008 1
19059 1008 1
20524 1008 1
20526 1008 1
22147 1008 1
22149 1008 1
23005 1008 1
23080 1008 1
24082 1008 1
1011 1010 1
1012 1010 1
13958 1012 1
1016 1015 1
1017 1015 1
1018 1015 1
1019 1015 1
1395 1016 1
2339 1016 1
2417 1016 1
1343 1018 1
1362 1018 1
1429 1018 1
1432 1018 1
2339 1018 1
2708 1018 1
3555 1018 1
4425 1018 1
5310 1018 1
5318 1018 1
6656 1018 1
6843 1018 1
8130 1018 1
8541 1018 1
8776 1018 1
9598 1018 1
11053 1018 1
11723 1018 1
11848 1018 1
11849 1018 1
11850 1018 1
11861 1018 1
11867 1018 1
11870 1018 1
11872 1018 1
11873 1018 1
11874 1018 1
18437 1018 1
20738 1018 1
22854 1018 1
24049 1018 1
25096 1018 1
25808 1018 1
26212 1018 1
26326 1018 1
1021 1020 1
2003 1021 1
3513 1021 1
9877 1021 1
10931 1021 1
13327 1021 1
13870 1021 1
13871 1021 1
13872 1021 1
13873 1021 1
13874 1021 1
13875 1021 1
13876 1021 1
1024 1023 1
19659 1024 1
1026 1025 1
1027 1025 1
1282 1026 1
1704 1026 1
3849 1026 1
3852 1026 1
8835 1026 1
14519 1026 1
14520 1026 1
14521 1026 1
14522 1026 1
14523 1026 1
14524 1026 1
14525 1026 1
1162 1027 1
9212 1027 1
21621 1027 1
22613 1027 1
1030 1029 1
1174 1030 1
1218 1030 1
1257 1030 1
1521 1030 1
1533 1030 1
2007 1030 1
2076 1030 1
2109 1030 1
2283 1030 1
2591 1030 1
2625 1030 1
2739 1030 1
2790 1030 1
2857 1030 1
2889 1030 1
2982 1030 1
3010 1030 1
3213 1030 1
3241 1030 1
3427 1030 1
4065 1030 1
4231 1030 1
5038 1030 1
5097 1030 1
5856 1030 1
5924 1030 1
6082 1030 1
6199 1030 1
6221 1030 1
6644 1030 1
7202 1030 1
7338 1030 1
7520 1030 1
7589 1030 1
7624 1030 1
7640 1030 1
7750 1030 1
7990 1030 1
8046 1030 1
8151 1030 1
8230 1030 1
8312 1030 1
8347 1030 1
8535 1030 1
8558 1030 1
8943 1030 1
9002 1030 1
9239 1030 1
9243 1030 1
9514 1030 1
9539 1030 1
9886 1030 1
10221 1030 1
10293 1030 1
10513 1030 1
10569 1030 1
10651 1030 1
10716 1030 1
11006 1030 1
11240 1030 1
11241 1030 1
11242 1030 1
11243 1030 1
11244 1030 1
11245 1030 1
11246 1030 1
11247 1030 1
11248 1030 1
11249 1030 1
11250 1030 1
11251 1030 1
11252 1030 1
11253 1030 1
11254 1030 1
11255 1030 1
11256 1030 1
11257 1030 1
11258 1030 1
11259 1030 1
11260 1030 1
11261 1030 1
11262 1030 1
11263 1030 1
11264 1030 1
11265 1030 1
11266 1030 1
11267 1030 1
11268 1030 1
11269 1030 1
11270 1030 1
11271 1030 1
11272 1030 1
11273 1030 1
11274 1030 1
11275 1030 1
11276 1030 1
11277 1030 1
11278 1030 1
11279 1030 1
11280 1030 1
11281 1030 1
11282 1030 1
11283 1030 1
11284 1030 1
11285 1030 1
11286 1030 1
11287 1030 1
11288 1030 1
11289 1030 1
11290 1030 1
11291 1030 1
11292 1030 1
11293 1030 1
11294 1030 1
11295 1030 1
11296 1030 1
11297 1030 1
11298 1030 1
11299 1030 1
11300 1030 1
11301 1030 1
11302 1030 1
11303 1030 1
11304 1030 1
11305 1030 1
11306 1030 1
11307 1030 1
11308 1030 1
11309 1030 1
11310 1030 1
11311 1030 1
11312 1030 1
11313 1030 1
11314 1030 1
11315 1030 1
11316 1030 1
11317 1030 1
11318 1030 1
11319 1030 1
11320 1030 1
11321 1030 1
11322 1030 1
11323 1030 1
11324 1030 1
11325 1030 1
11326 1030 1
11327 1030 1
11328 1030 1
11329 1030 1
11330 1030 1
11331 1030 1
11332 1030 1
11333 1030 1
11334 1030 1
11335 1030 1
11336 1030 1
11337 1030 1
11338 1030 1
11339 1030 1
11340 1030 1
11341 1030 1
11342 1030 1
11343 1030 1
11344 1030 1
11345 1030 1
11346 1030 1
11347 1030 1
11348 1030 1
11349 1030 1
11350 1030 1
11351 1030 1
11352 1030 1
11353 1030 1
11354 1030 1
11355 1030 1
11356 1030 1
11357 1030 1
11358 1030 1
11359 1030 1
11360 1030 1
11361 1030 1
11362 1030 1
11363 1030 1
11364 1030 1
1032 1031 1
1033 1031 1
2349 1032 1
16281 1032 1
1167 1033 1
1300 1033 1
1305 1033 1
1376 1033 1
1613 1033 1
2311 1033 1
2388 1033 1
2401 1033 1
2405 1033 1
2408 1033 1
2414 1033 1
2542 1033 1
5308 1033 1
13020 1033 1
13634 1033 1
16503 1033 1
17068 1033 1
19803 1033 1
20005 1033 1
20823 1033 1
20824 1033 1
20825 1033 1
20826 1033 1
20827 1033 1
20828 1033 1
20829 1033 1
1282 1041 1
1282 1043 1
1145 1046 1
1149 1046 1
1151 1046 1
1159 1046 1
2931 1046 1
6204 1046 1
11565 1046 1
16572 1046 1
18557 1046 1
19753 1046 1
21996 1046 1
22000 1046 1
23973 1046 1
24705 1046 1
24971 1046 1
26081 1046 1
26454 1046 1
1282 1047 1
1052 1051 1
3598 1052 1
3733 1052 1
3927 1052 1
4158 1052 1
5014 1052 1
6557 1052 1
8843 1052 1
12570 1052 1
12844 1052 1
12864 1052 1
13083 1052 1
13739 1052 1
13861 1052 1
14514 1052 1
15261 1052 1
15714 1052 1
15715 1052 1
15716 1052 1
15717 1052 1
15718 1052 1
15719 1052 1
15720 1052 1
15721 1052 1
15722 1052 1
15723 1052 1
15724 1052 1
15725 1052 1
15726 1052 1
15727 1052 1
15728 1052 1
15729 1052 1
15730 1052 1
15731 1052 1
15732 1052 1
15733 1052 1
15734 1052 1
15735 1052 1
15736 1052 1
15737 1052 1
15738 1052 1
15739 1052 1
15740 1052 1
15741 1052 1
15742 1052 1
15743 1052 1
15744 1052 1
15745 1052 1
15746 1052 1
15747 1052 1
15748 1052 1
15749 1052 1
15750 1052 1
15751 1052 1
1055 1054 1
1056 1054 1
1057 1054 1
1056 1055 1
1057 1055 1
1611 1055 1
2339 1055 1
1345 1056 1
1449 1056 1
1906 1056 1
2343 1056 1
3465 1056 1
3912 1056 1
4179 1056 1
4780 1056 1
4994 1056 1
5131 1056 1
5325 1056 1
5876 1056 1
6178 1056 1
6548 1056 1
6549 1056 1
6550 1056 1
6903 1056 1
7130 1056 1
7807 1056 1
8444 1056 1
9220 1056 1
11495 1056 1
13137 1056 1
14365 1056 1
14428 1056 1
14881 1056 1
14882 1056 1
15169 1056 1
15563 1056 1
15590 1056 1
15796 1056 1
16351 1056 1
16354 1056 1
16355 1056 1
16361 1056 1
16362 1056 1
16369 1056 1
16370 1056 1
16374 1056 1
16375 1056 1
16376 1056 1
16379 1056 1
16380 1056 1
16381 1056 1
16385 1056 1
16386 1056 1
16387 1056 1
16388 1056 1
16390 1056 1
16393 1056 1
16404 1056 1
16405 1056 1
17602 1056 1
18877 1056 1
19227 1056 1
19549 1056 1
19550 1056 1
19551 1056 1
19552 1056 1
19553 1056 1
19554 1056 1
19555 1056 1
19556 1056 1
19557 1056 1
19558 1056 1
19559 1056 1
19560 1056 1
19561 1056 1
19562 1056 1
19563 1056 1
19564 1056 1
19565 1056 1
19566 1056 1
19567 1056 1
19568 1056 1
19569 1056 1
19570 1056 1
19571 1056 1
1299 1057 1
1449 1057 1
1552 1057 1
1611 1057 1
2343 1057 1
2369 1057 1
3065 1057 1
3465 1057 1
4072 1057 1
4179 1057 1
4727 1057 1
4780 1057 1
4994 1057 1
5172 1057 1
6549 1057 1
6550 1057 1
6610 1057 1
6965 1057 1
7130 1057 1
7157 1057 1
7960 1057 1
7996 1057 1
8130 1057 1
8581 1057 1
8589 1057 1
9220 1057 1
9601 1057 1
10250 1057 1
11495 1057 1
11723 1057 1
12091 1057 1
12149 1057 1
13075 1057 1
13137 1057 1
14077 1057 1
14187 1057 1
14347 1057 1
14428 1057 1
14882 1057 1
15168 1057 1
15590 1057 1
15787 1057 1
16275 1057 1
16351 1057 1
16352 1057 1
16353 1057 1
16354 1057 1
16355 1057 1
16356 1057 1
16357 1057 1
16358 1057 1
16359 1057 1
16360 1057 1
16361 1057 1
16362 1057 1
16363 1057 1
16364 1057 1
16365 1057 1
16366 1057 1
16367 1057 1
16368 1057 1
16369 1057 1
16370 1057 1
16371 1057 1
16372 1057 1
16373 1057 1
16374 1057 1
16375 1057 1
16376 1057 1
16377 1057 1
16378 1057 1
16379 1057 1
16380 1057 1
16381 1057 1
16382 1057 1
16383 1057 1
16384 1057 1
16385 1057 1
16386 1057 1
16387 1057 1
16388 1057 1
16389 1057 1
16390 1057 1
16391 1057 1
16392 1057 1
16393 1057 1
16394 1057 1
16395 1057 1
16396 1057 1
16397 1057 1
16398 1057 1
16399 1057 1
16400 1057 1
16401 1057 1
16402 1057 1
16403 1057 1
16404 1057 1
16405 1057 1
16406 1057 1
1059 1058 1
1581 1059 1
3875 1059 1
5203 1059 1
5986 1059 1
7700 1059 1
8338 1059 1
9004 1059 1
9123 1059 1
9904 1059 1
12162 1059 1
12518 1059 1
12572 1059 1
13016 1059 1
13763 1059 1
14876 1059 1
15602 1059 1
15934 1059 1
18451 1059 1
19729 1059 1
20211 1059 1
20630 1059 1
21295 1059 1
22654 1059 1
23059 1059 1
24228 1059 1
24727 1059 1
24795 1059 1
25841 1059 1
26281 1059 1
1061 1060 1
1435 1061 1
20204 1061 1
20209 1061 1
23377 1061 1
1064 1063 1
1961 1064 1
1962 1064 1
1965 1064 1
1970 1064 1
1973 1064 1
1990 1064 1
1991 1064 1
1992 1064 1
4580 1064 1
4586 1064 1
4594 1064 1
4596 1064 1
5117 1064 1
5750 1064 1
5985 1064 1
9850 1064 1
10961 1064 1
11839 1064 1
16896 1064 1
18873 1064 1
18884 1064 1
23862 1064 1
25206 1064 1
25316 1064 1
25581 1064 1
25616 1064 1
25674 1064 1
25870 1064 1
26430 1064 1
1068 1067 1
1069 1067 1
1070 1067 1
1684 1068 1
1685 1068 1
1686 1068 1
1687 1068 1
1688 1068 1
1689 1068 1
1690 1068 1
1691 1068 1
1259 1069 1
1543 1069 1
1696 1069 1
1890 1069 1
1891 1069 1
1896 1069 1
2267 1069 1
5123 1069 1
5149 1069 1
5302 1069 1
5887 1069 1
6001 1069 1
6537 1069 1
6538 1069 1
8725 1069 1
9207 1069 1
9688 1069 1
9799 1069 1
9854 1069 1
10977 1069 1
10991 1069 1
10992 1069 1
11630 1069 1
12988 1069 1
13086 1069 1
13265 1069 1
14133 1069 1
14151 1069 1
14377 1069 1
14458 1069 1
14588 1069 1
15014 1069 1
15015 1069 1
15016 1069 1
15018 1069 1
15116 1069 1
15230 1069 1
15532 1069 1
15666 1069 1
15758 1069 1
16104 1069 1
16447 1069 1
16450 1069 1
16453 1069 1
16454 1069 1
16458 1069 1
16461 1069 1
16467 1069 1
16475 1069 1
16476 1069 1
16742 1069 1
16944 1069 1
17064 1069 1
17102 1069 1
17149 1069 1
18006 1069 1
18024 1069 1
18231 1069 1
18441 1069 1
18501 1069 1
18579 1069 1
18641 1069 1
18649 1069 1
18736 1069 1
18761 1069 1
18763 1069 1
18765 1069 1
18835 1069 1
18836 1069 1
18838 1069 1
18841 1069 1
18975 1069 1
19046 1069 1
19145 1069 1
19184 1069 1
19264 1069 1
19272 1069 1
19326 1069 1
19329 1069 1
19331 1069 1
19340 1069 1
19342 1069 1
19346 1069 1
19827 1069 1
20027 1069 1
20269 1069 1
21092 1069 1
21188 1069 1
21656 1069 1
21710 1069 1
21806 1069 1
21823 1069 1
21826 1069 1
21827 1069 1
21829 1069 1
21834 1069 1
21835 1069 1
21838 1069 1
21848 1069 1
21852 1069 1
21854 1069 1
21855 1069 1
21866 1069 1
21867 1069 1
22017 1069 1
22031 1069 1
22059 1069 1
22363 1069 1
22421 1069 1
22721 1069 1
22787 1069 1
22907 1069 1
22962 1069 1
23431 1069 1
23828 1069 1
23847 1069 1
23887 1069 1
24431 1069 1
24534 1069 1
24796 1069 1
25001 1069 1
25063 1069 1
25064 1069 1
25065 1069 1
25066 1069 1
25067 1069 1
25068 1069 1
25069 1069 1
25070 1069 1
25071 1069 1
25072 1069 1
25073 1069 1
25074 1069 1
25075 1069 1
25076 1069 1
25077 1069 1
25078 1069 1
25079 1069 1
25080 1069 1
25081 1069 1
25082 1069 1
25083 1069 1
25084 1069 1
25085 1069 1
25086 1069 1
25087 1069 1
25088 1069 1
25089 1069 1
25090 1069 1
25091 1069 1
25092 1069 1
1684 1070 1
2568 1070 1
5303 1070 1
6001 1070 1
10384 1070 1
11727 1070 1
12628 1070 1
13021 1070 1
15230 1070 1
15611 1070 1
16465 1070 1
17102 1070 1
18231 1070 1
18770 1070 1
19208 1070 1
19351 1070 1
20423 1070 1
20641 1070 1
22182 1070 1
22351 1070 1
22746 1070 1
25001 1070 1
25063 1070 1
25067 1070 1
25072 1070 1
25087 1070 1
25544 1070 1
25545 1070 1
25546 1070 1
25547 1070 1
25548 1070 1
1072 1071 1
1265 1072 1
1279 1072 1
1632 1072 1
1640 1072 1
1650 1072 1
1655 1072 1
1670 1072 1
1673 1072 1
1924 1072 1
2068 1072 1
2083 1072 1
2239 1072 1
3178 1072 1
3424 1072 1
3626 1072 1
3940 1072 1
4208 1072 1
4266 1072 1
4396 1072 1
4400 1072 1
4630 1072 1
5137 1072 1
5197 1072 1
5355 1072 1
6158 1072 1
6201 1072 1
6302 1072 1
6534 1072 1
8747 1072 1
9654 1072 1
9810 1072 1
10936 1072 1
11439 1072 1
11544 1072 1
12954 1072 1
13157 1072 1
13158 1072 1
13159 1072 1
13160 1072 1
13161 1072 1
13162 1072 1
13163 1072 1
13164 1072 1
13165 1072 1
13166 1072 1
13167 1072 1
13168 1072 1
13169 1072 1
13170 1072 1
13171 1072 1
13172 1072 1
13173 1072 1
13174 1072 1
13175 1072 1
13176 1072 1
13177 1072 1
13178 1072 1
13179 1072 1
13180 1072 1
13181 1072 1
13182 1072 1
13183 1072 1
13184 1072 1
13185 1072 1
13186 1072 1
13187 1072 1
13188 1072 1
13189 1072 1
13190 1072 1
13191 1072 1
13192 1072 1
13193 1072 1
13194 1072 1
13195 1072 1
13196 1072 1
13197 1072 1
13198 1072 1
13199 1072 1
13200 1072 1
13201 1072 1
13202 1072 1
13203 1072 1
13204 1072 1
13205 1072 1
13206 1072 1
13207 1072 1
13208 1072 1
13209 1072 1
13210 1072 1
13211 1072 1
13212 1072 1
13213 1072 1
13214 1072 1
13215 1072 1
13216 1072 1
13217 1072 1
13218 1072 1
13219 1072 1
13220 1072 1
13221 1072 1
13222 1072 1
13223 1072 1
13224 1072 1
13225 1072 1
13226 1072 1
13227 1072 1
13228 1072 1
13229 1072 1
13230 1072 1
13231 1072 1
13232 1072 1
13233 1072 1
13234 1072 1
13235 1072 1
13236 1072 1
1076 1075 1
1949 1076 1
2513 1076 1
11170 1076 1
11176 1076 1
12827 1076 1
14900 1076 1
17104 1076 1
1079 1078 1
2138 1079 1
2436 1079 1
2941 1079 1
4753 1079 1
15330 1079 1
21301 1079 1
24176 1079 1
1081 1080 1
2459 1081 1
4488 1081 1
4489 1081 1
4490 1081 1
4491 1081 1
4492 1081 1
4493 1081 1
4494 1081 1
4495 1081 1
4496 1081 1
4497 1081 1
4498 1081 1
4499 1081 1
4500 1081 1
4501 1081 1
4502 1081 1
4503 1081 1
4504 1081 1
4505 1081 1
4506 1081 1
1084 1083 1
2071 1084 1
5159 1084 1
5330 1084 1
5331 1084 1
5332 1084 1
5333 1084 1
5334 1084 1
5335 1084 1
5336 1084 1
5337 1084 1
5338 1084 1
5339 1084 1
5340 1084 1
5341 1084 1
5342 1084 1
5343 1084 1
5344 1084 1
5345 1084 1
1087 1086 1
1484 1087 1
2054 1087 1
2723 1087 1
3442 1087 1
10548 1087 1
13505 1087 1
19770 1087 1
22427 1087 1
1089 1088 1
1565 1089 1
3020 1089 1
3067 1089 1
3102 1089 1
3194 1089 1
3307 1089 1
3437 1089 1
3443 1089 1
4215 1089 1
4656 1089 1
6471 1089 1
6977 1089 1
7352 1089 1
7451 1089 1
7483 1089 1
7559 1089 1
7673 1089 1
7713 1089 1
7906 1089 1
7942 1089 1
8028 1089 1
8046 1089 1
8230 1089 1
8454 1089 1
8579 1089 1
8780 1089 1
9081 1089 1
9890 1089 1
9892 1089 1
9907 1089 1
10465 1089 1
10653 1089 1
10956 1089 1
11132 1089 1
12132 1089 1
12199 1089 1
12467 1089 1
12533 1089 1
12717 1089 1
12917 1089 1
13995 1089 1
14201 1089 1
14630 1089 1
14848 1089 1
14990 1089 1
15030 1089 1
15406 1089 1
15881 1089 1
15953 1089 1
15997 1089 1
16171 1089 1
16563 1089 1
16564 1089 1
16567 1089 1
16623 1089 1
16692 1089 1
16698 1089 1
16964 1089 1
17204 1089 1
17293 1089 1
17469 1089 1
17557 1089 1
17690 1089 1
17865 1089 1
18233 1089 1
18451 1089 1
18455 1089 1
19058 1089 1
19786 1089 1
19955 1089 1
20648 1089 1
20865 1089 1
20887 1089 1
21214 1089 1
21395 1089 1
21432 1089 1
21912 1089 1
22006 1089 1
22170 1089 1
22288 1089 1
22450 1089 1
22629 1089 1
22737 1089 1
22783 1089 1
22828 1089 1
23349 1089 1
23702 1089 1
23729 1089 1
23959 1089 1
24280 1089 1
24907 1089 1
24913 1089 1
25023 1089 1
25059 1089 1
25197 1089 1
25218 1089 1
25327 1089 1
25381 1089 1
25401 1089 1
25418 1089 1
25433 1089 1
25507 1089 1
25607 1089 1
25836 1089 1
25837 1089 1
25838 1089 1
25839 1089 1
25840 1089 1
25841 1089 1
25842 1089 1
25843 1089 1
25844 1089 1
1093 1092 1
5959 1093 1
15909 1093 1
15910 1093 1
1095 1094 1
4021 1095 1
14346 1095 1
1100 1099 1
1283 1100 1
1581 1100 1
2044 1100 1
2297 1100 1
9642 1100 1
11054 1100 1
11574 1100 1
11583 1100 1
11605 1100 1
11620 1100 1
13499 1100 1
15926 1100 1
15954 1100 1
17092 1100 1
20058 1100 1
21148 1100 1
23227 1100 1
23858 1100 1
24107 1100 1
24129 1100 1
24530 1100 1
24570 1100 1
24618 1100 1
24633 1100 1
25896 1100 1
25897 1100 1
25898 1100 1
25899 1100 1
25900 1100 1
1104 1103 1
7306 1104 1
10251 1104 1
10418 1104 1
10652 1104 1
13129 1104 1
14628 1104 1
14629 1104 1
15592 1104 1
18861 1104 1
20021 1104 1
20145 1104 1
20789 1104 1
22524 1104 1
22695 1104 1
22929 1104 1
25909 1104 1
25988 1104 1
26166 1104 1
26168 1104 1
1107 1106 1
1109 1108 1
1877 1109 1
1957 1109 1
2440 1109 1
2841 1109 1
3345 1109 1
4130 1109 1
5931 1109 1
11012 1109 1
11013 1109 1
11020 1109 1
14140 1109 1
14652 1109 1
16617 1109 1
19032 1109 1
19216 1109 1
19279 1109 1
21233 1109 1
22111 1109 1
25711 1109 1
25956 1109 1
25991 1109 1
1112 1111 1
11178 1112 1
12827 1112 1
13271 1112 1
14903 1112 1
14912 1112 1
15213 1112 1
17731 1112 1
17732 1112 1
18586 1112 1
19482 1112 1
25098 1112 1
25435 1112 1
26181 1112 1
1115 1114 1
6438 1115 1
10047 1115 1
13962 1115 1
14128 1115 1
14193 1115 1
15149 1115 1
16678 1115 1
18414 1115 1
18418 1115 1
18421 1115 1
22023 1115 1
23068 1115 1
23247 1115 1
24654 1115 1
24745 1115 1
25654 1115 1
1119 1118 1
2286 1119 1
2293 1119 1
2303 1119 1
2708 1119 1
3884 1119 1
3948 1119 1
5973 1119 1
6986 1119 1
8023 1119 1
10308 1119 1
10505 1119 1
10748 1119 1
11951 1119 1
12041 1119 1
12064 1119 1
12074 1119 1
12138 1119 1
12261 1119 1
12321 1119 1
12389 1119 1
12450 1119 1
13015 1119 1
13869 1119 1
16753 1119 1
16754 1119 1
16755 1119 1
16756 1119 1
16757 1119 1
16758 1119 1
16759 1119 1
16760 1119 1
16761 1119 1
16762 1119 1
16763 1119 1
16764 1119 1
16765 1119 1
16766 1119 1
16767 1119 1
16768 1119 1
1122 1121 1
2918 1122 1
1132 1131 1
2019 1132 1
18272 1132 1
18339 1132 1
18340 1132 1
1136 1135 1
10188 1136 1
10415 1136 1
13309 1136 1
13324 1136 1
23751 1136 1
1138 1137 1
1504 1138 1
1522 1138 1
3153 1138 1
3365 1138 1
4423 1138 1
7389 1138 1
8465 1138 1
13560 1138 1
15254 1138 1
15258 1138 1
1140 1139 1
1141 1139 1
2162 1141 1
2751 1141 1
4088 1141 1
5063 1141 1
5181 1141 1
7371 1141 1
7948 1141 1
8233 1141 1
8385 1141 1
10506 1141 1
10626 1141 1
13570 1141 1
14343 1141 1
15626 1141 1
17590 1141 1
19105 1141 1
19428 1141 1
19429 1141 1
19430 1141 1
19431 1141 1
19432 1141 1
19433 1141 1
19434 1141 1
19435 1141 1
19436 1141 1
19437 1141 1
19438 1141 1
1143 1142 1
1585 1143 1
3471 1143 1
7709 1143 1
16526 1143 1
16836 1143 1
17175 1143 1
17388 1143 1
19730 1143 1
24746 1143 1
25768 1143 1
26060 1143 1
26431 1143 1
1145 1144 1
1146 1144 1
1147 1144 1
1148 1144 1
1149 1144 1
1150 1144 1
1151 1144 1
1152 1144 1
1153 1144 1
1154 1144 1
1155 1144 1
1156 1144 1
1157 1144 1
1158 1144 1
1159 1144 1
2343 1146 1
5943 1146 1
3111 1147 1
15763 1151 1
15764 1151 1
3111 1152 1
10237 1155 1
10237 1156 1
3111 1157 1
3111 1158 1
1161 1160 1
1162 1160 1
2133 1162 1
4072 1162 1
4802 1162 1
4811 1162 1
4812 1162 1
5008 1162 1
5985 1162 1
6034 1162 1
6155 1162 1
7493 1162 1
8318 1162 1
9214 1162 1
9657 1162 1
9659 1162 1
10457 1162 1
11370 1162 1
11455 1162 1
11618 1162 1
11791 1162 1
13926 1162 1
13927 1162 1
14001 1162 1
14067 1162 1
14068 1162 1
14069 1162 1
14070 1162 1
14071 1162 1
14072 1162 1
14073 1162 1
14074 1162 1
14075 1162 1
14076 1162 1
14077 1162 1
14078 1162 1
14079 1162 1
14080 1162 1
14081 1162 1
14082 1162 1
14083 1162 1
14084 1162 1
14085 1162 1
14086 1162 1
14087 1162 1
14088 1162 1
14089 1162 1
14090 1162 1
1164 1163 1
1166 1165 1
20523 1166 1
22989 1166 1
22990 1166 1
1169 1168 1
1258 1169 1
1274 1169 1
1588 1169 1
1888 1169 1
1954 1169 1
2088 1169 1
2146 1169 1
2185 1169 1
2676 1169 1
4421 1169 1
4519 1169 1
4526 1169 1
5720 1169 1
5847 1169 1
5890 1169 1
5893 1169 1
5895 1169 1
5902 1169 1
5904 1169 1
6034 1169 1
6098 1169 1
6099 1169 1
8754 1169 1
8815 1169 1
9665 1169 1
10975 1169 1
11412 1169 1
11445 1169 1
11478 1169 1
11529 1169 1
12091 1169 1
12768 1169 1
13528 1169 1
13530 1169 1
13709 1169 1
13710 1169 1
13754 1169 1
13758 1169 1
14360 1169 1
14638 1169 1
15274 1169 1
15476 1169 1
16010 1169 1
16071 1169 1
16288 1169 1
16318 1169 1
16517 1169 1
16653 1169 1
17011 1169 1
17749 1169 1
17880 1169 1
18073 1169 1
18249 1169 1
18363 1169 1
18504 1169 1
18850 1169 1
19670 1169 1
19678 1169 1
19820 1169 1
19990 1169 1
20175 1169 1
20255 1169 1
20322 1169 1
20361 1169 1
20388 1169 1
20413 1169 1
20436 1169 1
20437 1169 1
20438 1169 1
20439 1169 1
20440 1169 1
20441 1169 1
20442 1169 1
20443 1169 1
20444 1169 1
20445 1169 1
20446 1169 1
20447 1169 1
20448 1169 1
20449 1169 1
20450 1169 1
20451 1169 1
20452 1169 1
20453 1169 1
20454 1169 1
20455 1169 1
20456 1169 1
20457 1169 1
20458 1169 1
20459 1169 1
20460 1169 1
20461 1169 1
20462 1169 1
20463 1169 1
20464 1169 1
20465 1169 1
20466 1169 1
20467 1169 1
20468 1169 1
20469 1169 1
20470 1169 1
20471 1169 1
20472 1169 1
20473 1169 1
20474 1169 1
20475 1169 1
20476 1169 1
20477 1169 1
20478 1169 1
20479 1169 1
20480 1169 1
20481 1169 1
20482 1169 1
20483 1169 1
20484 1169 1
20485 1169 1
20486 1169 1
20487 1169 1
20488 1169 1
20489 1169 1
20490 1169 1
20491 1169 1
20492 1169 1
20493 1169 1
20494 1169 1
20495 1169 1
20496 1169 1
20497 1169 1
20498 1169 1
20499 1169 1
20500 1169 1
20501 1169 1
20502 1169 1
20503 1169 1
20504 1169 1
20505 1169 1
20506 1169 1
20507 1169 1
20508 1169 1
20509 1169 1
20510 1169 1
20511 1169 1
20512 1169 1
20513 1169 1
20514 1169 1
1172 1171 1
1173 1171 1
1691 1173 1
3931 1173 1
4678 1173 1
13021 1173 1
16455 1173 1
17102 1173 1
18014 1173 1
19320 1173 1
19356 1173 1
22741 1173 1
22742 1173 1
22743 1173 1
22744 1173 1
22745 1173 1
22746 1173 1
22747 1173 1
1180 1179 1
1181 1179 1
1182 1179 1
1183 1179 1
1184 1179 1
1185 1179 1
1186 1179 1
2925 1181 1
1304 1182 1
1525 1182 1
2249 1183 1
1491 1185 1
1188 1187 1
11626 1188 1
14670 1188 1
14920 1188 1
14921 1188 1
14922 1188 1
1190 1189 1
1191 1189 1
1191 1190 1
11233 1190 1
11234 1190 1
1581 1191 1
2292 1191 1
2297 1191 1
4639 1191 1
8808 1191 1
9562 1191 1
11156 1191 1
11234 1191 1
13815 1191 1
13944 1191 1
15472 1191 1
15901 1191 1
22636 1191 1
22641 1191 1
24527 1191 1
24528 1191 1
1193 1192 1
2661 1193 1
3570 1193 1
3850 1193 1
3851 1193 1
3852 1193 1
4896 1193 1
9211 1193 1
9212 1193 1
9656 1193 1
9660 1193 1
11618 1193 1
13919 1193 1
14832 1193 1
15864 1193 1
15865 1193 1
15866 1193 1
15867 1193 1
15868 1193 1
15869 1193 1
15870 1193 1
15871 1193 1
15872 1193 1
15873 1193 1
15874 1193 1
1195 1194 1
4021 1195 1
14178 1195 1
20276 1195 1
23880 1195 1
24736 1195 1
25878 1195 1
1197 1196 1
2659 1197 1
3469 1197 1
3601 1197 1
5287 1197 1
11567 1197 1
12742 1197 1
12744 1197 1
13307 1197 1
13432 1197 1
15053 1197 1
15054 1197 1
15055 1197 1
15056 1197 1
15057 1197 1
15058 1197 1
15059 1197 1
15060 1197 1
15061 1197 1
15062 1197 1
15063 1197 1
15064 1197 1
15065 1197 1
15066 1197 1
15067 1197 1
15068 1197 1
15069 1197 1
15070 1197 1
15071 1197 1
15072 1197 1
15073 1197 1
15074 1197 1
15075 1197 1
15076 1197 1
15077 1197 1
15078 1197 1
15079 1197 1
15080 1197 1
1199 1198 1
1201 1200 1
6010 1201 1
6011 1201 1
6012 1201 1
6013 1201 1
6014 1201 1
6015 1201 1
6016 1201 1
6017 1201 1
1203 1202 1
1205 1204 1
1206 1204 1
1207 1204 1
1208 1204 1
1209 1204 1
1206 1205 1
1207 1205 1
1208 1205 1
1209 1205 1
4839 1205 1
16129 1205 1
22599 1205 1
1207 1206 1
1208 1206 1
1209 1206 1
1581 1206 1
2097 1206 1
2297 1206 1
4413 1206 1
4839 1206 1
5962 1206 1
11563 1206 1
12969 1206 1
16125 1206 1
16129 1206 1
16134 1206 1
19312 1206 1
21914 1206 1
22599 1206 1
23034 1206 1
24792 1206 1
1304 1209 1
1400 1209 1
1451 1209 1
1549 1209 1
1558 1209 1
2971 1209 1
4743 1209 1
5847 1209 1
6336 1209 1
7546 1209 1
9600 1209 1
11381 1209 1
13437 1209 1
16124 1209 1
16125 1209 1
16126 1209 1
16127 1209 1
16128 1209 1
16129 1209 1
16130 1209 1
16131 1209 1
16132 1209 1
16133 1209 1
16134 1209 1
16135 1209 1
16136 1209 1
1211 1210 1
1213 1212 1
1215 1214 1
2281 1215 1
2282 1215 1
1217 1216 1
4148 1217 1
5203 1217 1
13310 1217 1
20536 1217 1
22805 1217 1
23040 1217 1
25295 1217 1
1220 1219 1
1221 1219 1
1222 1219 1
5103 1220 1
5103 1222 1
1225 1224 1
1439 1225 1
1461 1225 1
1581 1225 1
2516 1225 1
6079 1225 1
8384 1225 1
9863 1225 1
11891 1225 1
12727 1225 1
16495 1225 1
20930 1225 1
21653 1225 1
22311 1225 1
23146 1225 1
24079 1225 1
25268 1225 1
25269 1225 1
1227 1226 1
1229 1228 1
3838 1229 1
14216 1229 1
1231 1230 1
1232 1230 1
1233 1230 1
1234 1230 1
1235 1230 1
1236 1230 1
1237 1230 1
1238 1230 1
1239 1230 1
1240 1230 1
1241 1230 1
11482 1231 1
17541 1231 1
1595 1236 1
1595 1241 1
11482 1241 1
1243 1242 1
1246 1245 1
1247 1245 1
1282 1246 1
19980 1247 1
24182 1247 1
1250 1249 1
1609 1250 1
3660 1250 1
3661 1250 1
3662 1250 1
3663 1250 1
3664 1250 1
3665 1250 1
3666 1250 1
3667 1250 1
3668 1250 1
3669 1250 1
3670 1250 1
3671 1250 1
3672 1250 1
1253 1252 1
23222 1253 1
1255 1254 1
2307 1255 1
2459 1255 1
3822 1255 1
4706 1255 1
6028 1255 1
6255 1255 1
11526 1255 1
13895 1255 1
14959 1255 1
15022 1255 1
16031 1255 1
16063 1255 1
16655 1255 1
18017 1255 1
18785 1255 1
19454 1255 1
19898 1255 1
20602 1255 1
21652 1255 1
22105 1255 1
22229 1255 1
22234 1255 1
22237 1255 1
22289 1255 1
22622 1255 1
22796 1255 1
23060 1255 1
23111 1255 1
23310 1255 1
23846 1255 1
24809 1255 1
25126 1255 1
25127 1255 1
25128 1255 1
25129 1255 1
25130 1255 1
25131 1255 1
25132 1255 1
25133 1255 1
25134 1255 1
25135 1255 1
1263 1262 1
1264 1262 1
3802 1263 1
15199 1263 1
15206 1263 1
3802 1264 1
5739 1264 1
6212 1264 1
12932 1264 1
15196 1264 1
15790 1264 1
22290 1264 1
1268 1267 1
1269 1267 1
12065 1268 1
19999 1268 1
22013 1268 1
23316 1268 1
1576 1269 1
2249 1269 1
9210 1269 1
1273 1272 1
1624 1273 1
2187 1273 1
3159 1273 1
6322 1273 1
6436 1273 1
8294 1273 1
10314 1273 1
10854 1273 1
11427 1273 1
13965 1273 1
14032 1273 1
16537 1273 1
16613 1273 1
17606 1273 1
18478 1273 1
19738 1273 1
20694 1273 1
21881 1273 1
21882 1273 1
21883 1273 1
21884 1273 1
21885 1273 1
1277 1276 1
9359 1277 1
13785 1277 1
16973 1277 1
1279 1278 1
1644 1279 1
1886 1279 1
3944 1279 1
18271 1279 1
2725 1281 1
4138 1281 1
4635 1281 1
4808 1281 1
4916 1281 1
5050 1281 1
6275 1281 1
6567 1281 1
9711 1281 1
9716 1281 1
9760 1281 1
10558 1281 1
11411 1281 1
11500 1281 1
11566 1281 1
11631 1281 1
11654 1281 1
12793 1281 1
13257 1281 1
13967 1281 1
14692 1281 1
14963 1281 1
14968 1281 1
14969 1281 1
15236 1281 1
15237 1281 1
15240 1281 1
15241 1281 1
15672 1281 1
16251 1281 1
16325 1281 1
17848 1281 1
18957 1281 1
20026 1281 1
20541 1281 1
20542 1281 1
20640 1281 1
21011 1281 1
21996 1281 1
22386 1281 1
22550 1281 1
22645 1281 1
22786 1281 1
23049 1281 1
23233 1281 1
23235 1281 1
23240 1281 1
23241 1281 1
23296 1281 1
23766 1281 1
23922 1281 1
23945 1281 1
24125 1281 1
24513 1281 1
24662 1281 1
24828 1281 1
24898 1281 1
24971 1281 1
25165 1281 1
25166 1281 1
25167 1281 1
25168 1281 1
25169 1281 1
25170 1281 1
25171 1281 1
25172 1281 1
25173 1281 1
25174 1281 1
25175 1281 1
25176 1281 1
25177 1281 1
25178 1281 1
3362 1282 1
4869 1282 1
11047 1282 1
11631 1282 1
11654 1282 1
14692 1282 1
20141 1282 1
22808 1282 1
22916 1282 1
23123 1282 1
24174 1282 1
24513 1282 1
24569 1282 1
25299 1282 1
1284 1283 1
2182 1284 1
4031 1284 1
6029 1284 1
6101 1284 1
8154 1284 1
8697 1284 1
9527 1284 1
11128 1284 1
11569 1284 1
11570 1284 1
11571 1284 1
11572 1284 1
11573 1284 1
11574 1284 1
11575 1284 1
11576 1284 1
11577 1284 1
11578 1284 1
11579 1284 1
11580 1284 1
11581 1284 1
11582 1284 1
11583 1284 1
11584 1284 1
11585 1284 1
11586 1284 1
11587 1284 1
11588 1284 1
11589 1284 1
11590 1284 1
11591 1284 1
11592 1284 1
11593 1284 1
11594 1284 1
11595 1284 1
11596 1284 1
11597 1284 1
11598 1284 1
11599 1284 1
11600 1284 1
11601 1284 1
11602 1284 1
11603 1284 1
11604 1284 1
11605 1284 1
1286 1285 1
2709 1286 1
3519 1286 1
5238 1286 1
8789 1286 1
8790 1286 1
8791 1286 1
8792 1286 1
8793 1286 1
8794 1286 1
8795 1286 1
8796 1286 1
8797 1286 1
8798 1286 1
8799 1286 1
1288 1287 1
1513 1288 1
1874 1288 1
2124 1288 1
4101 1288 1
4199 1288 1
5334 1288 1
6879 1288 1
8114 1288 1
8952 1288 1
9922 1288 1
10751 1288 1
10906 1288 1
11301 1288 1
11313 1288 1
11469 1288 1
13253 1288 1
13448 1288 1
17495 1288 1
17505 1288 1
17588 1288 1
19847 1288 1
20248 1288 1
21468 1288 1
21692 1288 1
21983 1288 1
22981 1288 1
24529 1288 1
24998 1288 1
25482 1288 1
25645 1288 1
1292 1291 1
1293 1291 1
16541 1293 1
16963 1293 1
1296 1295 1
1297 1295 1
1298 1295 1
1298 1296 1
9600 1296 1
2099 1297 1
2380 1297 1
6520 1297 1
11485 1297 1
12969 1297 1
16125 1297 1
16131 1297 1
19885 1297 1
20820 1297 1
22080 1297 1
22081 1297 1
1611 1299 1
2398 1300 1
6511 1300 1
12630 1300 1
12631 1300 1
15111 1300 1
15112 1300 1
1355 1302 1
1436 1302 1
1461 1302 1
1549 1302 1
2339 1302 1
5164 1302 1
11075 1302 1
11076 1302 1
11077 1302 1
11078 1302 1
11079 1302 1
11080 1302 1
11081 1302 1
11082 1302 1
1581 1303 1
5870 1303 1
13596 1303 1
19894 1303 1
1451 1304 1
1549 1304 1
2092 1304 1
2093 1304 1
2094 1304 1
2095 1304 1
2096 1304 1
2097 1304 1
2098 1304 1
2099 1304 1
2100 1304 1
2101 1304 1
2102 1304 1
1435 1305 1
2358 1305 1
4743 1306 1
1534 1307 1
1458 1308 1
2473 1309 1
11897 1309 1
2394 1310 1
2398 1310 1
6510 1310 1
6514 1310 1
14417 1310 1
16553 1310 1
25813 1310 1
1549 1311 1
1910 1311 1
22429 1311 1
23913 1311 1
1318 1312 1
1409 1312 1
1343 1313 1
1613 1313 1
3584 1313 1
5430 1313 1
9122 1313 1
19261 1313 1
25449 1313 1
2661 1314 1
15971 1315 1
15972 1315 1
2005 1316 1
2493 1316 1
2606 1316 1
15797 1316 1
15798 1316 1
1353 1317 1
1900 1317 1
1903 1317 1
1907 1317 1
4743 1317 1
15818 1317 1
16296 1317 1
21145 1317 1
1354 1318 1
1434 1318 1
1549 1318 1
1551 1318 1
1913 1318 1
3449 1318 1
3450 1318 1
3451 1318 1
3452 1318 1
3047 1319 1
3522 1319 1
11466 1319 1
24437 1319 1
1549 1320 1
16127 1320 1
1423 1321 1
2339 1321 1
4743 1322 1
12682 1322 1
2339 1323 1
9841 1323 1
9842 1323 1
11745 1323 1
13009 1323 1
13320 1323 1
13866 1323 1
14460 1323 1
17789 1323 1
20066 1323 1
23138 1323 1
23139 1323 1
7337 1324 1
1472 1325 1
1372 1326 1
1457 1326 1
1468 1326 1
1479 1326 1
2013 1326 1
2232 1326 1
12787 1326 1
17110 1326 1
21814 1326 1
23764 1326 1
2398 1327 1
2173 1328 1
1353 1330 1
1426 1330 1
1904 1330 1
6447 1330 1
6448 1330 1
2417 1331 1
1370 1334 1
19182 1334 1
21066 1334 1
21640 1334 1
24836 1334 1
25697 1334 1
26154 1334 1
1549 1337 1
12668 1337 1
12671 1337 1
22529 1337 1
6088 1338 1
16117 1338 1
1353 1341 1
1389 1341 1
21147 1341 1
3413 1342 1
5856 1345 1
1468 1346 1
2417 1346 1
7001 1346 1
9725 1346 1
14091 1346 1
1411 1347 1
2575 1347 1
20143 1347 1
25542 1347 1
2173 1349 1
2431 1349 1
2339 1350 1
2417 1350 1
2661 1350 1
23882 1350 1
2210 1351 1
2211 1351 1
2417 1352 1
3522 1352 1
1371 1353 1
1375 1353 1
1389 1353 1
1899 1353 1
1902 1353 1
1906 1353 1
1908 1353 1
2339 1353 1
3542 1353 1
4612 1353 1
4744 1353 1
4855 1353 1
5310 1353 1
5858 1353 1
6447 1353 1
8363 1353 1
13028 1353 1
14669 1353 1
16294 1353 1
16295 1353 1
16296 1353 1
16297 1353 1
16298 1353 1
16299 1353 1
16300 1353 1
16301 1353 1
16302 1353 1
16303 1353 1
16304 1353 1
16305 1353 1
16306 1353 1
2280 1354 1
2417 1355 1
9520 1355 1
20238 1357 1
23294 1357 1
2417 1359 1
9874 1360 1
11888 1360 1
13949 1360 1
13952 1360 1
20070 1360 1
20071 1360 1
20072 1360 1
20073 1360 1
20074 1360 1
20075 1360 1
1461 1363 1
2417 1363 1
2417 1364 1
1458 1365 1
1376 1367 1
2349 1367 1
2371 1367 1
11538 1367 1
6088 1368 1
24592 1368 1
4442 1369 1
13347 1370 1
13348 1370 1
13349 1370 1
13350 1370 1
13351 1370 1
13352 1370 1
13353 1370 1
13354 1370 1
13355 1370 1
13356 1370 1
13357 1370 1
4743 1371 1
4991 1371 1
5002 1371 1
6520 1371 1
7864 1371 1
13028 1371 1
1422 1372 1
1457 1372 1
1468 1372 1
2229 1372 1
2230 1372 1
2231 1372 1
2232 1372 1
2233 1372 1
2234 1372 1
1383 1376 1
1446 1376 1
1537 1376 1
1581 1376 1
2323 1376 1
2341 1376 1
2353 1376 1
2359 1376 1
2371 1376 1
2373 1376 1
2394 1376 1
3534 1376 1
5129 1376 1
5265 1376 1
6507 1376 1
6508 1376 1
6509 1376 1
6510 1376 1
6511 1376 1
6512 1376 1
6513 1376 1
6514 1376 1
6515 1376 1
6516 1376 1
6517 1376 1
6518 1376 1
6519 1376 1
6520 1376 1
6521 1376 1
6522 1376 1
6523 1376 1
6524 1376 1
6525 1376 1
6526 1376 1
6527 1376 1
6528 1376 1
6529 1376 1
6530 1376 1
6531 1376 1
6532 1376 1
6533 1376 1
2661 1377 1
5002 1377 1
16532 1378 1
19961 1378 1
2339 1379 1
2661 1379 1
1613 1380 1
19962 1380 1
1458 1382 1
4004 1382 1
1458 1384 1
1461 1384 1
2417 1384 1
12726 1384 1
13352 1384 1
15847 1384 1
15848 1384 1
15849 1384 1
15850 1384 1
3413 1385 1
1412 1386 1
2429 1386 1
6522 1386 1
7462 1386 1
10529 1386 1
11537 1386 1
11723 1386 1
11922 1386 1
13797 1386 1
13886 1386 1
16504 1386 1
19389 1386 1
22250 1386 1
23554 1386 1
24915 1386 1
2417 1388 1
19178 1388 1
1415 1389 1
1503 1389 1
1559 1389 1
1902 1389 1
7388 1389 1
15650 1389 1
15651 1389 1
15652 1389 1
15653 1389 1
15654 1389 1
15655 1389 1
2343 1390 1
4406 1390 1
2339 1394 1
11857 1394 1
22050 1394 1
3545 1395 1
4515 1396 1
17902 1397 1
1457 1398 1
1455 1399 1
1549 1400 1
11082 1400 1
11381 1400 1
11382 1400 1
11383 1400 1
2661 1404 1
16035 1406 1
1549 1407 1
1613 1407 1
4010 1407 1
4161 1407 1
4393 1407 1
4839 1407 1
6226 1407 1
6446 1407 1
9486 1407 1
11403 1407 1
11699 1407 1
15275 1407 1
15960 1407 1
20080 1407 1
20122 1407 1
20123 1407 1
2339 1408 1
15582 1408 1
1549 1409 1
2661 1409 1
4074 1409 1
17832 1409 1
19209 1409 1
21919 1409 1
26109 1409 1
3816 1410 1
6355 1410 1
6356 1410 1
22701 1411 1
3811 1412 1
2417 1413 1
2339 1416 1
3264 1418 1
7417 1418 1
10529 1418 1
13797 1418 1
3898 1419 1
1426 1421 1
4743 1421 1
1458 1424 1
7669 1424 1
1683 1426 1
1899 1426 1
1900 1426 1
1901 1426 1
1902 1426 1
1903 1426 1
1904 1426 1
1905 1426 1
1906 1426 1
1907 1426 1
1908 1426 1
1909 1426 1
3413 1427 1
2339 1428 1
11258 1428 1
23210 1428 1
1458 1430 1
13888 1430 1
23079 1430 1
4743 1431 1
9122 1432 1
2334 1435 1
2349 1435 1
2358 1435 1
2363 1435 1
2542 1435 1
6308 1435 1
6515 1435 1
6519 1435 1
13057 1435 1
14866 1435 1
14872 1435 1
15027 1435 1
18714 1435 1
19466 1435 1
22242 1435 1
24708 1435 1
24709 1435 1
24710 1435 1
1549 1436 1
2346 1437 1
2399 1437 1
13020 1437 1
17068 1437 1
17069 1437 1
17070 1437 1
17071 1437 1
17072 1437 1
17073 1437 1
2337 1438 1
2417 1439 1
2517 1439 1
6081 1439 1
25268 1439 1
25578 1439 1
25579 1439 1
2417 1440 1
4442 1440 1
4406 1441 1
3589 1445 1
2358 1446 1
9600 1447 1
2233 1448 1
4805 1448 1
5002 1448 1
8022 1448 1
23114 1448 1
25777 1448 1
25942 1448 1
1611 1449 1
4743 1449 1
1557 1451 1
2100 1451 1
16124 1451 1
16131 1451 1
1458 1453 1
1465 1455 1
2339 1455 1
2661 1455 1
3046 1455 1
15655 1455 1
19529 1455 1
25755 1455 1
26264 1455 1
26353 1455 1
5536 1456 1
5538 1456 1
5596 1456 1
5605 1456 1
5680 1456 1
5687 1456 1
5707 1456 1
7232 1456 1
9423 1456 1
9435 1456 1
9455 1456 1
15694 1456 1
18708 1456 1
20869 1456 1
20870 1456 1
2417 1457 1
1461 1458 1
1537 1458 1
2255 1458 1
3995 1458 1
4003 1458 1
4024 1458 1
4874 1458 1
5479 1458 1
7474 1458 1
7776 1458 1
8022 1458 1
9394 1458 1
11624 1458 1
11892 1458 1
13818 1458 1
14189 1458 1
15659 1458 1
16442 1458 1
16486 1458 1
16487 1458 1
16488 1458 1
16489 1458 1
16490 1458 1
16491 1458 1
16492 1458 1
16493 1458 1
16494 1458 1
16495 1458 1
16496 1458 1
16497 1458 1
16498 1458 1
16499 1458 1
16500 1458 1
16501 1458 1
4183 1459 1
5992 1459 1
11057 1459 1
11058 1459 1
11059 1459 1
11060 1459 1
1549 1460 1
4008 1460 1
18106 1460 1
1478 1461 1
1549 1461 1
2009 1461 1
2426 1461 1
2429 1461 1
2518 1461 1
2973 1461 1
3413 1461 1
4230 1461 1
4290 1461 1
4781 1461 1
4906 1461 1
5107 1461 1
5959 1461 1
6643 1461 1
6800 1461 1
8283 1461 1
12678 1461 1
13846 1461 1
14600 1461 1
15002 1461 1
15520 1461 1
16365 1461 1
17010 1461 1
17784 1461 1
17785 1461 1
17786 1461 1
17787 1461 1
17788 1461 1
17789 1461 1
17790 1461 1
17791 1461 1
17792 1461 1
17793 1461 1
17794 1461 1
17795 1461 1
17796 1461 1
17797 1461 1
17798 1461 1
17799 1461 1
17800 1461 1
2390 1462 1
9603 1462 1
9873 1462 1
13136 1462 1
13658 1462 1
16857 1462 1
16858 1462 1
16859 1462 1
16860 1462 1
2432 1463 1
5289 1463 1
2349 1464 1
23122 1466 1
2461 1467 1
4512 1467 1
11089 1467 1
17720 1467 1
23406 1467 1
23407 1467 1
23408 1467 1
23409 1467 1
23410 1467 1
23411 1467 1
23412 1467 1
1485 1468 1
2374 1468 1
2570 1468 1
3500 1468 1
3507 1468 1
3508 1468 1
4826 1468 1
5289 1468 1
6552 1468 1
7011 1468 1
11227 1468 1
11549 1468 1
12713 1468 1
18282 1468 1
18283 1468 1
18284 1468 1
18285 1468 1
18286 1468 1
25658 1470 1
4805 1471 1
2971 1472 1
20098 1472 1
2417 1473 1
3498 1473 1
11549 1473 1
13502 1473 1
13503 1473 1
13504 1473 1
2417 1474 1
15564 1474 1
4744 1476 1
9261 1477 1
16115 1477 1
18277 1477 1
24818 1477 1
2417 1478 1
2417 1479 1
8674 1479 1
12967 1479 1
16116 1479 1
16118 1479 1
16599 1479 1
19245 1479 1
19486 1479 1
22774 1479 1
24722 1479 1
24723 1479 1
1613 1480 1
2337 1480 1
3587 1480 1
10982 1480 1
11403 1480 1
19965 1480 1
20123 1480 1
20433 1480 1
21813 1480 1
22858 1480 1
23897 1480 1
25758 1480 1
26070 1480 1
6513 1481 1
11707 1481 1
11708 1481 1
11709 1481 1
11710 1481 1
11711 1481 1
11712 1481 1
11713 1481 1
1487 1486 1
1488 1486 1
2536 1487 1
4218 1487 1
4274 1487 1
4445 1487 1
4456 1487 1
4732 1487 1
4942 1487 1
4991 1487 1
5443 1487 1
5995 1487 1
6708 1487 1
7510 1487 1
7706 1487 1
7937 1487 1
8129 1487 1
8287 1487 1
8345 1487 1
8542 1487 1
8559 1487 1
8626 1487 1
8657 1487 1
8669 1487 1
8824 1487 1
10347 1487 1
11134 1487 1
11615 1487 1
11657 1487 1
12609 1487 1
12990 1487 1
13303 1487 1
14092 1487 1
14137 1487 1
14705 1487 1
15359 1487 1
15403 1487 1
15413 1487 1
15415 1487 1
15423 1487 1
15426 1487 1
15427 1487 1
15439 1487 1
15444 1487 1
15449 1487 1
15451 1487 1
15454 1487 1
15470 1487 1
15998 1487 1
16175 1487 1
16989 1487 1
17016 1487 1
17025 1487 1
18493 1487 1
18757 1487 1
19044 1487 1
19386 1487 1
19592 1487 1
19789 1487 1
20406 1487 1
20407 1487 1
21208 1487 1
22851 1487 1
22949 1487 1
24444 1487 1
24470 1487 1
24823 1487 1
24949 1487 1
24957 1487 1
25010 1487 1
25179 1487 1
25357 1487 1
25426 1487 1
25698 1487 1
26100 1487 1
26203 1487 1
26365 1487 1
1491 1490 1
2245 1491 1
6166 1491 1
6472 1491 1
6833 1491 1
7103 1491 1
12044 1491 1
12106 1491 1
12453 1491 1
12968 1491 1
13139 1491 1
13275 1491 1
19731 1491 1
19732 1491 1
19733 1491 1
19734 1491 1
19735 1491 1
19736 1491 1
19737 1491 1
19738 1491 1
19739 1491 1
1493 1492 1
2197 1493 1
6418 1493 1
17966 1493 1
20735 1493 1
1495 1494 1
2840 1495 1
4532 1495 1
4546 1495 1
4554 1495 1
6193 1495 1
12638 1495 1
12639 1495 1
12640 1495 1
1497 1496 1
1501 1500 1
1502 1500 1
3708 1501 1
4306 1501 1
11481 1501 1
13857 1501 1
15460 1501 1
16193 1501 1
19137 1501 1
19819 1501 1
19831 1501 1
19832 1501 1
3702 1502 1
3709 1502 1
4014 1502 1
4204 1502 1
4407 1502 1
6421 1502 1
6498 1502 1
9869 1502 1
11474 1502 1
11890 1502 1
12632 1502 1
12887 1502 1
12973 1502 1
13463 1502 1
14008 1502 1
14415 1502 1
14760 1502 1
15304 1502 1
15724 1502 1
15903 1502 1
16805 1502 1
17723 1502 1
17727 1502 1
18963 1502 1
19066 1502 1
19628 1502 1
20527 1502 1
20802 1502 1
21004 1502 1
21012 1502 1
21036 1502 1
21545 1502 1
21546 1502 1
21547 1502 1
21548 1502 1
21549 1502 1
21550 1502 1
21551 1502 1
21552 1502 1
21553 1502 1
21554 1502 1
21555 1502 1
21556 1502 1
21557 1502 1
1507 1506 1
4173 1507 1
14472 1507 1
19778 1507 1
22876 1507 1
24553 1507 1
24556 1507 1
1509 1508 1
6185 1509 1
11408 1509 1
14746 1509 1
17124 1509 1
21409 1509 1
23282 1509 1
1513 1512 1
2112 1513 1
2113 1513 1
2114 1513 1
2115 1513 1
2116 1513 1
2117 1513 1
2118 1513 1
2119 1513 1
2120 1513 1
2121 1513 1
2122 1513 1
2123 1513 1
2124 1513 1
2125 1513 1
2126 1513 1
2127 1513 1
2128 1513 1
2129 1513 1
2130 1513 1
1515 1514 1
1549 1515 1
9194 1515 1
9316 1515 1
10072 1515 1
10817 1515 1
11419 1515 1
12818 1515 1
14754 1515 1
15149 1515 1
15813 1515 1
15886 1515 1
18413 1515 1
19076 1515 1
19077 1515 1
1517 1516 1
1581 1517 1
2620 1517 1
2705 1517 1
2777 1517 1
2814 1517 1
2933 1517 1
2973 1517 1
3109 1517 1
3204 1517 1
3400 1517 1
4279 1517 1
4634 1517 1
4799 1517 1
4834 1517 1
4849 1517 1
5012 1517 1
6095 1517 1
6870 1517 1
6936 1517 1
8926 1517 1
8998 1517 1
9040 1517 1
10241 1517 1
10270 1517 1
10750 1517 1
10898 1517 1
12177 1517 1
12245 1517 1
14666 1517 1
15036 1517 1
15218 1517 1
16095 1517 1
16925 1517 1
16930 1517 1
16946 1517 1
18400 1517 1
18429 1517 1
19234 1517 1
19605 1517 1
19956 1517 1
20302 1517 1
21052 1517 1
21063 1517 1
21535 1517 1
22872 1517 1
23136 1517 1
23178 1517 1
23179 1517 1
23180 1517 1
23181 1517 1
1521 1520 1
1522 1520 1
1616 1521 1
11372 1521 1
12110 1521 1
12243 1521 1
16578 1521 1
20680 1521 1
21475 1521 1
22791 1521 1
24717 1521 1
25386 1521 1
25387 1521 1
25388 1521 1
25389 1521 1
2729 1522 1
4431 1522 1
8678 1522 1
12347 1522 1
16593 1522 1
22293 1522 1
22294 1522 1
22295 1522 1
22296 1522 1
1524 1523 1
1525 1523 1
4064 1524 1
4065 1524 1
5959 1524 1
14045 1524 1
16316 1524 1
17630 1524 1
23151 1524 1
4123 1525 1
5086 1525 1
9051 1525 1
10100 1525 1
11395 1525 1
12811 1525 1
13105 1525 1
13661 1525 1
13796 1525 1
13797 1525 1
19709 1525 1
20916 1525 1
21453 1525 1
22582 1525 1
22883 1525 1
24460 1525 1
24701 1525 1
24897 1525 1
1527 1526 1
2457 1527 1
6225 1527 1
6936 1527 1
7478 1527 1
8141 1527 1
8412 1527 1
8434 1527 1
8615 1527 1
9547 1527 1
11019 1527 1
15776 1527 1
15777 1527 1
15778 1527 1
15779 1527 1
15780 1527 1
1530 1529 1
3659 1530 1
3846 1530 1
7824 1530 1
9175 1530 1
13084 1530 1
13247 1530 1
13250 1530 1
13783 1530 1
14495 1530 1
15807 1530 1
16161 1530 1
17115 1530 1
17155 1530 1
18013 1530 1
18859 1530 1
19147 1530 1
19400 1530 1
20340 1530 1
20519 1530 1
20715 1530 1
21758 1530 1
22305 1530 1
22306 1530 1
22308 1530 1
22310 1530 1
22438 1530 1
24461 1530 1
24841 1530 1
25610 1530 1
25766 1530 1
25767 1530 1
25987 1530 1
26201 1530 1
1532 1531 1
3900 1532 1
4671 1532 1
4760 1532 1
5179 1532 1
6438 1532 1
8733 1532 1
8737 1532 1
9256 1532 1
9335 1532 1
9341 1532 1
9357 1532 1
9370 1532 1
10013 1532 1
10047 1532 1
10077 1532 1
10783 1532 1
13297 1532 1
13699 1532 1
13962 1532 1
14754 1532 1
15051 1532 1
15813 1532 1
16770 1532 1
17905 1532 1
18281 1532 1
18410 1532 1
18411 1532 1
18412 1532 1
18413 1532 1
18414 1532 1
18415 1532 1
18416 1532 1
18417 1532 1
18418 1532 1
18419 1532 1
18420 1532 1
18421 1532 1
18422 1532 1
1534 1533 1
1537 1534 1
4298 1534 1
4919 1534 1
7462 1534 1
13952 1534 1
13953 1534 1
1538 1537 1
5291 1538 1
1541 1540 1
5959 1541 1
19594 1541 1
24804 1541 1
25353 1541 1
1548 1547 1
1549 1547 1
1550 1547 1
1551 1547 1
1552 1547 1
1553 1547 1
1554 1547 1
1555 1547 1
9744 1548 1
14703 1548 1
1910 1549 1
1934 1549 1
2368 1549 1
2374 1549 1
3122 1549 1
3555 1549 1
5164 1549 1
5165 1549 1
6223 1549 1
6692 1549 1
6716 1549 1
7023 1549 1
7337 1549 1
10907 1549 1
11079 1549 1
11081 1549 1
11082 1549 1
12870 1549 1
13625 1549 1
15604 1549 1
18098 1549 1
18099 1549 1
18100 1549 1
18101 1549 1
18102 1549 1
18103 1549 1
18104 1549 1
18105 1549 1
18106 1549 1
18107 1549 1
18108 1549 1
18109 1549 1
18110 1549 1
18111 1549 1
18112 1549 1
18113 1549 1
18114 1549 1
18115 1549 1
9520 1550 1
1611 1552 1
2468 1552 1
2661 1552 1
2892 1552 1
23272 1552 1
5023 1553 1
15604 1554 1
2417 1555 1
1558 1557 1
2092 1558 1
2102 1558 1
3534 1558 1
9541 1558 1
13603 1558 1
16125 1558 1
19884 1558 1
19885 1558 1
1561 1560 1
3797 1561 1
14049 1561 1
14050 1561 1
14051 1561 1
14052 1561 1
1563 1562 1
1564 1562 1
18296 1563 1
23503 1563 1
13093 1564 1
1567 1566 1
1568 1566 1
10007 1567 1
1571 1570 1
8751 1571 1
13464 1571 1
13593 1571 1
18976 1571 1
18977 1571 1
18978 1571 1
18979 1571 1
1576 1575 1
1577 1575 1
1578 1575 1
1579 1575 1
1580 1575 1
1581 1575 1
2561 1576 1
3537 1576 1
4356 1576 1
5016 1576 1
6890 1576 1
7184 1576 1
11513 1576 1
12147 1576 1
14184 1576 1
14185 1576 1
3757 1577 1
4094 1577 1
4095 1577 1
4096 1577 1
4097 1577 1
4098 1577 1
4099 1577 1
4100 1577 1
4101 1577 1
4102 1577 1
4103 1577 1
4104 1577 1
4105 1577 1
4106 1577 1
4107 1577 1
4108 1577 1
4109 1577 1
4110 1577 1
3119 1578 1
1706 1581 1
2008 1581 1
2009 1581 1
2297 1581 1
2314 1581 1
2316 1581 1
2321 1581 1
2333 1581 1
2339 1581 1
2342 1581 1
2343 1581 1
2378 1581 1
2396 1581 1
2403 1581 1
2419 1581 1
2422 1581 1
2429 1581 1
2459 1581 1
2926 1581 1
2929 1581 1
3100 1581 1
3222 1581 1
3268 1581 1
3436 1581 1
3485 1581 1
3509 1581 1
4035 1581 1
4413 1581 1
4475 1581 1
4654 1581 1
4998 1581 1
5908 1581 1
5959 1581 1
5962 1581 1
6417 1581 1
6731 1581 1
7428 1581 1
9122 1581 1
9642 1581 1
9677 1581 1
10770 1581 1
11155 1581 1
11156 1581 1
11157 1581 1
11403 1581 1
13517 1581 1
13644 1581 1
13939 1581 1
13960 1581 1
14530 1581 1
15688 1581 1
15926 1581 1
15954 1581 1
15957 1581 1
15959 1581 1
15960 1581 1
16416 1581 1
16483 1581 1
16484 1581 1
16880 1581 1
17277 1581 1
19187 1581 1
19699 1581 1
19701 1581 1
19951 1581 1
20842 1581 1
22294 1581 1
22617 1581 1
22789 1581 1
24074 1581 1
24825 1581 1
25518 1581 1
25955 1581 1
26075 1581 1
26111 1581 1
26112 1581 1
26113 1581 1
1585 1584 1
1587 1586 1
1588 1586 1
2015 1587 1
3682 1587 1
3835 1587 1
18242 1587 1
19034 1587 1
19035 1587 1
19036 1587 1
19037 1587 1
2339 1588 1
4776 1588 1
5232 1588 1
5233 1588 1
5234 1588 1
9196 1588 1
9197 1588 1
9235 1588 1
13132 1588 1
14481 1588 1
17168 1588 1
19442 1588 1
19471 1588 1
19844 1588 1
22108 1588 1
22151 1588 1
22152 1588 1
22153 1588 1
22154 1588 1
22155 1588 1
22156 1588 1
22157 1588 1
22158 1588 1
22159 1588 1
22160 1588 1
22161 1588 1
22162 1588 1
22163 1588 1
22164 1588 1
22165 1588 1
1590 1589 1
22366 1590 1
22367 1590 1
22368 1590 1
22369 1590 1
1592 1591 1
1593 1591 1
8405 1592 1
9061 1592 1
13598 1592 1
14725 1592 1
16715 1592 1
19710 1592 1
19711 1592 1
16539 1593 1
17566 1593 1
23899 1593 1
24295 1593 1
1595 1594 1
1596 1594 1
1597 1594 1
1598 1594 1
2297 1595 1
2832 1595 1
3205 1595 1
7259 1595 1
10403 1595 1
10833 1595 1
11427 1595 1
12970 1595 1
12971 1595 1
12972 1595 1
13384 1595 1
15921 1595 1
15954 1595 1
17452 1595 1
17541 1595 1
17606 1595 1
17607 1595 1
19701 1595 1
19727 1595 1
21884 1595 1
22171 1598 1
1603 1602 1
1604 1602 1
10482 1603 1
1608 1607 1
1609 1607 1
2445 1608 1
6186 1608 1
8768 1608 1
10396 1608 1
11148 1608 1
13726 1608 1
13735 1608 1
13775 1608 1
13974 1608 1
15397 1608 1
15509 1608 1
16648 1608 1
18448 1608 1
19156 1608 1
19161 1608 1
19166 1608 1
19426 1608 1
20015 1608 1
20780 1608 1
20782 1608 1
20783 1608 1
21049 1608 1
21574 1608 1
21922 1608 1
22030 1608 1
22064 1608 1
22439 1608 1
25215 1608 1
25216 1608 1
25217 1608 1
1699 1609 1
2445 1609 1
6339 1609 1
8766 1609 1
8781 1609 1
9644 1609 1
9802 1609 1
11515 1609 1
12646 1609 1
12701 1609 1
13435 1609 1
13497 1609 1
13723 1609 1
13731 1609 1
13734 1609 1
14287 1609 1
14987 1609 1
15804 1609 1
16534 1609 1
18448 1609 1
18827 1609 1
19125 1609 1
19163 1609 1
19165 1609 1
19426 1609 1
19465 1609 1
19724 1609 1
19887 1609 1
20767 1609 1
20768 1609 1
20769 1609 1
20770 1609 1
20771 1609 1
20772 1609 1
20773 1609 1
20774 1609 1
20775 1609 1
20776 1609 1
20777 1609 1
20778 1609 1
20779 1609 1
20780 1609 1
20781 1609 1
20782 1609 1
20783 1609 1
20784 1609 1
20785 1609 1
1611 1610 1
1869 1611 1
1906 1611 1
2339 1611 1
3065 1611 1
3199 1611 1
4179 1611 1
4727 1611 1
4780 1611 1
4829 1611 1
5131 1611 1
5172 1611 1
5173 1611 1
5876 1611 1
6179 1611 1
6548 1611 1
6550 1611 1
7130 1611 1
7614 1611 1
8363 1611 1
8444 1611 1
9203 1611 1
9220 1611 1
9601 1611 1
11055 1611 1
11496 1611 1
11723 1611 1
13075 1611 1
13137 1611 1
14002 1611 1
14365 1611 1
14881 1611 1
14882 1611 1
15563 1611 1
16275 1611 1
16351 1611 1
16354 1611 1
16356 1611 1
16357 1611 1
16358 1611 1
16359 1611 1
16360 1611 1
16364 1611 1
16366 1611 1
16367 1611 1
16368 1611 1
16370 1611 1
16371 1611 1
16372 1611 1
16373 1611 1
16374 1611 1
16382 1611 1
16384 1611 1
16387 1611 1
16388 1611 1
16390 1611 1
16392 1611 1
16395 1611 1
16396 1611 1
16402 1611 1
16404 1611 1
16405 1611 1
16406 1611 1
17602 1611 1
18541 1611 1
18796 1611 1
18853 1611 1
18870 1611 1
18883 1611 1
19371 1611 1
19549 1611 1
19550 1611 1
19551 1611 1
19553 1611 1
19554 1611 1
19557 1611 1
19559 1611 1
19560 1611 1
19561 1611 1
19562 1611 1
19563 1611 1
19564 1611 1
19569 1611 1
19571 1611 1
21173 1611 1
22065 1611 1
23170 1611 1
24730 1611 1
25109 1611 1
25413 1611 1
26125 1611 1
26126 1611 1
26127 1611 1
26128 1611 1
26129 1611 1
1613 1612 1
2297 1613 1
2340 1613 1
2349 1613 1
2356 1613 1
2372 1613 1
2375 1613 1
3542 1613 1
3585 1613 1
3612 1613 1
4043 1613 1
4839 1613 1
5962 1613 1
6142 1613 1
8734 1613 1
11155 1613 1
11508 1613 1
11909 1613 1
11917 1613 1
11920 1613 1
11931 1613 1
11940 1613 1
11944 1613 1
15926 1613 1
21680 1613 1
22858 1613 1
24709 1613 1
1615 1614 1
1616 1614 1
1617 1614 1
1618 1614 1
1619 1614 1
1620 1614 1
1621 1614 1
1622 1614 1
1623 1614 1
1624 1614 1
1625 1614 1
1626 1614 1
1627 1614 1
1628 1614 1
1629 1614 1
1630 1614 1
14956 1615 1
26094 1615 1
9210 1616 1
12502 1616 1
22532 1616 1
11194 1623 1
13764 1623 1
18313 1623 1
7172 1625 1
11673 1625 1
11976 1625 1
13701 1625 1
19841 1625 1
21610 1625 1
22711 1625 1
22933 1625 1
5256 1630 1
1633 1632 1
1634 1632 1
1635 1632 1
1636 1632 1
1637 1632 1
1638 1632 1
1639 1632 1
1640 1632 1
1641 1632 1
1642 1632 1
1643 1632 1
1644 1632 1
1645 1632 1
1646 1632 1
1647 1632 1
1648 1632 1
1649 1632 1
1650 1632 1
1651 1632 1
1652 1632 1
1653 1632 1
1654 1632 1
1655 1632 1
1656 1632 1
1657 1632 1
1658 1632 1
1659 1632 1
1660 1632 1
1661 1632 1
1662 1632 1
1663 1632 1
1664 1632 1
1665 1632 1
1666 1632 1
1667 1632 1
1668 1632 1
1669 1632 1
1670 1632 1
1671 1632 1
1672 1632 1
1673 1632 1
1674 1632 1
1675 1632 1
21995 1634 1
20904 1635 1
25229 1635 1
3752 1637 1
2240 1638 1
6200 1638 1
6201 1638 1
12985 1640 1
1924 1641 1
1886 1643 1
21733 1644 1
12985 1648 1
21902 1651 1
16012 1654 1
16868 1654 1
1886 1656 1
4630 1656 1
5918 1656 1
10996 1656 1
13218 1656 1
14317 1656 1
16020 1656 1
20109 1656 1
6092 1657 1
6159 1658 1
19221 1658 1
11521 1659 1
12761 1659 1
12762 1659 1
12763 1659 1
3752 1660 1
5999 1660 1
15467 1662 1
12508 1664 1
12509 1664 1
3748 1665 1
3749 1665 1
3750 1665 1
3751 1665 1
3752 1665 1
3753 1665 1
2069 1667 1
13173 1667 1
2069 1668 1
18306 1668 1
21718 1668 1
1673 1669 1
15311 1669 1
1886 1670 1
4027 1670 1
4746 1670 1
10126 1670 1
22979 1670 1
23245 1670 1
23917 1670 1
23918 1670 1
11542 1673 1
11543 1673 1
11544 1673 1
11545 1673 1
16710 1674 1
1679 1678 1
1680 1678 1
3083 1679 1
3420 1679 1
4395 1679 1
4741 1679 1
6493 1679 1
6505 1679 1
9679 1679 1
14295 1679 1
15225 1679 1
15261 1679 1
16235 1679 1
17889 1679 1
19084 1679 1
19085 1679 1
19086 1679 1
19087 1679 1
19088 1679 1
19089 1679 1
19090 1679 1
19091 1679 1
19092 1679 1
19093 1679 1
19094 1679 1
19095 1679 1
19096 1679 1
19097 1679 1
19098 1679 1
19099 1679 1
19100 1679 1
19101 1679 1
19102 1679 1
2527 1680 1
3083 1680 1
11640 1680 1
16190 1680 1
18347 1680 1
21080 1680 1
21559 1680 1
23160 1680 1
24078 1680 1
24934 1680 1
25315 1680 1
26082 1680 1
26442 1680 1
20880 1689 1
1889 1691 1
3742 1691 1
4172 1691 1
4677 1691 1
5040 1691 1
6414 1691 1
9393 1691 1
9800 1691 1
12629 1691 1
15821 1691 1
17102 1691 1
18762 1691 1
19280 1691 1
21925 1691 1
21926 1691 1
21927 1691 1
21928 1691 1
21929 1691 1
21930 1691 1
21931 1691 1
1693 1692 1
2327 1693 1
2585 1693 1
2669 1693 1
2777 1693 1
2883 1693 1
2973 1693 1
3065 1693 1
5206 1693 1
6110 1693 1
7351 1693 1
7390 1693 1
7484 1693 1
7631 1693 1
7779 1693 1
7954 1693 1
7959 1693 1
8299 1693 1
9019 1693 1
9061 1693 1
10139 1693 1
10466 1693 1
10773 1693 1
10840 1693 1
13113 1693 1
13797 1693 1
14672 1693 1
14675 1693 1
14679 1693 1
14680 1693 1
14685 1693 1
14686 1693 1
14725 1693 1
15036 1693 1
15038 1693 1
15114 1693 1
16921 1693 1
16922 1693 1
16923 1693 1
16924 1693 1
16925 1693 1
16926 1693 1
16927 1693 1
16928 1693 1
16929 1693 1
16930 1693 1
16931 1693 1
16932 1693 1
16933 1693 1
16934 1693 1
16935 1693 1
16936 1693 1
16937 1693 1
16938 1693 1
16939 1693 1
16940 1693 1
16941 1693 1
16942 1693 1
16943 1693 1
1695 1694 1
2898 1695 1
3955 1695 1
15388 1695 1
15474 1695 1
15540 1695 1
19103 1695 1
20948 1695 1
22906 1695 1
23253 1695 1
25360 1695 1
25382 1695 1
25383 1695 1
1697 1696 1
15273 1697 1
19346 1697 1
19974 1697 1
19975 1697 1
19976 1697 1
19977 1697 1
19978 1697 1
1699 1698 1
3161 1699 1
3669 1699 1
13244 1699 1
18004 1699 1
1701 1700 1
1702 1700 1
1703 1700 1
1704 1700 1
3952 1701 1
8754 1701 1
4301 1702 1
12565 1702 1
15035 1702 1
4301 1703 1
12565 1703 1
4301 1704 1
12565 1704 1
1706 1705 1
2159 1706 1
2297 1706 1
2459 1706 1
4464 1706 1
9642 1706 1
14928 1706 1
15224 1706 1
15580 1706 1
15925 1706 1
15926 1706 1
15927 1706 1
15928 1706 1
15929 1706 1
1708 1707 1
11994 1708 1
12108 1708 1
12277 1708 1
12309 1708 1
13786 1708 1
26032 1708 1
4833 1711 1
6068 1712 1
6597 1715 1
16121 1715 1
4128 1720 1
2150 1726 1
6084 1728 1
3814 1731 1
6084 1732 1
6427 1753 1
5127 1756 1
3814 1759 1
6084 1760 1
2150 1763 1
3814 1763 1
3830 1764 1
3792 1767 1
3814 1769 1
20557 1777 1
25049 1777 1
6084 1779 1
3814 1781 1
5127 1782 1
3814 1787 1
13119 1788 1
3552 1794 1
6084 1794 1
11636 1794 1
13306 1800 1
20875 1801 1
24087 1801 1
24088 1801 1
24702 1802 1
3795 1806 1
3796 1806 1
4513 1806 1
12623 1806 1
15680 1806 1
16531 1806 1
22441 1806 1
23930 1806 1
2497 1812 1
4128 1812 1
19582 1815 1
2150 1821 1
1863 1823 1
3792 1823 1
6050 1828 1
13600 1828 1
18558 1834 1
4128 1837 1
13025 1837 1
2497 1839 1
3792 1839 1
6084 1847 1
2150 1855 1
8720 1860 1
6084 1869 1
1875 1874 1
3493 1875 1
3494 1875 1
5066 1875 1
20125 1875 1
22384 1875 1
1877 1876 1
2104 1877 1
10997 1877 1
1881 1880 1
16751 1881 1
20984 1881 1
24756 1881 1
1883 1882 1
4449 1883 1
4452 1883 1
4461 1883 1
4462 1883 1
4466 1883 1
5282 1883 1
16100 1883 1
19811 1883 1
1886 1885 1
2505 1886 1
3416 1886 1
3424 1886 1
3624 1886 1
3940 1886 1
3999 1886 1
4208 1886 1
4400 1886 1
5076 1886 1
5138 1886 1
5162 1886 1
6423 1886 1
6612 1886 1
9263 1886 1
9266 1886 1
9683 1886 1
10992 1886 1
11439 1886 1
11833 1886 1
12985 1886 1
13162 1886 1
13182 1886 1
13186 1886 1
13938 1886 1
14490 1886 1
14650 1886 1
15617 1886 1
15990 1886 1
16482 1886 1
16884 1886 1
17862 1886 1
17903 1886 1
17924 1886 1
18008 1886 1
19267 1886 1
19987 1886 1
20523 1886 1
20592 1886 1
21715 1886 1
21732 1886 1
21736 1886 1
21737 1886 1
21748 1886 1
21961 1886 1
21965 1886 1
21966 1886 1
21967 1886 1
21968 1886 1
21969 1886 1
21970 1886 1
21971 1886 1
21972 1886 1
21973 1886 1
21974 1886 1
21975 1886 1
21976 1886 1
21977 1886 1
1890 1889 1
1891 1889 1
1892 1889 1
1893 1889 1
1894 1889 1
1895 1889 1
1896 1889 1
10199 1892 1
17102 1893 1
10199 1895 1
1898 1897 1
4318 1898 1
6482 1898 1
14603 1898 1
14657 1898 1
14916 1898 1
16425 1898 1
16845 1898 1
16961 1898 1
17130 1898 1
17131 1898 1
17132 1898 1
17133 1898 1
17134 1898 1
4743 1900 1
4743 1902 1
4744 1902 1
2150 1906 1
4223 1906 1
4743 1906 1
5195 1906 1
5715 1906 1
5963 1906 1
6550 1906 1
9929 1906 1
3232 1909 1
1911 1910 1
1912 1910 1
1913 1910 1
1914 1910 1
1915 1910 1
1916 1910 1
1917 1910 1
1918 1910 1
1919 1910 1
1920 1910 1
9520 1912 1
1924 1923 1
5008 1924 1
16014 1924 1
16969 1924 1
23216 1924 1
1926 1925 1
1927 1925 1
2459 1926 1
15455 1926 1
26018 1926 1
26019 1926 1
26297 1926 1
4555 1927 1
6341 1927 1
8766 1927 1
9697 1927 1
10459 1927 1
10797 1927 1
13344 1927 1
13427 1927 1
13469 1927 1
13726 1927 1
15503 1927 1
15504 1927 1
15505 1927 1
15506 1927 1
15507 1927 1
15508 1927 1
15509 1927 1
15510 1927 1
15511 1927 1
15512 1927 1
15513 1927 1
15514 1927 1
15515 1927 1
15516 1927 1
15517 1927 1
15518 1927 1
1929 1928 1
3144 1929 1
4085 1929 1
7618 1929 1
10852 1929 1
13484 1929 1
14864 1929 1
16276 1929 1
16277 1929 1
16319 1929 1
23955 1929 1
24842 1929 1
25002 1929 1
25300 1929 1
25787 1929 1
1932 1931 1
2057 1932 1
3113 1932 1
4045 1932 1
4048 1932 1
5373 1932 1
5393 1932 1
5421 1932 1
5841 1932 1
6290 1932 1
6987 1932 1
7936 1932 1
8071 1932 1
8079 1932 1
8991 1932 1
9487 1932 1
11228 1932 1
11436 1932 1
16098 1932 1
18039 1932 1
18085 1932 1
18968 1932 1
18969 1932 1
18970 1932 1
18971 1932 1
1934 1933 1
2661 1934 1
14054 1934 1
14055 1934 1
19962 1934 1
22822 1934 1
24901 1934 1
25549 1934 1
1937 1936 1
2490 1937 1
2498 1937 1
2967 1937 1
3819 1937 1
4722 1937 1
5972 1937 1
6412 1937 1
7231 1937 1
7381 1937 1
8090 1937 1
8424 1937 1
8433 1937 1
9893 1937 1
16570 1937 1
16924 1937 1
17081 1937 1
18568 1937 1
18569 1937 1
18570 1937 1
18571 1937 1
18572 1937 1
1939 1938 1
1940 1938 1
2564 1939 1
3781 1939 1
4915 1939 1
5935 1939 1
10826 1939 1
12823 1939 1
14193 1939 1
17144 1939 1
18895 1939 1
19530 1939 1
22487 1939 1
22718 1939 1
22719 1939 1
3582 1940 1
3583 1940 1
4870 1940 1
4890 1940 1
5267 1940 1
5885 1940 1
6365 1940 1
8783 1940 1
9705 1940 1
9728 1940 1
9729 1940 1
9730 1940 1
9737 1940 1
10913 1940 1
10916 1940 1
11428 1940 1
11532 1940 1
11533 1940 1
11534 1940 1
11536 1940 1
13072 1940 1
13779 1940 1
13931 1940 1
14144 1940 1
14247 1940 1
15052 1940 1
15584 1940 1
16749 1940 1
16883 1940 1
17044 1940 1
17144 1940 1
17758 1940 1
18310 1940 1
18895 1940 1
18930 1940 1
18931 1940 1
18932 1940 1
18933 1940 1
18934 1940 1
18935 1940 1
18936 1940 1
18937 1940 1
18938 1940 1
18940 1940 1
18941 1940 1
18943 1940 1
18946 1940 1
18947 1940 1
18948 1940 1
18950 1940 1
18952 1940 1
18953 1940 1
18954 1940 1
18955 1940 1
18956 1940 1
21266 1940 1
22718 1940 1
22827 1940 1
23258 1940 1
23262 1940 1
23895 1940 1
24542 1940 1
24543 1940 1
1943 1942 1
2537 1943 1
4118 1943 1
5283 1943 1
5328 1943 1
5825 1943 1
9933 1943 1
10017 1943 1
12557 1943 1
12754 1943 1
14358 1943 1
15077 1943 1
18140 1943 1
18169 1943 1
19648 1943 1
19649 1943 1
20397 1943 1
22541 1943 1
22713 1943 1
22768 1943 1
23266 1943 1
23820 1943 1
23942 1943 1
23996 1943 1
24071 1943 1
25392 1943 1
25398 1943 1
25596 1943 1
25604 1943 1
25905 1943 1
25958 1943 1
25959 1943 1
26169 1943 1
26197 1943 1
26411 1943 1
1948 1947 1
9681 1948 1
20044 1948 1
20045 1948 1
1951 1950 1
1952 1950 1
15558 1951 1
9872 1952 1
1954 1953 1
1956 1955 1
6540 1956 1
6923 1956 1
11685 1956 1
12168 1956 1
12299 1956 1
15696 1956 1
22803 1956 1
1959 1958 1
1960 1958 1
1961 1958 1
1962 1958 1
1963 1958 1
1964 1958 1
1965 1958 1
1966 1958 1
1967 1958 1
1968 1958 1
1969 1958 1
1970 1958 1
1971 1958 1
1972 1958 1
1973 1958 1
1974 1958 1
1975 1958 1
1976 1958 1
1977 1958 1
1978 1958 1
1979 1958 1
1980 1958 1
1981 1958 1
1982 1958 1
1983 1958 1
1984 1958 1
1985 1958 1
1986 1958 1
1987 1958 1
1988 1958 1
1989 1958 1
1990 1958 1
1991 1958 1
1992 1958 1
2467 1960 1
2467 1961 1
2468 1963 1
18388 1964 1
2467 1967 1
2468 1969 1
2468 1973 1
2468 1974 1
2468 1975 1
4194 1977 1
2468 1978 1
2467 1979 1
2467 1981 1
2467 1982 1
21091 1984 1
2467 1986 1
2467 1989 1
2467 1990 1
1994 1993 1
1995 1993 1
2483 1994 1
2649 1994 1
3586 1994 1
6208 1994 1
9605 1994 1
9751 1994 1
11151 1994 1
12592 1994 1
12892 1994 1
13321 1994 1
13973 1994 1
14878 1994 1
14932 1994 1
16286 1994 1
16512 1994 1
18653 1994 1
19266 1994 1
20155 1994 1
20237 1994 1
20242 1994 1
20599 1994 1
20800 1994 1
22202 1994 1
22886 1994 1
22992 1994 1
23318 1994 1
23974 1994 1
24178 1994 1
24440 1994 1
24475 1994 1
24999 1994 1
25003 1994 1
25998 1994 1
26020 1994 1
26106 1994 1
26196 1994 1
3522 1995 1
9751 1995 1
14932 1995 1
26068 1995 1
1997 1996 1
5159 1997 1
5276 1997 1
5278 1997 1
5337 1997 1
5341 1997 1
7687 1997 1
7871 1997 1
8982 1997 1
10320 1997 1
13672 1997 1
15810 1997 1
17898 1997 1
19146 1997 1
23037 1997 1
23549 1997 1
25101 1997 1
25112 1997 1
26159 1997 1
1999 1998 1
2530 1999 1
18482 1999 1
18483 1999 1
2001 2000 1
3812 2001 1
3813 2001 1
3814 2001 1
2005 2004 1
2042 2005 1
2327 2005 1
2524 2005 1
3199 2005 1
5012 2005 1
5986 2005 1
8965 2005 1
9051 2005 1
9079 2005 1
9726 2005 1
10133 2005 1
10413 2005 1
10419 2005 1
10466 2005 1
10640 2005 1
10655 2005 1
13310 2005 1
13363 2005 1
13440 2005 1
13452 2005 1
14682 2005 1
15323 2005 1
16485 2005 1
16934 2005 1
17670 2005 1
17918 2005 1
18381 2005 1
18489 2005 1
18832 2005 1
19399 2005 1
19619 2005 1
19914 2005 1
20568 2005 1
21517 2005 1
21534 2005 1
21994 2005 1
22601 2005 1
22740 2005 1
23038 2005 1
23192 2005 1
23210 2005 1
23908 2005 1
23909 2005 1
23910 2005 1
2007 2006 1
2008 2006 1
2009 2006 1
12419 2007 1
23081 2007 1
23082 2007 1
6137 2008 1
8370 2008 1
8736 2008 1
8999 2008 1
11267 2008 1
21065 2008 1
22044 2008 1
2152 2009 1
8773 2009 1
10602 2009 1
10862 2009 1
2012 2011 1
5856 2012 1
18449 2012 1
23811 2012 1
25197 2012 1
25325 2012 1
2015 2014 1
2016 2014 1
2017 2014 1
2018 2014 1
2019 2014 1
2020 2014 1
2019 2015 1
2417 2015 1
10355 2015 1
11454 2015 1
2019 2016 1
11454 2016 1
14689 2016 1
2019 2017 1
10108 2017 1
2474 2018 1
11454 2018 1
11455 2018 1
13948 2018 1
2139 2019 1
2474 2019 1
5059 2019 1
5060 2019 1
5886 2019 1
10107 2019 1
11457 2019 1
11716 2019 1
14329 2019 1
14689 2019 1
16708 2019 1
19839 2019 1
20188 2019 1
20189 2019 1
20190 2019 1
20191 2019 1
20192 2019 1
2474 2020 1
2022 2021 1
22298 2022 1
2025 2024 1
2336 2025 1
2908 2025 1
2027 2026 1
2605 2027 1
3861 2027 1
2029 2028 1
2033 2032 1
2034 2032 1
2035 2032 1
11025 2035 1
2037 2036 1
2038 2036 1
9677 2037 1
11062 2037 1
13679 2037 1
13680 2037 1
13681 2037 1
13682 2037 1
13683 2037 1
2039 2038 1
3151 2038 1
3418 2038 1
3419 2038 1
3937 2038 1
9551 2038 1
10111 2038 1
10124 2038 1
12830 2038 1
14296 2038 1
14297 2038 1
14298 2038 1
14299 2038 1
14300 2038 1
14301 2038 1
14302 2038 1
14303 2038 1
14304 2038 1
14305 2038 1
14306 2038 1
14307 2038 1
14308 2038 1
14309 2038 1
2040 2039 1
10065 2040 1
2046 2045 1
2478 2046 1
4305 2046 1
4673 2046 1
8749 2046 1
9949 2046 1
10741 2046 1
10837 2046 1
10963 2046 1
11164 2046 1
12583 2046 1
12584 2046 1
13696 2046 1
14200 2046 1
14235 2046 1
15468 2046 1
17950 2046 1
18502 2046 1
18515 2046 1
21420 2046 1
23383 2046 1
25095 2046 1
25266 2046 1
25538 2046 1
26012 2046 1
26013 2046 1
2049 2048 1
2264 2049 1
2051 2050 1
2052 2050 1
2053 2050 1
3938 2051 1
2053 2052 1
3938 2052 1
2055 2054 1
2056 2054 1
2057 2054 1
2058 2054 1
2059 2054 1
2060 2054 1
2061 2054 1
2062 2054 1
22806 2056 1
14505 2057 1
3366 2060 1
11689 2060 1
2066 2065 1
2067 2065 1
2068 2065 1
2069 2065 1
2070 2065 1
13162 2066 1
2240 2069 1
3178 2069 1
4023 2069 1
4152 2069 1
4746 2069 1
11124 2069 1
12509 2069 1
13241 2069 1
14448 2069 1
16819 2069 1
17928 2069 1
18389 2069 1
18632 2069 1
18731 2069 1
19289 2069 1
21737 2069 1
21739 2069 1
22358 2069 1
24512 2069 1
2072 2071 1
2073 2071 1
2074 2071 1
2075 2071 1
2076 2071 1
2077 2071 1
19578 2074 1
2079 2078 1
2175 2079 1
4488 2079 1
14047 2079 1
14864 2079 1
15276 2079 1
15948 2079 1
18068 2079 1
22335 2079 1
22336 2079 1
2081 2080 1
9953 2081 1
13382 2081 1
14093 2081 1
15033 2081 1
20846 2081 1
21307 2081 1
21325 2081 1
2083 2082 1
3752 2083 1
5142 2083 1
2085 2084 1
2086 2084 1
2088 2087 1
2089 2087 1
2090 2087 1
4490 2088 1
6373 2088 1
6401 2088 1
8815 2088 1
11473 2088 1
13915 2088 1
18878 2088 1
20512 2088 1
20758 2088 1
21693 2088 1
18245 2090 1
18874 2090 1
21484 2090 1
25599 2090 1
25805 2090 1
25822 2090 1
9541 2093 1
9600 2094 1
9541 2095 1
4839 2097 1
12969 2097 1
2102 2100 1
11381 2100 1
13603 2101 1
2104 2103 1
2297 2104 1
2459 2104 1
4866 2104 1
4948 2104 1
5054 2104 1
10917 2104 1
14478 2104 1
14652 2104 1
15007 2104 1
15954 2104 1
16184 2104 1
20607 2104 1
21016 2104 1
22486 2104 1
26002 2104 1
26290 2104 1
26291 2104 1
2107 2106 1
2558 2107 1
5111 2107 1
5919 2107 1
5980 2107 1
6165 2107 1
7174 2107 1
9952 2107 1
10084 2107 1
12605 2107 1
12735 2107 1
12737 2107 1
12738 2107 1
12739 2107 1
12746 2107 1
12812 2107 1
13116 2107 1
13299 2107 1
13307 2107 1
13514 2107 1
13751 2107 1
14635 2107 1
15012 2107 1
15054 2107 1
15059 2107 1
15062 2107 1
15063 2107 1
15066 2107 1
15068 2107 1
15069 2107 1
15070 2107 1
15074 2107 1
15079 2107 1
15889 2107 1
15942 2107 1
16004 2107 1
16435 2107 1
16597 2107 1
16646 2107 1
17046 2107 1
18122 2107 1
18123 2107 1
18124 2107 1
18125 2107 1
18126 2107 1
18127 2107 1
18128 2107 1
18129 2107 1
18130 2107 1
18131 2107 1
18132 2107 1
18133 2107 1
18134 2107 1
18135 2107 1
18136 2107 1
18137 2107 1
18138 2107 1
18139 2107 1
18140 2107 1
18141 2107 1
18142 2107 1
18143 2107 1
18144 2107 1
18145 2107 1
18146 2107 1
18147 2107 1
18148 2107 1
18149 2107 1
18150 2107 1
18151 2107 1
18152 2107 1
18153 2107 1
18154 2107 1
18155 2107 1
18156 2107 1
18157 2107 1
18158 2107 1
18159 2107 1
18160 2107 1
18161 2107 1
18162 2107 1
18163 2107 1
18164 2107 1
18165 2107 1
18166 2107 1
18167 2107 1
18168 2107 1
18169 2107 1
18170 2107 1
18171 2107 1
18172 2107 1
18173 2107 1
18174 2107 1
18175 2107 1
18176 2107 1
18177 2107 1
18178 2107 1
2109 2108 1
8221 2109 1
15679 2114 1
12708 2115 1
12708 2116 1
2129 2117 1
15679 2117 1
12708 2120 1
2126 2122 1
24039 2122 1
24039 2125 1
15678 2129 1
15679 2129 1
2133 2132 1
2135 2134 1
3294 2135 1
15284 2135 1
17045 2135 1
24292 2135 1
2138 2137 1
2941 2138 1
9120 2138 1
2142 2141 1
2143 2141 1
2144 2141 1
2144 2143 1
2948 2143 1
2997 2143 1
3022 2143 1
3132 2143 1
3155 2143 1
3324 2143 1
3336 2143 1
4303 2143 1
4504 2143 1
5424 2143 1
9267 2143 1
9278 2143 1
9304 2143 1
9879 2143 1
11366 2143 1
12715 2143 1
12837 2143 1
13457 2143 1
14148 2143 1
14254 2143 1
14401 2143 1
14653 2143 1
14695 2143 1
17919 2143 1
17920 2143 1
18193 2143 1
18212 2143 1
18214 2143 1
18221 2143 1
18224 2143 1
18958 2143 1
19859 2143 1
19860 2143 1
19861 2143 1
19862 2143 1
19863 2143 1
19864 2143 1
19865 2143 1
19866 2143 1
19867 2143 1
19868 2143 1
19869 2143 1
19870 2143 1
19871 2143 1
19872 2143 1
19873 2143 1
19874 2143 1
19875 2143 1
19876 2143 1
4079 2144 1
9302 2144 1
9664 2144 1
11071 2144 1
12837 2144 1
13087 2144 1
13148 2144 1
13153 2144 1
13154 2144 1
13998 2144 1
18208 2144 1
19866 2144 1
19867 2144 1
22127 2144 1
25320 2144 1
25562 2144 1
25563 2144 1
2146 2145 1
2148 2147 1
2665 2148 1
20889 2148 1
20890 2148 1
2150 2149 1
6043 2150 1
9231 2150 1
14468 2150 1
15495 2150 1
20720 2150 1
22045 2150 1
22324 2150 1
25990 2150 1
26361 2150 1
26420 2150 1
26428 2150 1
2153 2152 1
2154 2152 1
2155 2152 1
2156 2152 1
2157 2152 1
2158 2152 1
2159 2152 1
2160 2152 1
2161 2152 1
4856 2154 1
4475 2157 1
4888 2158 1
4731 2159 1
4732 2159 1
4733 2159 1
4734 2159 1
4735 2159 1
4736 2159 1
4737 2159 1
4738 2159 1
4739 2159 1
4740 2159 1
2163 2162 1
2165 2164 1
2166 2164 1
2166 2165 1
2529 2165 1
2530 2165 1
2607 2165 1
2717 2165 1
2968 2165 1
3383 2165 1
3419 2165 1
6183 2165 1
10065 2165 1
13474 2165 1
16271 2165 1
16723 2165 1
20082 2165 1
22083 2165 1
22196 2165 1
24544 2165 1
2530 2166 1
2581 2166 1
2861 2166 1
2998 2166 1
3151 2166 1
3419 2166 1
6085 2166 1
6183 2166 1
9492 2166 1
13679 2166 1
13682 2166 1
13683 2166 1
13772 2166 1
14299 2166 1
14304 2166 1
14305 2166 1
14729 2166 1
14731 2166 1
15895 2166 1
18483 2166 1
18812 2166 1
19444 2166 1
19475 2166 1
19740 2166 1
21892 2166 1
21894 2166 1
21898 2166 1
22082 2166 1
22083 2166 1
22084 2166 1
22085 2166 1
22086 2166 1
22087 2166 1
22088 2166 1
22089 2166 1
22090 2166 1
22091 2166 1
22092 2166 1
2169 2168 1
20709 2169 1
20710 2169 1
2171 2170 1
2172 2170 1
4471 2171 1
10042 2171 1
13382 2171 1
19991 2171 1
19288 2172 1
19895 2172 1
24127 2172 1
24807 2172 1
2175 2174 1
2176 2174 1
2177 2174 1
2197 2175 1
2262 2175 1
2263 2175 1
2732 2175 1
4313 2175 1
4502 2175 1
4520 2175 1
4759 2175 1
5022 2175 1
5043 2175 1
6327 2175 1
6377 2175 1
6419 2175 1
6704 2175 1
7805 2175 1
8829 2175 1
9977 2175 1
10827 2175 1
10857 2175 1
10902 2175 1
10973 2175 1
11499 2175 1
13315 2175 1
13316 2175 1
14129 2175 1
14884 2175 1
15119 2175 1
16535 2175 1
16540 2175 1
16611 2175 1
17724 2175 1
17808 2175 1
17888 2175 1
17941 2175 1
17942 2175 1
17943 2175 1
17944 2175 1
17945 2175 1
17946 2175 1
17947 2175 1
17948 2175 1
17949 2175 1
17950 2175 1
17951 2175 1
17952 2175 1
17953 2175 1
17954 2175 1
17955 2175 1
17956 2175 1
17957 2175 1
17958 2175 1
17959 2175 1
17960 2175 1
17961 2175 1
17962 2175 1
17963 2175 1
17964 2175 1
17965 2175 1
17966 2175 1
17967 2175 1
17968 2175 1
17969 2175 1
17970 2175 1
17971 2175 1
17972 2175 1
17973 2175 1
17974 2175 1
17975 2175 1
17976 2175 1
17977 2175 1
17978 2175 1
17979 2175 1
17980 2175 1
17981 2175 1
4135 2176 1
4721 2176 1
5071 2176 1
9609 2176 1
9808 2176 1
10566 2176 1
10902 2176 1
11027 2176 1
12585 2176 1
12993 2176 1
13288 2176 1
13430 2176 1
14235 2176 1
14275 2176 1
14508 2176 1
14569 2176 1
14614 2176 1
14615 2176 1
15536 2176 1
15700 2176 1
15712 2176 1
17939 2176 1
17945 2176 1
17969 2176 1
17975 2176 1
17977 2176 1
18037 2176 1
18059 2176 1
19222 2176 1
19366 2176 1
19682 2176 1
19683 2176 1
19918 2176 1
19919 2176 1
19920 2176 1
19921 2176 1
19922 2176 1
19923 2176 1
19924 2176 1
19925 2176 1
19926 2176 1
19927 2176 1
19928 2176 1
19929 2176 1
19930 2176 1
19931 2176 1
19932 2176 1
19933 2176 1
19934 2176 1
19935 2176 1
19936 2176 1
19937 2176 1
14719 2177 1
2180 2179 1
2181 2179 1
2183 2180 1
4437 2180 1
8693 2180 1
8749 2180 1
9965 2180 1
10035 2180 1
10553 2180 1
10678 2180 1
10741 2180 1
11131 2180 1
16596 2180 1
19939 2180 1
22195 2180 1
22540 2180 1
23199 2180 1
24704 2180 1
25535 2180 1
25751 2180 1
2919 2181 1
10515 2181 1
14293 2181 1
15120 2181 1
16861 2181 1
17980 2181 1
21373 2181 1
24845 2181 1
25004 2181 1
25940 2181 1
2184 2183 1
2875 2184 1
2939 2184 1
3202 2184 1
4945 2184 1
5847 2184 1
9491 2184 1
9493 2184 1
9945 2184 1
10020 2184 1
10351 2184 1
12771 2184 1
14322 2184 1
14323 2184 1
14324 2184 1
2187 2186 1
7910 2187 1
23776 2187 1
2191 2190 1
2192 2190 1
2193 2190 1
2194 2190 1
2195 2190 1
3861 2191 1
2605 2192 1
4021 2193 1
18495 2195 1
2199 2198 1
2262 2199 1
9184 2199 1
14720 2199 1
19684 2199 1
23277 2199 1
25513 2199 1
26348 2199 1
2204 2203 1
2205 2203 1
2206 2203 1
2207 2203 1
6240 2205 1
6241 2205 1
6242 2205 1
6243 2205 1
2214 2213 1
11104 2214 1
11106 2214 1
2217 2216 1
3767 2217 1
3768 2217 1
3769 2217 1
3770 2217 1
3771 2217 1
3772 2217 1
3773 2217 1
3774 2217 1
3775 2217 1
3776 2217 1
3777 2217 1
3778 2217 1
2221 2220 1
13799 2221 1
2224 2223 1
20523 2224 1
2226 2225 1
6411 2226 1
6678 2226 1
8611 2226 1
12258 2226 1
14842 2226 1
16906 2226 1
17817 2226 1
18998 2226 1
26074 2226 1
5015 2230 1
18283 2230 1
24639 2230 1
2417 2232 1
2417 2233 1
6088 2233 1
6552 2233 1
11227 2233 1
11550 2233 1
14341 2233 1
16115 2233 1
16558 2233 1
18283 2233 1
18723 2233 1
19837 2233 1
21633 2233 1
23885 2233 1
24723 2233 1
26262 2233 1
26436 2233 1
2236 2235 1
4228 2236 1
4439 2236 1
4866 2236 1
11490 2236 1
15629 2236 1
15884 2236 1
18162 2236 1
19302 2236 1
20649 2236 1
22173 2236 1
22174 2236 1
22175 2236 1
2239 2238 1
2240 2238 1
2241 2238 1
5132 2239 1
12955 2239 1
14328 2239 1
16178 2239 1
16180 2239 1
19526 2239 1
22370 2239 1
22371 2239 1
22372 2239 1
3629 2240 1
3940 2240 1
4084 2240 1
11144 2240 1
16178 2240 1
20295 2240 1
21725 2240 1
25039 2240 1
25040 2240 1
2249 2248 1
2866 2249 1
5063 2249 1
5273 2249 1
6334 2249 1
6504 2249 1
9093 2249 1
9199 2249 1
9727 2249 1
9781 2249 1
10122 2249 1
10239 2249 1
10739 2249 1
11190 2249 1
12880 2249 1
13964 2249 1
14702 2249 1
15385 2249 1
15607 2249 1
15667 2249 1
16588 2249 1
17492 2249 1
17567 2249 1
17582 2249 1
17668 2249 1
18273 2249 1
18301 2249 1
19206 2249 1
19432 2249 1
19434 2249 1
20216 2249 1
21663 2249 1
21954 2249 1
22191 2249 1
22254 2249 1
22711 2249 1
23673 2249 1
23726 2249 1
24435 2249 1
24988 2249 1
25105 2249 1
25305 2249 1
26030 2249 1
26280 2249 1
2251 2250 1
2252 2250 1
2260 2259 1
10460 2260 1
2262 2261 1
2263 2261 1
16703 2262 1
3026 2263 1
4312 2263 1
15588 2263 1
18240 2263 1
21420 2263 1
22546 2263 1
2267 2266 1
3046 2267 1
3814 2267 1
5195 2267 1
8538 2267 1
9377 2267 1
13708 2267 1
13891 2267 1
14154 2267 1
14156 2267 1
14270 2267 1
14523 2267 1
14902 2267 1
15401 2267 1
15554 2267 1
15809 2267 1
16528 2267 1
16979 2267 1
17141 2267 1
17730 2267 1
18815 2267 1
19218 2267 1
19283 2267 1
19482 2267 1
19880 2267 1
19973 2267 1
20791 2267 1
22339 2267 1
23008 2267 1
23868 2267 1
23869 2267 1
23870 2267 1
2269 2268 1
2270 2268 1
18546 2269 1
22418 2269 1
4883 2270 1
5847 2270 1
12532 2270 1
17874 2270 1
2273 2272 1
2276 2275 1
2415 2276 1
2487 2276 1
3077 2276 1
3369 2276 1
4918 2276 1
6376 2276 1
8105 2276 1
11214 2276 1
11423 2276 1
12838 2276 1
14802 2276 1
14813 2276 1
16679 2276 1
18446 2276 1
23907 2276 1
24002 2276 1
24007 2276 1
25686 2276 1
26150 2276 1
26158 2276 1
26473 2276 1
2278 2277 1
2723 2278 1
2280 2279 1
2316 2280 1
2726 2280 1
2851 2280 1
3811 2280 1
4295 2280 1
5299 2280 1
8198 2280 1
8254 2280 1
8431 2280 1
8513 2280 1
10949 2280 1
11705 2280 1
12956 2280 1
13013 2280 1
13074 2280 1
14509 2280 1
15702 2280 1
15752 2280 1
17845 2280 1
19381 2280 1
19478 2280 1
19681 2280 1
21249 2280 1
21256 2280 1
21322 2280 1
21462 2280 1
21493 2280 1
21500 2280 1
21511 2280 1
22699 2280 1
22700 2280 1
17911 2281 1
18628 2281 1
22912 2281 1
24467 2281 1
24468 2281 1
6631 2282 1
6632 2282 1
2285 2284 1
2286 2284 1
2287 2284 1
2288 2284 1
2289 2284 1
2290 2284 1
2291 2284 1
2292 2284 1
2293 2284 1
2294 2284 1
2295 2284 1
2296 2284 1
2297 2284 1
2298 2284 1
2299 2284 1
2300 2284 1
2301 2284 1
2302 2284 1
2303 2284 1
2304 2284 1
2925 2285 1
2304 2286 1
2304 2287 1
20429 2287 1
2304 2290 1
2304 2291 1
2304 2294 1
2302 2295 1
2304 2296 1
2304 2297 1
2333 2297 1
2459 2297 1
2470 2297 1
2665 2297 1
2926 2297 1
2929 2297 1
3310 2297 1
3509 2297 1
3908 2297 1
4035 2297 1
4413 2297 1
4977 2297 1
5079 2297 1
5306 2297 1
5912 2297 1
5962 2297 1
6008 2297 1
6213 2297 1
6417 2297 1
6469 2297 1
8831 2297 1
9642 2297 1
9677 2297 1
10684 2297 1
10833 2297 1
10918 2297 1
11155 2297 1
11156 2297 1
11157 2297 1
11403 2297 1
11680 2297 1
13080 2297 1
13254 2297 1
13644 2297 1
13687 2297 1
13939 2297 1
13960 2297 1
13988 2297 1
15926 2297 1
15957 2297 1
15960 2297 1
17077 2297 1
19699 2297 1
20414 2297 1
20415 2297 1
20416 2297 1
20417 2297 1
20418 2297 1
20419 2297 1
2302 2298 1
2304 2298 1
2304 2299 1
2304 2302 1
15129 2302 1
15955 2302 1
18914 2302 1
18915 2302 1
18916 2302 1
15955 2304 1
21113 2304 1
2307 2306 1
2308 2306 1
2784 2307 1
2991 2307 1
3388 2307 1
4368 2307 1
4761 2307 1
5148 2307 1
6611 2307 1
7015 2307 1
10475 2307 1
10817 2307 1
11384 2307 1
11386 2307 1
12554 2307 1
13031 2307 1
15029 2307 1
15979 2307 1
16037 2307 1
16038 2307 1
16039 2307 1
16040 2307 1
16041 2307 1
16042 2307 1
16043 2307 1
16044 2307 1
16045 2307 1
16046 2307 1
16047 2307 1
16048 2307 1
16049 2307 1
16050 2307 1
16051 2307 1
16052 2307 1
16053 2307 1
16054 2307 1
16055 2307 1
16056 2307 1
16057 2307 1
16058 2307 1
16059 2307 1
16060 2307 1
16061 2307 1
16062 2307 1
16063 2307 1
16064 2307 1
16065 2307 1
16066 2307 1
16067 2307 1
16068 2307 1
16069 2307 1
3008 2308 1
10486 2312 1
10576 2312 1
10736 2312 1
10778 2312 1
18612 2312 1
18613 2312 1
18614 2312 1
18615 2312 1
3309 2314 1
3495 2314 1
3534 2314 1
3879 2314 1
3880 2314 1
3881 2314 1
3882 2314 1
2498 2316 1
2565 2316 1
2566 2316 1
2846 2316 1
2917 2316 1
2992 2316 1
3024 2316 1
3138 2316 1
3470 2316 1
3811 2316 1
3978 2316 1
3987 2316 1
3990 2316 1
5031 2316 1
6982 2316 1
7204 2316 1
7268 2316 1
7756 2316 1
8643 2316 1
8771 2316 1
9876 2316 1
9885 2316 1
9886 2316 1
9887 2316 1
9888 2316 1
9889 2316 1
9890 2316 1
9891 2316 1
9892 2316 1
9893 2316 1
9894 2316 1
9895 2316 1
9896 2316 1
9897 2316 1
9898 2316 1
9899 2316 1
9900 2316 1
9901 2316 1
9902 2316 1
9903 2316 1
9904 2316 1
9905 2316 1
9906 2316 1
9907 2316 1
9908 2316 1
9909 2316 1
9910 2316 1
9911 2316 1
9912 2316 1
9913 2316 1
9914 2316 1
9915 2316 1
9916 2316 1
9917 2316 1
9918 2316 1
9919 2316 1
9920 2316 1
9921 2316 1
9922 2316 1
2356 2318 1
2349 2319 1
11903 2319 1
2417 2320 1
20070 2320 1
3000 2321 1
4275 2321 1
4276 2321 1
4277 2321 1
4278 2321 1
4279 2321 1
4280 2321 1
4281 2321 1
4282 2321 1
4283 2321 1
4284 2321 1
4285 2321 1
4286 2321 1
4287 2321 1
4288 2321 1
3613 2322 1
2429 2323 1
2491 2327 1
2704 2327 1
2723 2327 1
3061 2327 1
3118 2327 1
2372 2328 1
6532 2329 1
25542 2329 1
25605 2329 1
24924 2331 1
2459 2333 1
3584 2333 1
4413 2333 1
4655 2333 1
5296 2333 1
6142 2333 1
8773 2333 1
13800 2333 1
15216 2333 1
15645 2333 1
18474 2333 1
19716 2333 1
20702 2333 1
20747 2333 1
21182 2333 1
22278 2333 1
22607 2333 1
22939 2333 1
22940 2333 1
22941 2333 1
22942 2333 1
22943 2333 1
22944 2333 1
22945 2333 1
4469 2336 1
4470 2336 1
6870 2336 1
9562 2336 1
9563 2336 1
9564 2336 1
9565 2336 1
9566 2336 1
9567 2336 1
9568 2336 1
3122 2337 1
3534 2337 1
4007 2337 1
4008 2337 1
4160 2337 1
4161 2337 1
4393 2337 1
4850 2337 1
5119 2337 1
7436 2337 1
11454 2337 1
11691 2337 1
11701 2337 1
12721 2337 1
13470 2337 1
13916 2337 1
14062 2337 1
14063 2337 1
14064 2337 1
14065 2337 1
14066 2337 1
15153 2337 1
15363 2337 1
15800 2337 1
15913 2337 1
16127 2337 1
18635 2337 1
19585 2337 1
19809 2337 1
19988 2337 1
23119 2337 1
23902 2337 1
25371 2337 1
25683 2337 1
25800 2337 1
26364 2337 1
4249 2338 1
2354 2339 1
2368 2339 1
2417 2339 1
2545 2339 1
2649 2339 1
3545 2339 1
3802 2339 1
3898 2339 1
4406 2339 1
4832 2339 1
4882 2339 1
5002 2339 1
5045 2339 1
5067 2339 1
5301 2339 1
5326 2339 1
5660 2339 1
9541 2339 1
9571 2339 1
9572 2339 1
9573 2339 1
9574 2339 1
9575 2339 1
9576 2339 1
9577 2339 1
9578 2339 1
9579 2339 1
9580 2339 1
9581 2339 1
9582 2339 1
9583 2339 1
9584 2339 1
9585 2339 1
9586 2339 1
9587 2339 1
9588 2339 1
9589 2339 1
9590 2339 1
9591 2339 1
9592 2339 1
9593 2339 1
9594 2339 1
9595 2339 1
9596 2339 1
9597 2339 1
9598 2339 1
9599 2339 1
9600 2339 1
9601 2339 1
9602 2339 1
2429 2341 1
4150 2342 1
4198 2342 1
5154 2342 1
5189 2342 1
8685 2342 1
10294 2342 1
10400 2342 1
15220 2342 1
16636 2342 1
17143 2342 1
19111 2342 1
19583 2342 1
20159 2342 1
23254 2342 1
24449 2342 1
24996 2342 1
25147 2342 1
25762 2342 1
25776 2342 1
25992 2342 1
26200 2342 1
26231 2342 1
26456 2342 1
2459 2343 1
2467 2343 1
2634 2343 1
3425 2343 1
4994 2343 1
5006 2343 1
5127 2343 1
6556 2343 1
7706 2343 1
8586 2343 1
11472 2343 1
11502 2343 1
11899 2343 1
12840 2343 1
13378 2343 1
14347 2343 1
15209 2343 1
16371 2343 1
16372 2343 1
16384 2343 1
16406 2343 1
17111 2343 1
18647 2343 1
18868 2343 1
18869 2343 1
18870 2343 1
18871 2343 1
18872 2343 1
18873 2343 1
18874 2343 1
18875 2343 1
18876 2343 1
18877 2343 1
18878 2343 1
18879 2343 1
18880 2343 1
18881 2343 1
18882 2343 1
18883 2343 1
18884 2343 1
2429 2344 1
3744 2344 1
4126 2344 1
9265 2344 1
16029 2344 1
16030 2344 1
18893 2344 1
20005 2344 1
20202 2344 1
20203 2344 1
20204 2344 1
20205 2344 1
20206 2344 1
20207 2344 1
20208 2344 1
20209 2344 1
2429 2345 1
2429 2347 1
4837 2348 1
2414 2349 1
3744 2349 1
5905 2349 1
6454 2349 1
6517 2349 1
6526 2349 1
11711 2349 1
11712 2349 1
11934 2349 1
11936 2349 1
14417 2349 1
14419 2349 1
19803 2349 1
20008 2349 1
20815 2349 1
20824 2349 1
20825 2349 1
23251 2349 1
23414 2349 1
23877 2349 1
23878 2349 1
24927 2349 1
26255 2349 1
2365 2350 1
6308 2350 1
25522 2350 1
11538 2352 1
2372 2353 1
4427 2354 1
9604 2354 1
11130 2354 1
19139 2354 1
2398 2356 1
20029 2356 1
21116 2356 1
23765 2356 1
26044 2356 1
2398 2357 1
2400 2360 1
2429 2360 1
2635 2361 1
2774 2361 1
5110 2361 1
6197 2361 1
7174 2361 1
8838 2361 1
9189 2361 1
9317 2361 1
9325 2361 1
9331 2361 1
9337 2361 1
9344 2361 1
9347 2361 1
9348 2361 1
9364 2361 1
9367 2361 1
9368 2361 1
9373 2361 1
9518 2361 1
10089 2361 1
10783 2361 1
10819 2361 1
10981 2361 1
11558 2361 1
11877 2361 1
13556 2361 1
13865 2361 1
14408 2361 1
14671 2361 1
15209 2361 1
15364 2361 1
16024 2361 1
16678 2361 1
16990 2361 1
17137 2361 1
18411 2361 1
18422 2361 1
18428 2361 1
20100 2361 1
20104 2361 1
20267 2361 1
20794 2361 1
21336 2361 1
22713 2361 1
22716 2361 1
22839 2361 1
23212 2361 1
23319 2361 1
23325 2361 1
23330 2361 1
23336 2361 1
23342 2361 1
23344 2361 1
24650 2361 1
24659 2361 1
24675 2361 1
24691 2361 1
24953 2361 1
25158 2361 1
25159 2361 1
25160 2361 1
25161 2361 1
16029 2362 1
16030 2362 1
4651 2364 1
6309 2364 1
2429 2367 1
12960 2367 1
3065 2368 1
8541 2368 1
11455 2368 1
11861 2368 1
14194 2368 1
14942 2368 1
22361 2368 1
2398 2371 1
2395 2372 1
3534 2372 1
3611 2372 1
3612 2372 1
3613 2372 1
3614 2372 1
3615 2372 1
3616 2372 1
3617 2372 1
3618 2372 1
2493 2374 1
2592 2374 1
2632 2374 1
2779 2374 1
2984 2374 1
3046 2374 1
3074 2374 1
3204 2374 1
3320 2374 1
3415 2374 1
3526 2374 1
4849 2374 1
4971 2374 1
5870 2374 1
5951 2374 1
5959 2374 1
6253 2374 1
6295 2374 1
6451 2374 1
7062 2374 1
8052 2374 1
8369 2374 1
8517 2374 1
9244 2374 1
9250 2374 1
10039 2374 1
10406 2374 1
10756 2374 1
10887 2374 1
10940 2374 1
13452 2374 1
14691 2374 1
14952 2374 1
15131 2374 1
15996 2374 1
16085 2374 1
17568 2374 1
18377 2374 1
18832 2374 1
20065 2374 1
21362 2374 1
22957 2374 1
23192 2374 1
23193 2374 1
23194 2374 1
23195 2374 1
23196 2374 1
3611 2375 1
22010 2375 1
16747 2377 1
4647 2379 1
16505 2379 1
16684 2379 1
2382 2381 1
15887 2381 1
15888 2381 1
2429 2382 1
3618 2382 1
11912 2382 1
11924 2382 1
11926 2382 1
2429 2386 1
2398 2390 1
6533 2390 1
14566 2390 1
16858 2390 1
20259 2390 1
22252 2390 1
2429 2392 1
2417 2394 1
2429 2397 1
2429 2398 1
6532 2398 1
11407 2398 1
11538 2398 1
11940 2398 1
14872 2398 1
16970 2398 1
17069 2398 1
18531 2398 1
19290 2398 1
19877 2398 1
20259 2398 1
20260 2398 1
20261 2398 1
20262 2398 1
20263 2398 1
20264 2398 1
20265 2398 1
20266 2398 1
19962 2399 1
2429 2400 1
11905 2400 1
15027 2400 1
15891 2400 1
22243 2400 1
22251 2400 1
3534 2402 1
3534 2403 1
6342 2403 1
6504 2403 1
9234 2403 1
13566 2403 1
13583 2403 1
15247 2403 1
15248 2403 1
15249 2403 1
15250 2403 1
15251 2403 1
15252 2403 1
15253 2403 1
15254 2403 1
15255 2403 1
15256 2403 1
15257 2403 1
15258 2403 1
15259 2403 1
15260 2403 1
11538 2404 1
15008 2405 1
4837 2406 1
14485 2408 1
2429 2410 1
6518 2410 1
6530 2410 1
5280 2412 1
9142 2412 1
13480 2412 1
13481 2412 1
11907 2414 1
11928 2414 1
14482 2414 1
14483 2414 1
14484 2414 1
14485 2414 1
14486 2414 1
14487 2414 1
3122 2415 1
6317 2415 1
14785 2415 1
17833 2415 1
19072 2415 1
20305 2415 1
21479 2415 1
22579 2415 1
16503 2416 1
16504 2416 1
2428 2417 1
3089 2417 1
3412 2417 1
3450 2417 1
3554 2417 1
3596 2417 1
3745 2417 1
4026 2417 1
4075 2417 1
4182 2417 1
4230 2417 1
4290 2417 1
4640 2417 1
4684 2417 1
4805 2417 1
4874 2417 1
4882 2417 1
4991 2417 1
4996 2417 1
5002 2417 1
5175 2417 1
5589 2417 1
5687 2417 1
6005 2417 1
6114 2417 1
6442 2417 1
6506 2417 1
6520 2417 1
6562 2417 1
6607 2417 1
6643 2417 1
6658 2417 1
6684 2417 1
6692 2417 1
6716 2417 1
6719 2417 1
6727 2417 1
6738 2417 1
6800 2417 1
6869 2417 1
6897 2417 1
6903 2417 1
6936 2417 1
6940 2417 1
6965 2417 1
6976 2417 1
7001 2417 1
7011 2417 1
7019 2417 1
7023 2417 1
7033 2417 1
7058 2417 1
7059 2417 1
7061 2417 1
7081 2417 1
7092 2417 1
7130 2417 1
7185 2417 1
7205 2417 1
7235 2417 1
7322 2417 1
7337 2417 1
7373 2417 1
7375 2417 1
7392 2417 1
7417 2417 1
7424 2417 1
7426 2417 1
7450 2417 1
7456 2417 1
7462 2417 1
7474 2417 1
7508 2417 1
7525 2417 1
7543 2417 1
7546 2417 1
7590 2417 1
7614 2417 1
7621 2417 1
7669 2417 1
7693 2417 1
7711 2417 1
7740 2417 1
7761 2417 1
7776 2417 1
7778 2417 1
7784 2417 1
7810 2417 1
7814 2417 1
7836 2417 1
7874 2417 1
7926 2417 1
7929 2417 1
7960 2417 1
7996 2417 1
8022 2417 1
8040 2417 1
8045 2417 1
8050 2417 1
8054 2417 1
8059 2417 1
8091 2417 1
8130 2417 1
8207 2417 1
8212 2417 1
8263 2417 1
8283 2417 1
8290 2417 1
8361 2417 1
8362 2417 1
8363 2417 1
8384 2417 1
8403 2417 1
8443 2417 1
8444 2417 1
8492 2417 1
8514 2417 1
8524 2417 1
8527 2417 1
8540 2417 1
8541 2417 1
8544 2417 1
8570 2417 1
8581 2417 1
8609 2417 1
8620 2417 1
9593 2417 1
11053 2417 1
11076 2417 1
11850 2417 1
12529 2417 1
12650 2417 1
12657 2417 1
12678 2417 1
13621 2417 1
13625 2417 1
16365 2417 1
17789 2417 1
18035 2417 1
18278 2417 1
18875 2417 1
20358 2417 1
21777 2417 1
22247 2417 1
22436 2417 1
22739 2417 1
24510 2417 1
24813 2417 1
24899 2417 1
25408 2417 1
25552 2417 1
25608 2417 1
25609 2417 1
20705 2418 1
5870 2419 1
8736 2419 1
15941 2419 1
17671 2419 1
4720 2421 1
5847 2421 1
11820 2421 1
15005 2421 1
15047 2421 1
16822 2421 1
17941 2421 1
19930 2421 1
21373 2421 1
23796 2421 1
24012 2421 1
25523 2421 1
2828 2422 1
4799 2422 1
4834 2422 1
9024 2422 1
11793 2422 1
12678 2422 1
12837 2422 1
22051 2422 1
6308 2423 1
22696 2425 1
15563 2426 1
3395 2429 1
4126 2429 1
4688 2429 1
6308 2429 1
6459 2429 1
6507 2429 1
6508 2429 1
6511 2429 1
6512 2429 1
6521 2429 1
6529 2429 1
9603 2429 1
11407 2429 1
11712 2429 1
11723 2429 1
11902 2429 1
12529 2429 1
13867 2429 1
14419 2429 1
14482 2429 1
15111 2429 1
15112 2429 1
16281 2429 1
16282 2429 1
16857 2429 1
16859 2429 1
16860 2429 1
16900 2429 1
16970 2429 1
17073 2429 1
17794 2429 1
18456 2429 1
18794 2429 1
19290 2429 1
19389 2429 1
19962 2429 1
20071 2429 1
20072 2429 1
20206 2429 1
20259 2429 1
20260 2429 1
20705 2429 1
20823 2429 1
20894 2429 1
21683 2429 1
22010 2429 1
22239 2429 1
22240 2429 1
22241 2429 1
22242 2429 1
22243 2429 1
22244 2429 1
22245 2429 1
22246 2429 1
22247 2429 1
22248 2429 1
22249 2429 1
22250 2429 1
22251 2429 1
22252 2429 1
2435 2434 1
2438 2437 1
2439 2437 1
3650 2438 1
6439 2438 1
6546 2438 1
7457 2438 1
8812 2438 1
14532 2438 1
17438 2438 1
20530 2438 1
25212 2438 1
2443 2442 1
6580 2443 1
15606 2443 1
22350 2443 1
2447 2446 1
2451 2450 1
9193 2451 1
3264 2455 1
3492 2455 1
5003 2455 1
5940 2455 1
5956 2455 1
6566 2455 1
6570 2455 1
6574 2455 1
6575 2455 1
6578 2455 1
6581 2455 1
6583 2455 1
6586 2455 1
7252 2455 1
7630 2455 1
8210 2455 1
9752 2455 1
9753 2455 1
9754 2455 1
9755 2455 1
9756 2455 1
9757 2455 1
9758 2455 1
9759 2455 1
9760 2455 1
9761 2455 1
9762 2455 1
9763 2455 1
9764 2455 1
9765 2455 1
9766 2455 1
9767 2455 1
9768 2455 1
9769 2455 1
9770 2455 1
9771 2455 1
9772 2455 1
9773 2455 1
9774 2455 1
9775 2455 1
9776 2455 1
9777 2455 1
9778 2455 1
9779 2455 1
9780 2455 1
2459 2458 1
2580 2459 1
2826 2459 1
3245 2459 1
3584 2459 1
3587 2459 1
4508 2459 1
4615 2459 1
4698 2459 1
5890 2459 1
5934 2459 1
9220 2459 1
9677 2459 1
10015 2459 1
10115 2459 1
11007 2459 1
13327 2459 1
14349 2459 1
15025 2459 1
15342 2459 1
15554 2459 1
15565 2459 1
15954 2459 1
20181 2459 1
20419 2459 1
20761 2459 1
20834 2459 1
21091 2459 1
23184 2459 1
23185 2459 1
23186 2459 1
2465 2464 1
4404 2465 1
12985 2465 1
13336 2465 1
2467 2466 1
2468 2466 1
2840 2467 1
4566 2467 1
4569 2467 1
4574 2467 1
4576 2467 1
4578 2467 1
4582 2467 1
4587 2467 1
4592 2467 1
4593 2467 1
4598 2467 1
4605 2467 1
5310 2467 1
5847 2467 1
11005 2467 1
14531 2467 1
14734 2467 1
15539 2467 1
16587 2467 1
16896 2467 1
18028 2467 1
18029 2467 1
18030 2467 1
18033 2467 1
18348 2467 1
18388 2467 1
18647 2467 1
18884 2467 1
19385 2467 1
23835 2467 1
24586 2467 1
25316 2467 1
25581 2467 1
25616 2467 1
25950 2467 1
26295 2467 1
26384 2467 1
4194 2468 1
4568 2468 1
4575 2468 1
4577 2468 1
4583 2468 1
4588 2468 1
4590 2468 1
4593 2468 1
4594 2468 1
4596 2468 1
4597 2468 1
4601 2468 1
5117 2468 1
5310 2468 1
8966 2468 1
10961 2468 1
15631 2468 1
16587 2468 1
18027 2468 1
18028 2468 1
18029 2468 1
18030 2468 1
18031 2468 1
18032 2468 1
18033 2468 1
18034 2468 1
2470 2469 1
8811 2470 1
9642 2470 1
12510 2470 1
15954 2470 1
16518 2470 1
16519 2470 1
17779 2470 1
19650 2470 1
20314 2470 1
20315 2470 1
20316 2470 1
20317 2470 1
20318 2470 1
2473 2472 1
2474 2472 1
4073 2473 1
4952 2473 1
4984 2473 1
9605 2473 1
10934 2473 1
11455 2473 1
20303 2473 1
22705 2473 1
22875 2473 1
24486 2473 1
24487 2473 1
24488 2473 1
11454 2474 1
2476 2475 1
2720 2476 1
2880 2476 1
3440 2476 1
5716 2476 1
7453 2476 1
10465 2476 1
11220 2476 1
11422 2476 1
12127 2476 1
12351 2476 1
13653 2476 1
15854 2476 1
16098 2476 1
21257 2476 1
23256 2476 1
23610 2476 1
23798 2476 1
24998 2476 1
25378 2476 1
2478 2477 1
2479 2477 1
4499 2478 1
4693 2478 1
6136 2478 1
6364 2478 1
7304 2478 1
9808 2478 1
9825 2478 1
10930 2478 1
11734 2478 1
13853 2478 1
14146 2478 1
14249 2478 1
14573 2478 1
14697 2478 1
16814 2478 1
17868 2478 1
17972 2478 1
18442 2478 1
19071 2478 1
19366 2478 1
19808 2478 1
19959 2478 1
20398 2478 1
20765 2478 1
21993 2478 1
22335 2478 1
23277 2478 1
23879 2478 1
24646 2478 1
24697 2478 1
24703 2478 1
24725 2478 1
24803 2478 1
24997 2478 1
25110 2478 1
25709 2478 1
26339 2478 1
26345 2478 1
26346 2478 1
26347 2478 1
26348 2478 1
6561 2479 1
21212 2479 1
2481 2480 1
2482 2480 1
2483 2480 1
2484 2480 1
9585 2481 1
11466 2481 1
12592 2481 1
14931 2481 1
18653 2481 1
9597 2482 1
23974 2482 1
2487 2486 1
2488 2486 1
9862 2487 1
17086 2487 1
23268 2487 1
3081 2488 1
4898 2488 1
5004 2488 1
5931 2488 1
7022 2488 1
9861 2488 1
18547 2488 1
19446 2488 1
20876 2488 1
24690 2488 1
25156 2488 1
25678 2488 1
25954 2488 1
25991 2488 1
2491 2490 1
2640 2491 1
2698 2491 1
2813 2491 1
3179 2491 1
3528 2491 1
3879 2491 1
3880 2491 1
4132 2491 1
4297 2491 1
5722 2491 1
6219 2491 1
6298 2491 1
6489 2491 1
6754 2491 1
7043 2491 1
7249 2491 1
8369 2491 1
8532 2491 1
8992 2491 1
9069 2491 1
9120 2491 1
9721 2491 1
9916 2491 1
10492 2491 1
10898 2491 1
11400 2491 1
12679 2491 1
13761 2491 1
16589 2491 1
16686 2491 1
16934 2491 1
17246 2491 1
17416 2491 1
17624 2491 1
17821 2491 1
19054 2491 1
19195 2491 1
19595 2491 1
20215 2491 1
20905 2491 1
21463 2491 1
22563 2491 1
22773 2491 1
22926 2491 1
23012 2491 1
23044 2491 1
23714 2491 1
24275 2491 1
24504 2491 1
24832 2491 1
24913 2491 1
25192 2491 1
25193 2491 1
25194 2491 1
2493 2492 1
2494 2492 1
4236 2493 1
8645 2493 1
10528 2493 1
11662 2493 1
14181 2493 1
15217 2493 1
19764 2493 1
21978 2493 1
22805 2493 1
22834 2493 1
23045 2493 1
25211 2493 1
26057 2493 1
2497 2496 1
3814 2497 1
5756 2497 1
5783 2497 1
5789 2497 1
5796 2497 1
5814 2497 1
6175 2497 1
11043 2497 1
11470 2497 1
11670 2497 1
12647 2497 1
12833 2497 1
13305 2497 1
13673 2497 1
14095 2497 1
14755 2497 1
15697 2497 1
16434 2497 1
18813 2497 1
19250 2497 1
19254 2497 1
20001 2497 1
22070 2497 1
22316 2497 1
22825 2497 1
22946 2497 1
23027 2497 1
23070 2497 1
23363 2497 1
23364 2497 1
23365 2497 1
23366 2497 1
23367 2497 1
23368 2497 1
23369 2497 1
23370 2497 1
23371 2497 1
23372 2497 1
23373 2497 1
23374 2497 1
23375 2497 1
2500 2499 1
19507 2500 1
2502 2501 1
6382 2502 1
16347 2502 1
16348 2502 1
16349 2502 1
2505 2504 1
3629 2505 1
10978 2505 1
21596 2505 1
22464 2505 1
2507 2506 1
2508 2506 1
2509 2506 1
2510 2506 1
2511 2506 1
2512 2506 1
2510 2507 1
2510 2509 1
2511 2509 1
5210 2509 1
15034 2509 1
22037 2509 1
14115 2510 1
15031 2510 1
15032 2510 1
15033 2510 1
15034 2510 1
2514 2513 1
6181 2514 1
8506 2514 1
13705 2514 1
14894 2514 1
14895 2514 1
14896 2514 1
14897 2514 1
14898 2514 1
14899 2514 1
14900 2514 1
14901 2514 1
14902 2514 1
14903 2514 1
14904 2514 1
14905 2514 1
14906 2514 1
14907 2514 1
14908 2514 1
14909 2514 1
14910 2514 1
14911 2514 1
14912 2514 1
2516 2515 1
2518 2517 1
10934 2518 1
2521 2520 1
3549 2521 1
3655 2521 1
4076 2521 1
4195 2521 1
4243 2521 1
4244 2521 1
4245 2521 1
4246 2521 1
4247 2521 1
4248 2521 1
4249 2521 1
4250 2521 1
4251 2521 1
4252 2521 1
4253 2521 1
4254 2521 1
4255 2521 1
4256 2521 1
4257 2521 1
4258 2521 1
4259 2521 1
4260 2521 1
4261 2521 1
4262 2521 1
4263 2521 1
4264 2521 1
2523 2522 1
3178 2523 1
3682 2523 1
14480 2523 1
2526 2525 1
14944 2526 1
2528 2527 1
16202 2528 1
24117 2528 1
25424 2528 1
2530 2529 1
2717 2530 1
2737 2530 1
3419 2530 1
5829 2530 1
6183 2530 1
7354 2530 1
8253 2530 1
8379 2530 1
9650 2530 1
12684 2530 1
13319 2530 1
13474 2530 1
13681 2530 1
13683 2530 1
13772 2530 1
14299 2530 1
14731 2530 1
15527 2530 1
15837 2530 1
15894 2530 1
15934 2530 1
16015 2530 1
16271 2530 1
16723 2530 1
19740 2530 1
21892 2530 1
21893 2530 1
21896 2530 1
22551 2530 1
22918 2530 1
24115 2530 1
24544 2530 1
25021 2530 1
25034 2530 1
25035 2530 1
25036 2530 1
2533 2532 1
2729 2533 1
3134 2533 1
4365 2533 1
6023 2533 1
6219 2533 1
6714 2533 1
8485 2533 1
10267 2533 1
14830 2533 1
14886 2533 1
16480 2533 1
17302 2533 1
17538 2533 1
17571 2533 1
17744 2533 1
18918 2533 1
18928 2533 1
23651 2533 1
23734 2533 1
24257 2533 1
24523 2533 1
26324 2533 1
2536 2535 1
5089 2536 1
2538 2537 1
2539 2537 1
3678 2538 1
6332 2538 1
13513 2538 1
19262 2538 1
5914 2539 1
6346 2539 1
6473 2539 1
15156 2539 1
15806 2539 1
18126 2539 1
18131 2539 1
18134 2539 1
18157 2539 1
18171 2539 1
18299 2539 1
18529 2539 1
19213 2539 1
19804 2539 1
22983 2539 1
24810 2539 1
25396 2539 1
25397 2539 1
25398 2539 1
25399 2539 1
25400 2539 1
2544 2543 1
2545 2543 1
3802 2544 1
4043 2544 1
6656 2544 1
9385 2544 1
10112 2544 1
11377 2544 1
11884 2544 1
12721 2544 1
12921 2544 1
12940 2544 1
14071 2544 1
16997 2544 1
17121 2544 1
17837 2544 1
17841 2544 1
19892 2544 1
22488 2544 1
22915 2544 1
24525 2544 1
25356 2544 1
25801 2544 1
26023 2544 1
4850 2545 1
2549 2548 1
15129 2549 1
16763 2549 1
16963 2549 1
22167 2549 1
23099 2549 1
23100 2549 1
23101 2549 1
23102 2549 1
23103 2549 1
2551 2550 1
9859 2551 1
9860 2551 1
9861 2551 1
9862 2551 1
2554 2553 1
9403 2554 1
18332 2554 1
24509 2554 1
2556 2555 1
2557 2555 1
2840 2556 1
5293 2556 1
19528 2556 1
21078 2556 1
21079 2556 1
3226 2557 1
14745 2557 1
21077 2557 1
21078 2557 1
21079 2557 1
2563 2562 1
2564 2562 1
4715 2563 1
9213 2563 1
14443 2563 1
18391 2563 1
20995 2563 1
20999 2563 1
2566 2565 1
7010 2566 1
2570 2569 1
18282 2570 1
2572 2571 1
6030 2572 1
2574 2573 1
6986 2574 1
10519 2574 1
11202 2574 1
11203 2574 1
11204 2574 1
11205 2574 1
11206 2574 1
11207 2574 1
11208 2574 1
11209 2574 1
11210 2574 1
11211 2574 1
11212 2574 1
11213 2574 1
11214 2574 1
11215 2574 1
11216 2574 1
11217 2574 1
2926 2580 1
16103 2580 1
2717 2581 1
3824 2582 1
15784 2582 1
16645 2582 1
8609 2586 1
15584 2586 1
15585 2586 1
15586 2586 1
3360 2589 1
11185 2589 1
18590 2589 1
3120 2596 1
3539 2596 1
10461 2596 1
13541 2596 1
3877 2597 1
9533 2597 1
9534 2597 1
9535 2597 1
9536 2597 1
9537 2597 1
14697 2598 1
3409 2600 1
9994 2600 1
10487 2600 1
13422 2600 1
20048 2600 1
3832 2602 1
4344 2605 1
4685 2605 1
6025 2605 1
9310 2605 1
11162 2605 1
14339 2605 1
15226 2605 1
15761 2605 1
16106 2605 1
16781 2605 1
17003 2605 1
17049 2605 1
17051 2605 1
17056 2605 1
18581 2605 1
18623 2605 1
19043 2605 1
19077 2605 1
19278 2605 1
19404 2605 1
19405 2605 1
19406 2605 1
19407 2605 1
19408 2605 1
19409 2605 1
19410 2605 1
19411 2605 1
19412 2605 1
19413 2605 1
19414 2605 1
19415 2605 1
19416 2605 1
19417 2605 1
19418 2605 1
19419 2605 1
19420 2605 1
19421 2605 1
5870 2606 1
11444 2606 1
21023 2606 1
21274 2606 1
3758 2609 1
6577 2609 1
9776 2609 1
13047 2609 1
22893 2609 1
2937 2612 1
3342 2613 1
4475 2613 1
4079 2615 1
2758 2616 1
11789 2616 1
8013 2617 1
10834 2617 1
23165 2617 1
6408 2619 1
6587 2626 1
8798 2626 1
10535 2626 1
11811 2626 1
11812 2626 1
11813 2626 1
11814 2626 1
11815 2626 1
11816 2626 1
19317 2627 1
4517 2629 1
4318 2630 1
6102 2630 1
8801 2630 1
13718 2630 1
15984 2630 1
17060 2630 1
19391 2630 1
22564 2630 1
4061 2632 1
19195 2632 1
22415 2632 1
4885 2633 1
6849 2633 1
6978 2633 1
7111 2633 1
7448 2633 1
7799 2633 1
8187 2633 1
8312 2633 1
8408 2633 1
8961 2633 1
8967 2633 1
2794 2634 1
2861 2634 1
4774 2634 1
5018 2634 1
5347 2634 1
5372 2634 1
5373 2634 1
5374 2634 1
5375 2634 1
5376 2634 1
5377 2634 1
5378 2634 1
5379 2634 1
5380 2634 1
5381 2634 1
5382 2634 1
5383 2634 1
5384 2634 1
5385 2634 1
5386 2634 1
5387 2634 1
5388 2634 1
5389 2634 1
5390 2634 1
5391 2634 1
5392 2634 1
5393 2634 1
5394 2634 1
5395 2634 1
5396 2634 1
5397 2634 1
5398 2634 1
5399 2634 1
5400 2634 1
5401 2634 1
5402 2634 1
5403 2634 1
5404 2634 1
5405 2634 1
5406 2634 1
5407 2634 1
5408 2634 1
5409 2634 1
5410 2634 1
5411 2634 1
5412 2634 1
5413 2634 1
5414 2634 1
5415 2634 1
5416 2634 1
5417 2634 1
5418 2634 1
5419 2634 1
5420 2634 1
5421 2634 1
5422 2634 1
5423 2634 1
9343 2635 1
19464 2635 1
3022 2636 1
18792 2637 1
23397 2637 1
4619 2638 1
8682 2638 1
18801 2638 1
3621 2639 1
3956 2639 1
9495 2639 1
10625 2639 1
13439 2639 1
13907 2639 1
15317 2639 1
15908 2639 1
19273 2639 1
20151 2639 1
20786 2639 1
20787 2639 1
20788 2639 1
20789 2639 1
20790 2639 1
2704 2640 1
9623 2643 1
9628 2643 1
14618 2643 1
16580 2643 1
16581 2643 1
16582 2643 1
16583 2643 1
9865 2645 1
2661 2649 1
3521 2649 1
3522 2649 1
4683 2649 1
6210 2649 1
7525 2649 1
11235 2649 1
11451 2649 1
12592 2649 1
13864 2649 1
14069 2649 1
14584 2649 1
14932 2649 1
15023 2649 1
15642 2649 1
16738 2649 1
18729 2649 1
19048 2649 1
19372 2649 1
19380 2649 1
20238 2649 1
20243 2649 1
20301 2649 1
20309 2649 1
20599 2649 1
20800 2649 1
22202 2649 1
22520 2649 1
22835 2649 1
22991 2649 1
24044 2649 1
24045 2649 1
24046 2649 1
24047 2649 1
24048 2649 1
24049 2649 1
15095 2653 1
15627 2653 1
15628 2653 1
18907 2656 1
19830 2656 1
7259 2657 1
9547 2657 1
22879 2657 1
22880 2657 1
22881 2657 1
3678 2659 1
3754 2660 1
9756 2660 1
14331 2660 1
2708 2661 1
3047 2661 1
3213 2661 1
4405 2661 1
4980 2661 1
4991 2661 1
5001 2661 1
5430 2661 1
6005 2661 1
6738 2661 1
7033 2661 1
7373 2661 1
8570 2661 1
9391 2661 1
9572 2661 1
10529 2661 1
11723 2661 1
11847 2661 1
11848 2661 1
11849 2661 1
11850 2661 1
11851 2661 1
11852 2661 1
11853 2661 1
11854 2661 1
11855 2661 1
11856 2661 1
11857 2661 1
11858 2661 1
11859 2661 1
11860 2661 1
11861 2661 1
11862 2661 1
11863 2661 1
11864 2661 1
11865 2661 1
11866 2661 1
11867 2661 1
11868 2661 1
11869 2661 1
11870 2661 1
11871 2661 1
11872 2661 1
11873 2661 1
11874 2661 1
11875 2661 1
4934 2662 1
8835 2662 1
9655 2662 1
9656 2662 1
9657 2662 1
9658 2662 1
9659 2662 1
9660 2662 1
9661 2662 1
9662 2662 1
9663 2662 1
18888 2664 1
19627 2664 1
4866 2665 1
9666 2665 1
9667 2665 1
9668 2665 1
9669 2665 1
9670 2665 1
9671 2665 1
9672 2665 1
9673 2665 1
9674 2665 1
9675 2665 1
9676 2665 1
9677 2665 1
3629 2666 1
11144 2666 1
11879 2666 1
11880 2666 1
11881 2666 1
11882 2666 1
2773 2671 1
3583 2671 1
4177 2672 1
4178 2672 1
5735 2675 1
5736 2675 1
5737 2675 1
5738 2675 1
5734 2676 1
5740 2677 1
4431 2678 1
7891 2679 1
6190 2680 1
15643 2680 1
15644 2680 1
10039 2683 1
5870 2684 1
21353 2685 1
5752 2690 1
2862 2691 1
12894 2691 1
3534 2696 1
2723 2698 1
2950 2698 1
11418 2699 1
13693 2701 1
2740 2704 1
2973 2704 1
3233 2704 1
3764 2704 1
4037 2704 1
4286 2704 1
6219 2704 1
6225 2704 1
6770 2704 1
7144 2704 1
7512 2704 1
8914 2704 1
9154 2704 1
9236 2704 1
10134 2704 1
10135 2704 1
10137 2704 1
10138 2704 1
10140 2704 1
10141 2704 1
10449 2704 1
10672 2704 1
11241 2704 1
11268 2704 1
11486 2704 1
12552 2704 1
13769 2704 1
14161 2704 1
14289 2704 1
14510 2704 1
15089 2704 1
15360 2704 1
16614 2704 1
16633 2704 1
16697 2704 1
17006 2704 1
17740 2704 1
17901 2704 1
18568 2704 1
20663 2704 1
22428 2704 1
23350 2704 1
23351 2704 1
23352 2704 1
23353 2704 1
23354 2704 1
23355 2704 1
23356 2704 1
23357 2704 1
23358 2704 1
23359 2704 1
23360 2704 1
23361 2704 1
23362 2704 1
20053 2706 1
5238 2709 1
19237 2709 1
3283 2712 1
14398 2712 1
22447 2712 1
22448 2712 1
22449 2712 1
3046 2714 1
3525 2714 1
4288 2714 1
5178 2714 1
6451 2714 1
9240 2714 1
10422 2714 1
12849 2714 1
20132 2714 1
21586 2715 1
3872 2716 1
4021 2716 1
12497 2716 1
18188 2716 1
18775 2716 1
2800 2717 1
3937 2717 1
6183 2717 1
8742 2717 1
9492 2717 1
11627 2717 1
11823 2717 1
14306 2717 1
14718 2717 1
16701 2717 1
19475 2717 1
20615 2717 1
21631 2717 1
21892 2717 1
21893 2717 1
21894 2717 1
21895 2717 1
21896 2717 1
21897 2717 1
21898 2717 1
21899 2717 1
2723 2718 1
4695 2718 1
5199 2719 1
3415 2722 1
11619 2722 1
16992 2722 1
22902 2722 1
3292 2723 1
3438 2723 1
3938 2723 1
4653 2723 1
7220 2723 1
10194 2723 1
10655 2723 1
12981 2723 1
14512 2723 1
14730 2723 1
16581 2723 1
16912 2723 1
17057 2723 1
18571 2723 1
18865 2723 1
20199 2723 1
21269 2723 1
21503 2723 1
21904 2723 1
21905 2723 1
21906 2723 1
21907 2723 1
21908 2723 1
21909 2723 1
21910 2723 1
21911 2723 1
3381 2726 1
4880 2726 1
5974 2726 1
6602 2726 1
6743 2726 1
7043 2726 1
7046 2726 1
7219 2726 1
7552 2726 1
7576 2726 1
8410 2726 1
12514 2726 1
12515 2726 1
12516 2726 1
12517 2726 1
12518 2726 1
12519 2726 1
12520 2726 1
12521 2726 1
12522 2726 1
12523 2726 1
12524 2726 1
3824 2727 1
9129 2729 1
17507 2729 1
22282 2729 1
25876 2729 1
25969 2729 1
21057 2731 1
21920 2731 1
12531 2732 1
12532 2732 1
3066 2734 1
3466 2741 1
9360 2741 1
22576 2741 1
22838 2741 1
23390 2741 1
23391 2741 1
23392 2741 1
3526 2742 1
3832 2743 1
4030 2745 1
16651 2745 1
16652 2745 1
3220 2749 1
5392 2753 1
3291 2758 1
8753 2758 1
11721 2758 1
11789 2758 1
12966 2758 1
13123 2758 1
13752 2758 1
15664 2758 1
18193 2758 1
18194 2758 1
18200 2758 1
18227 2758 1
18228 2758 1
19026 2758 1
19860 2758 1
19864 2758 1
19865 2758 1
19869 2758 1
20932 2758 1
21101 2758 1
22118 2758 1
22130 2758 1
22131 2758 1
22754 2758 1
24712 2758 1
24713 2758 1
24714 2758 1
24715 2758 1
24716 2758 1
3964 2760 1
4343 2763 1
7467 2763 1
7994 2763 1
9510 2763 1
24368 2763 1
24978 2763 1
5834 2764 1
3824 2765 1
5314 2766 1
10222 2766 1
12459 2766 1
14673 2766 1
16603 2766 1
20675 2766 1
24128 2766 1
26219 2766 1
26266 2766 1
3983 2767 1
3294 2768 1
3679 2769 1
11797 2769 1
14157 2769 1
15600 2769 1
16212 2769 1
17112 2769 1
17176 2769 1
18275 2769 1
19375 2769 1
19445 2769 1
19754 2769 1
19765 2769 1
19819 2769 1
21584 2769 1
21707 2769 1
22147 2769 1
22571 2769 1
22794 2769 1
24114 2769 1
24718 2769 1
24719 2769 1
24720 2769 1
17008 2772 1
22406 2772 1
5947 2773 1
5961 2773 1
18790 2773 1
20710 2773 1
24111 2773 1
24112 2773 1
24113 2773 1
4390 2775 1
14125 2775 1
15262 2775 1
18019 2775 1
18020 2775 1
18021 2775 1
5958 2776 1
15768 2778 1
14168 2780 1
25626 2780 1
16039 2784 1
6188 2786 1
7535 2786 1
8126 2786 1
18854 2786 1
19131 2786 1
19893 2786 1
22004 2786 1
22038 2786 1
23940 2786 1
24806 2786 1
4810 2787 1
11512 2787 1
20765 2787 1
21993 2787 1
24094 2787 1
14169 2789 1
2892 2791 1
2855 2792 1
3336 2794 1
3535 2794 1
4774 2794 1
5349 2794 1
5377 2794 1
5378 2794 1
5380 2794 1
5381 2794 1
5382 2794 1
5385 2794 1
5387 2794 1
5405 2794 1
5409 2794 1
5411 2794 1
5415 2794 1
5418 2794 1
5422 2794 1
13343 2794 1
14845 2794 1
15933 2794 1
18078 2794 1
18091 2794 1
18092 2794 1
18254 2794 1
20179 2794 1
20311 2794 1
21664 2794 1
22566 2794 1
23759 2794 1
25682 2794 1
25744 2794 1
25745 2794 1
25788 2794 1
25816 2794 1
25817 2794 1
25818 2794 1
6026 2795 1
3393 2798 1
6278 2798 1
10406 2798 1
12987 2798 1
15480 2798 1
15481 2798 1
15482 2798 1
15483 2798 1
15485 2798 1
24042 2798 1
25420 2798 1
10065 2800 1
5445 2804 1
7524 2805 1
21378 2805 1
4475 2810 1
3000 2813 1
3141 2813 1
8732 2813 1
9250 2813 1
12679 2813 1
12680 2813 1
15803 2814 1
21852 2817 1
21873 2817 1
5907 2819 1
8137 2819 1
25902 2819 1
15768 2825 1
15070 2826 1
15785 2826 1
18135 2826 1
20565 2826 1
25052 2826 1
4911 2827 1
5920 2827 1
13878 2827 1
13879 2827 1
13880 2827 1
13881 2827 1
13882 2827 1
13883 2827 1
14516 2828 1
14973 2828 1
4692 2829 1
7144 2829 1
7512 2829 1
7534 2829 1
8963 2829 1
10133 2829 1
10134 2829 1
10135 2829 1
10136 2829 1
10137 2829 1
10138 2829 1
10139 2829 1
10140 2829 1
10141 2829 1
10142 2829 1
10143 2829 1
2886 2835 1
15529 2835 1
3847 2840 1
8766 2840 1
12565 2840 1
13085 2840 1
13979 2840 1
14745 2840 1
17171 2840 1
18348 2840 1
19663 2840 1
12996 2842 1
20140 2842 1
21045 2842 1
22572 2842 1
23525 2842 1
24864 2842 1
24895 2842 1
20299 2844 1
23840 2844 1
5379 2848 1
5398 2848 1
5410 2848 1
23759 2848 1
16331 2850 1
19624 2850 1
4609 2851 1
5975 2851 1
6773 2851 1
7010 2851 1
8077 2851 1
8265 2851 1
10946 2851 1
10947 2851 1
10948 2851 1
10949 2851 1
10950 2851 1
10951 2851 1
10952 2851 1
10953 2851 1
10954 2851 1
10955 2851 1
10956 2851 1
10957 2851 1
10958 2851 1
10802 2856 1
22543 2856 1
9707 2857 1
11246 2857 1
11308 2857 1
16255 2857 1
25059 2857 1
4141 2858 1
4264 2858 1
5109 2858 1
14024 2858 1
20333 2858 1
21421 2858 1
24667 2858 1
24749 2858 1
2998 2861 1
4125 2861 1
6162 2861 1
3104 2862 1
3299 2862 1
4249 2862 1
4837 2862 1
11721 2862 1
23787 2867 1
24247 2868 1
4375 2869 1
18587 2869 1
3046 2870 1
4793 2870 1
4911 2870 1
5959 2870 1
16582 2873 1
5834 2874 1
18186 2874 1
18187 2874 1
4945 2875 1
9927 2875 1
12769 2875 1
12770 2875 1
12771 2875 1
12772 2875 1
12773 2875 1
4016 2876 1
4017 2876 1
4018 2876 1
20647 2879 1
22023 2879 1
24171 2879 1
16112 2880 1
16919 2880 1
22004 2880 1
22039 2880 1
23940 2880 1
14960 2884 1
3298 2885 1
3689 2885 1
18921 2885 1
4288 2886 1
5870 2886 1
5959 2886 1
5959 2890 1
6430 2891 1
3783 2892 1
7090 2892 1
8185 2892 1
8387 2892 1
8915 2892 1
8995 2892 1
9023 2892 1
9120 2892 1
9606 2892 1
9607 2892 1
10228 2892 1
13588 2892 1
13797 2892 1
14032 2892 1
14946 2892 1
14947 2892 1
14948 2892 1
14949 2892 1
14950 2892 1
14951 2892 1
14952 2892 1
14953 2892 1
14954 2892 1
14955 2892 1
14956 2892 1
14957 2892 1
14958 2892 1
3144 2893 1
3405 2893 1
4015 2893 1
10604 2893 1
14325 2893 1
17174 2893 1
18360 2893 1
22559 2893 1
25626 2893 1
9865 2895 1
4715 2896 1
5958 2896 1
8408 2896 1
10101 2896 1
10604 2896 1
11609 2896 1
12558 2896 1
18027 2896 1
25620 2896 1
26296 2896 1
5050 2899 1
9208 2899 1
9710 2899 1
9760 2899 1
11061 2899 1
11441 2899 1
14961 2899 1
14962 2899 1
14963 2899 1
14964 2899 1
14965 2899 1
14966 2899 1
14967 2899 1
14968 2899 1
14969 2899 1
4221 2906 1
9503 2907 1
4249 2908 1
6009 2908 1
12036 2908 1
14978 2908 1
4079 2910 1
7355 2915 1
16815 2916 1
16816 2916 1
3583 2918 1
4376 2918 1
4800 2918 1
4837 2918 1
14723 2918 1
20998 2918 1
21712 2918 1
25058 2918 1
25541 2918 1
4924 2919 1
6239 2919 1
4890 2922 1
14118 2923 1
5868 2925 1
6907 2925 1
9407 2925 1
9875 2925 1
10562 2925 1
12068 2925 1
12462 2925 1
13720 2925 1
14012 2925 1
15389 2925 1
15907 2925 1
16120 2925 1
20878 2925 1
20981 2925 1
23653 2925 1
25742 2925 1
15926 2926 1
19699 2926 1
4475 2927 1
8999 2927 1
11023 2927 1
3122 2929 1
3426 2929 1
7842 2929 1
9878 2929 1
10799 2929 1
11049 2929 1
15954 2929 1
18290 2929 1
19027 2929 1
19028 2929 1
19029 2929 1
19030 2929 1
19031 2929 1
8433 2930 1
13254 2930 1
15144 2930 1
16889 2930 1
9532 2931 1
25452 2934 1
25860 2934 1
4125 2936 1
4129 2937 1
4130 2937 1
4131 2937 1
6279 2938 1
6280 2938 1
6281 2938 1
6282 2938 1
3026 2939 1
8364 2939 1
10926 2939 1
11141 2939 1
11555 2939 1
17886 2939 1
22955 2939 1
23795 2939 1
23796 2939 1
22061 2940 1
3268 2941 1
3534 2941 1
12340 2941 1
12428 2941 1
12760 2941 1
13489 2941 1
13491 2941 1
13693 2941 1
15327 2941 1
17729 2941 1
18120 2941 1
18802 2941 1
20539 2941 1
21058 2941 1
21059 2941 1
21060 2941 1
21061 2941 1
21062 2941 1
21063 2941 1
21064 2941 1
21065 2941 1
3262 2948 1
6312 2948 1
7354 2948 1
14148 2948 1
16182 2948 1
18221 2948 1
18225 2948 1
9871 2950 1
18748 2950 1
11023 2952 1
14860 2956 1
18088 2956 1
18090 2956 1
18094 2956 1
24550 2956 1
25650 2956 1
25651 2956 1
6430 2962 1
19279 2962 1
3342 2964 1
5199 2965 1
3486 2966 1
14434 2966 1
24263 2966 1
23950 2967 1
23547 2969 1
24175 2969 1
12914 2971 1
12915 2971 1
6188 2972 1
15052 2974 1
6202 2976 1
8582 2976 1
12502 2976 1
12634 2976 1
14290 2976 1
18640 2976 1
19062 2976 1
5959 2977 1
8713 2983 1
14053 2983 1
20895 2983 1
21095 2983 1
4288 2984 1
5178 2984 1
5959 2984 1
3035 2988 1
6351 2989 1
3122 2990 1
10300 2993 1
11416 2993 1
9283 2997 1
15892 2998 1
4079 2999 1
17128 2999 1
4475 3000 1
5281 3000 1
25440 3000 1
3811 3012 1
11748 3015 1
15974 3015 1
15975 3015 1
15979 3019 1
11132 3020 1
4302 3022 1
4303 3022 1
12502 3023 1
4312 3026 1
4313 3026 1
4314 3026 1
4315 3026 1
4316 3026 1
3689 3028 1
7959 3028 1
8299 3028 1
8310 3028 1
14954 3028 1
16905 3028 1
16938 3028 1
18405 3028 1
19054 3028 1
19744 3028 1
21910 3028 1
22792 3028 1
25412 3028 1
4617 3029 1
15294 3030 1
4350 3033 1
4351 3033 1
4352 3033 1
4353 3033 1
4354 3033 1
4355 3033 1
4356 3033 1
4357 3033 1
4358 3033 1
4359 3033 1
4360 3033 1
4361 3033 1
4362 3033 1
4363 3033 1
4364 3033 1
4365 3033 1
5870 3034 1
16892 3034 1
26215 3034 1
4079 3035 1
9294 3035 1
13150 3035 1
15945 3035 1
19859 3035 1
19863 3035 1
12882 3036 1
13290 3036 1
15542 3036 1
15551 3036 1
15710 3036 1
16778 3036 1
16844 3036 1
17049 3036 1
17051 3036 1
17054 3036 1
18045 3036 1
18496 3036 1
19405 3036 1
19411 3036 1
19413 3036 1
20378 3036 1
20532 3036 1
23051 3036 1
3256 3042 1
6108 3043 1
6862 3043 1
11577 3043 1
11585 3043 1
11586 3043 1
11596 3043 1
11829 3043 1
12896 3043 1
12897 3043 1
12898 3043 1
12900 3043 1
12901 3043 1
12902 3043 1
12903 3043 1
12904 3043 1
12907 3043 1
13076 3043 1
13854 3043 1
15581 3043 1
16608 3043 1
17876 3043 1
20651 3043 1
20809 3043 1
21176 3043 1
4385 3045 1
3360 3046 1
4249 3046 1
4288 3046 1
4783 3046 1
6119 3046 1
10844 3046 1
13607 3046 1
23910 3046 1
26353 3046 1
26375 3046 1
5002 3047 1
11057 3047 1
16958 3047 1
5840 3050 1
9819 3050 1
11181 3050 1
11182 3050 1
11183 3050 1
5870 3051 1
11184 3051 1
11185 3051 1
9520 3052 1
10349 3053 1
8971 3055 1
12107 3055 1
13587 3055 1
18253 3055 1
18354 3055 1
6705 3058 1
9482 3058 1
25353 3058 1
7505 3061 1
7565 3061 1
9120 3061 1
10133 3061 1
10940 3061 1
12198 3061 1
12440 3061 1
12685 3061 1
14545 3061 1
15127 3061 1
16666 3061 1
17254 3061 1
17414 3061 1
17416 3061 1
18400 3061 1
18403 3061 1
18457 3061 1
18993 3061 1
19300 3061 1
21157 3061 1
21158 3061 1
21159 3061 1
21160 3061 1
21161 3061 1
21162 3061 1
21163 3061 1
21164 3061 1
22063 3063 1
6133 3064 1
19141 3064 1
19142 3064 1
6754 3065 1
3111 3066 1
6573 3066 1
6583 3066 1
6585 3066 1
9752 3066 1
9765 3066 1
9766 3066 1
9768 3066 1
11192 3066 1
13034 3066 1
13035 3066 1
13036 3066 1
13037 3066 1
13038 3066 1
13039 3066 1
13040 3066 1
13041 3066 1
13042 3066 1
13043 3066 1
13044 3066 1
13045 3066 1
13046 3066 1
13047 3066 1
4213 3070 1
4387 3070 1
9254 3070 1
13784 3070 1
13894 3070 1
14168 3070 1
14194 3070 1
16023 3070 1
16024 3070 1
16025 3070 1
4269 3071 1
4071 3072 1
5401 3072 1
9621 3072 1
9624 3072 1
9625 3072 1
9632 3072 1
13656 3072 1
18648 3072 1
19544 3072 1
21588 3072 1
22027 3072 1
25597 3072 1
26003 3072 1
26004 3072 1
26005 3072 1
23855 3073 1
10235 3074 1
10940 3074 1
10941 3074 1
15803 3074 1
18788 3074 1
18985 3074 1
21163 3074 1
23818 3074 1
25461 3074 1
25462 3074 1
6917 3076 1
6598 3080 1
11365 3080 1
4221 3081 1
21565 3082 1
3707 3083 1
3721 3083 1
3848 3083 1
4622 3083 1
4866 3083 1
4867 3083 1
5365 3083 1
11066 3083 1
11139 3083 1
12563 3083 1
12633 3083 1
13975 3083 1
13976 3083 1
15461 3083 1
15723 3083 1
16200 3083 1
16235 3083 1
16240 3083 1
18333 3083 1
18375 3083 1
3583 3084 1
4811 3086 1
11370 3086 1
3583 3087 1
18383 3088 1
10833 3089 1
15120 3092 1
16540 3092 1
21081 3092 1
25004 3092 1
25180 3092 1
11408 3095 1
19836 3097 1
19752 3099 1
21181 3099 1
9642 3100 1
15171 3102 1
6605 3105 1
3275 3108 1
6565 3111 1
8649 3111 1
9532 3111 1
12774 3111 1
15672 3111 1
18424 3111 1
20542 3111 1
20640 3111 1
22807 3111 1
22923 3111 1
23920 3111 1
25008 3111 1
25166 3111 1
25283 3111 1
26035 3111 1
26152 3111 1
6625 3113 1
6626 3113 1
6627 3113 1
6628 3113 1
6629 3113 1
6630 3113 1
3401 3114 1
10026 3114 1
17007 3114 1
17008 3114 1
4837 3118 1
7209 3118 1
7390 3118 1
10746 3118 1
12025 3118 1
12148 3118 1
13797 3118 1
14545 3118 1
16750 3118 1
17414 3118 1
18399 3118 1
18400 3118 1
18401 3118 1
18402 3118 1
18403 3118 1
18404 3118 1
18405 3118 1
18406 3118 1
18407 3118 1
18408 3118 1
3593 3119 1
11250 3119 1
11824 3119 1
13404 3119 1
13419 3119 1
19197 3119 1
19198 3119 1
19199 3119 1
19200 3119 1
19201 3119 1
19202 3119 1
3222 3122 1
5870 3122 1
5959 3122 1
10039 3122 1
10830 3122 1
11416 3122 1
3872 3124 1
4344 3124 1
5052 3124 1
7616 3124 1
12888 3124 1
15542 3124 1
17049 3124 1
17050 3124 1
17051 3124 1
17052 3124 1
17053 3124 1
17054 3124 1
17055 3124 1
17056 3124 1
8906 3125 1
14989 3125 1
15373 3125 1
18429 3125 1
18430 3125 1
18431 3125 1
18432 3125 1
4282 3128 1
5752 3128 1
5286 3129 1
12734 3129 1
14039 3129 1
14358 3129 1
15989 3129 1
20313 3129 1
22712 3129 1
22713 3129 1
22714 3129 1
22715 3129 1
3336 3132 1
13147 3132 1
13148 3132 1
13149 3132 1
13150 3132 1
13151 3132 1
13152 3132 1
13153 3132 1
13154 3132 1
13155 3132 1
8684 3139 1
6162 3140 1
23832 3141 1
25865 3141 1
4884 3142 1
26067 3142 1
5066 3143 1
7116 3143 1
3429 3144 1
5267 3144 1
6487 3144 1
10827 3144 1
13484 3144 1
13599 3144 1
13868 3144 1
14446 3144 1
14884 3144 1
17014 3144 1
19069 3144 1
20222 3144 1
21495 3144 1
21519 3144 1
21886 3144 1
22193 3144 1
23384 3144 1
23774 3144 1
25576 3144 1
25643 3144 1
25748 3144 1
25787 3144 1
26031 3144 1
26242 3144 1
4908 3148 1
4950 3148 1
9585 3148 1
14071 3148 1
18403 3148 1
20873 3148 1
23294 3148 1
23432 3148 1
25606 3148 1
6403 3152 1
11206 3152 1
14442 3152 1
15279 3152 1
4670 3154 1
4671 3154 1
4672 3154 1
4673 3154 1
4674 3154 1
4675 3154 1
10915 3157 1
14176 3157 1
16227 3157 1
17875 3157 1
19059 3157 1
22149 3157 1
26161 3157 1
26210 3157 1
10029 3160 1
3668 3161 1
3670 3161 1
9383 3161 1
12627 3161 1
12646 3161 1
13048 3161 1
13589 3161 1
13724 3161 1
13725 3161 1
13727 3161 1
13730 3161 1
13731 3161 1
15353 3161 1
15391 3161 1
15505 3161 1
15506 3161 1
15517 3161 1
15843 3161 1
16534 3161 1
16607 3161 1
16730 3161 1
18396 3161 1
18398 3161 1
19152 3161 1
19154 3161 1
19155 3161 1
19156 3161 1
19157 3161 1
19159 3161 1
19161 3161 1
19164 3161 1
19167 3161 1
19465 3161 1
19679 3161 1
20779 3161 1
20783 3161 1
20785 3161 1
21049 3161 1
21703 3161 1
21989 3161 1
22292 3161 1
22583 3161 1
24790 3161 1
25138 3161 1
25458 3161 1
25684 3161 1
25859 3161 1
26016 3161 1
26017 3161 1
26018 3161 1
26019 3161 1
5066 3163 1
9189 3167 1
4884 3171 1
18040 3171 1
18634 3171 1
12502 3173 1
4877 3174 1
19292 3174 1
9653 3177 1
12750 3177 1
18886 3177 1
18887 3177 1
20566 3177 1
21601 3177 1
3583 3178 1
3726 3178 1
4301 3178 1
4982 3178 1
5237 3178 1
6558 3178 1
8801 3178 1
10969 3178 1
11725 3178 1
14006 3178 1
14353 3178 1
14657 3178 1
15467 3178 1
16028 3178 1
16166 3178 1
16868 3178 1
18275 3178 1
19721 3178 1
20520 3178 1
20521 3178 1
20522 3178 1
20523 3178 1
20524 3178 1
20525 3178 1
20526 3178 1
20527 3178 1
3429 3184 1
3583 3184 1
10663 3184 1
13272 3184 1
3430 3186 1
15392 3186 1
15687 3186 1
19156 3186 1
19158 3186 1
19159 3186 1
21576 3186 1
21938 3186 1
3336 3191 1
9621 3191 1
21586 3191 1
21587 3191 1
21588 3191 1
5959 3196 1
13281 3198 1
13282 3198 1
3431 3203 1
4249 3203 1
21906 3203 1
5959 3204 1
10039 3204 1
5870 3205 1
4754 3213 1
13401 3216 1
12863 3217 1
16250 3217 1
16251 3217 1
3934 3219 1
3263 3220 1
6637 3220 1
11046 3220 1
21438 3220 1
22963 3220 1
25469 3220 1
3310 3222 1
3534 3222 1
5870 3222 1
10830 3222 1
6351 3226 1
6400 3226 1
9985 3226 1
11416 3226 1
16602 3226 1
23874 3226 1
23907 3226 1
11416 3227 1
21503 3229 1
6501 3232 1
13884 3232 1
24843 3232 1
25627 3232 1
19717 3235 1
14751 3239 1
5369 3240 1
7496 3240 1
11105 3240 1
11111 3240 1
11568 3240 1
14350 3240 1
14405 3240 1
14746 3240 1
17123 3240 1
17124 3240 1
17125 3240 1
17126 3240 1
17127 3240 1
5959 3241 1
6870 3242 1
5009 3245 1
5010 3245 1
5011 3245 1
10853 3248 1
15349 3248 1
15350 3248 1
15351 3248 1
15352 3248 1
3547 3249 1
23152 3249 1
3362 3250 1
3905 3250 1
5948 3250 1
9758 3250 1
12692 3250 1
13525 3250 1
14610 3250 1
16605 3250 1
24937 3250 1
24938 3250 1
3475 3251 1
3583 3251 1
8726 3251 1
11531 3251 1
11532 3251 1
11533 3251 1
11534 3251 1
11535 3251 1
11536 3251 1
5959 3256 1
15604 3256 1
21616 3256 1
8834 3258 1
21620 3258 1
21621 3258 1
21622 3258 1
21623 3258 1
9219 3261 1
9626 3261 1
10065 3261 1
13623 3261 1
15875 3261 1
15879 3261 1
17119 3261 1
18305 3261 1
22019 3261 1
23065 3261 1
24936 3261 1
25598 3261 1
26213 3261 1
26396 3261 1
26413 3261 1
4959 3265 1
13490 3268 1
17161 3268 1
17162 3268 1
17163 3268 1
17164 3268 1
3696 3269 1
6430 3269 1
10793 3269 1
21655 3272 1
3274 3273 1
5952 3274 1
9773 3274 1
10318 3274 1
15594 3274 1
3308 3275 1
4143 3275 1
4377 3275 1
5103 3275 1
6973 3275 1
7331 3275 1
8532 3275 1
9032 3275 1
10133 3275 1
10139 3275 1
10655 3275 1
11273 3275 1
11401 3275 1
12982 3275 1
13661 3275 1
14956 3275 1
17566 3275 1
17740 3275 1
17891 3275 1
18613 3275 1
18615 3275 1
21569 3275 1
21580 3275 1
22409 3275 1
22775 3275 1
22776 3275 1
22777 3275 1
22778 3275 1
22779 3275 1
22780 3275 1
22781 3275 1
22782 3275 1
11408 3277 1
7285 3278 1
21186 3278 1
23536 3278 1
24362 3278 1
25287 3278 1
4771 3280 1
24950 3280 1
24951 3282 1
7599 3283 1
11117 3283 1
11459 3283 1
12217 3283 1
12356 3283 1
18067 3283 1
21358 3283 1
23043 3283 1
25358 3283 1
26311 3283 1
26399 3283 1
15977 3284 1
6427 3285 1
3431 3290 1
5002 3290 1
4079 3291 1
5306 3294 1
6731 3294 1
18247 3294 1
5093 3298 1
5094 3298 1
5095 3298 1
5096 3298 1
5097 3298 1
5098 3298 1
5099 3298 1
5100 3298 1
5101 3298 1
9273 3299 1
9278 3299 1
18793 3299 1
13251 3301 1
20691 3301 1
21191 3301 1
21514 3301 1
12853 3302 1
3583 3306 1
13595 3306 1
19388 3306 1
4249 3310 1
9670 3310 1
15957 3310 1
6190 3319 1
8374 3320 1
5834 3321 1
3393 3323 1
10406 3323 1
15479 3323 1
15480 3323 1
15481 3323 1
15482 3323 1
15483 3323 1
15484 3323 1
15485 3323 1
15486 3323 1
18228 3324 1
25292 3324 1
11642 3326 1
11643 3326 1
5834 3328 1
9253 3332 1
9254 3332 1
9255 3332 1
9256 3332 1
9257 3332 1
9258 3332 1
9259 3332 1
4319 3333 1
4326 3333 1
4380 3333 1
6482 3333 1
9694 3333 1
14657 3333 1
15082 3333 1
15362 3333 1
16425 3333 1
16426 3333 1
16427 3333 1
16428 3333 1
16429 3333 1
16430 3333 1
16431 3333 1
16432 3333 1
16433 3333 1
12863 3335 1
22807 3335 1
22808 3335 1
3379 3336 1
4079 3336 1
5379 3336 1
14860 3336 1
14991 3336 1
19881 3336 1
26049 3336 1
5844 3337 1
9229 3342 1
10213 3342 1
18913 3342 1
11663 3343 1
11664 3343 1
3583 3345 1
11416 3345 1
16279 3345 1
20710 3345 1
4288 3346 1
19007 3347 1
21685 3347 1
21686 3347 1
14477 3350 1
16259 3352 1
12507 3356 1
14495 3356 1
17115 3356 1
18859 3356 1
19664 3356 1
19665 3356 1
20743 3356 1
21117 3356 1
21666 3356 1
21702 3356 1
22307 3356 1
22374 3356 1
25421 3356 1
25764 3356 1
25765 3356 1
25766 3356 1
25767 3356 1
6223 3359 1
3722 3361 1
4417 3361 1
11807 3361 1
13774 3361 1
14480 3361 1
19055 3361 1
19398 3361 1
19459 3361 1
21017 3361 1
24077 3361 1
24459 3361 1
24729 3361 1
26051 3361 1
26052 3361 1
26053 3361 1
26054 3361 1
3433 3366 1
5841 3366 1
7914 3366 1
11689 3366 1
13935 3366 1
14496 3366 1
14497 3366 1
14498 3366 1
14499 3366 1
14500 3366 1
14501 3366 1
14502 3366 1
14503 3366 1
14504 3366 1
14505 3366 1
14506 3366 1
8348 3373 1
9479 3373 1
10116 3373 1
16310 3373 1
16507 3373 1
4779 3374 1
5735 3374 1
6564 3374 1
10063 3374 1
10370 3374 1
11020 3374 1
11207 3374 1
14633 3374 1
16181 3374 1
17771 3374 1
18803 3374 1
19622 3374 1
22642 3374 1
25560 3374 1
26139 3377 1
5959 3380 1
8093 3381 1
10191 3381 1
12515 3381 1
12524 3381 1
12848 3381 1
15087 3381 1
16248 3381 1
17649 3381 1
18232 3381 1
23006 3381 1
23076 3381 1
24893 3381 1
26195 3381 1
26387 3381 1
6105 3382 1
9522 3382 1
11238 3382 1
13520 3382 1
15638 3382 1
20231 3382 1
22387 3382 1
22388 3382 1
22389 3382 1
22390 3382 1
22391 3382 1
12684 3383 1
14748 3383 1
3386 3385 1
3387 3385 1
4238 3386 1
6376 3386 1
9985 3386 1
10219 3386 1
12800 3386 1
14778 3386 1
15973 3386 1
16181 3386 1
18809 3386 1
19996 3386 1
20157 3386 1
21272 3386 1
23064 3386 1
25695 3386 1
3392 3391 1
11408 3392 1
14696 3392 1
3395 3394 1
3399 3398 1
3401 3400 1
3402 3400 1
3403 3400 1
9096 3402 1
14680 3402 1
15832 3402 1
17733 3402 1
19579 3402 1
19580 3402 1
3409 3408 1
3410 3408 1
6349 3409 1
9186 3409 1
9944 3409 1
10368 3409 1
10675 3409 1
11809 3409 1
14009 3409 1
14136 3409 1
16650 3409 1
22396 3409 1
23052 3409 1
25586 3409 1
25587 3409 1
3412 3411 1
3413 3411 1
3893 3413 1
3995 3413 1
5088 3413 1
5151 3413 1
5479 3413 1
6976 3413 1
7462 3413 1
7640 3413 1
7814 3413 1
8686 3413 1
11126 3413 1
11666 3413 1
12728 3413 1
12730 3413 1
13495 3413 1
13825 3413 1
13826 3413 1
13836 3413 1
13846 3413 1
13851 3413 1
14155 3413 1
15188 3413 1
16488 3413 1
16490 3413 1
16493 3413 1
16496 3413 1
16744 3413 1
16879 3413 1
17908 3413 1
18246 3413 1
18409 3413 1
19042 3413 1
19123 3413 1
19230 3413 1
19577 3413 1
19596 3413 1
20018 3413 1
21056 3413 1
21783 3413 1
21878 3413 1
22312 3413 1
22343 3413 1
22352 3413 1
22395 3413 1
22443 3413 1
22944 3413 1
23260 3413 1
24771 3413 1
24783 3413 1
24789 3413 1
25346 3413 1
25846 3413 1
25908 3413 1
25942 3413 1
26097 3413 1
26187 3413 1
26248 3413 1
26261 3413 1
26332 3413 1
26333 3413 1
26334 3413 1
3415 3414 1
4611 3415 1
4612 3415 1
4613 3415 1
3419 3418 1
10065 3419 1
3421 3420 1
3422 3420 1
9690 3421 1
9691 3421 1
9692 3421 1
9693 3421 1
3429 3428 1
4500 3429 1
4682 3429 1
6420 3429 1
16106 3429 1
17888 3429 1
17971 3429 1
18335 3429 1
21086 3429 1
21779 3429 1
21805 3429 1
22193 3429 1
25747 3429 1
25748 3429 1
25749 3429 1
25750 3429 1
3432 3431 1
3433 3431 1
3434 3431 1
3435 3431 1
3436 3431 1
3437 3431 1
3438 3431 1
3439 3431 1
3440 3431 1
3441 3431 1
3442 3431 1
3443 3431 1
3444 3431 1
3445 3431 1
4346 3436 1
5870 3436 1
10496 3436 1
10764 3436 1
13650 3436 1
13651 3436 1
13652 3436 1
13653 3436 1
13654 3436 1
10782 3439 1
4249 3440 1
18618 3442 1
3447 3446 1
3498 3447 1
3499 3447 1
3500 3447 1
3501 3447 1
3502 3447 1
3503 3447 1
3504 3447 1
3505 3447 1
3506 3447 1
3507 3447 1
3508 3447 1
3509 3447 1
3510 3447 1
3511 3447 1
3512 3447 1
3454 3453 1
3473 3454 1
3600 3454 1
5285 3454 1
5919 3454 1
6165 3454 1
6473 3454 1
6906 3454 1
9972 3454 1
10873 3454 1
11497 3454 1
11530 3454 1
11606 3454 1
12605 3454 1
12648 3454 1
12733 3454 1
12737 3454 1
12738 3454 1
12755 3454 1
12757 3454 1
12790 3454 1
13053 3454 1
15061 3454 1
15064 3454 1
15067 3454 1
15076 3454 1
15793 3454 1
15863 3454 1
15889 3454 1
16070 3454 1
16089 3454 1
16616 3454 1
17090 3454 1
17769 3454 1
18122 3454 1
18129 3454 1
18138 3454 1
18139 3454 1
18145 3454 1
18147 3454 1
18148 3454 1
18149 3454 1
18150 3454 1
18168 3454 1
19185 3454 1
19226 3454 1
19648 3454 1
19804 3454 1
19888 3454 1
19949 3454 1
19969 3454 1
20319 3454 1
20799 3454 1
21179 3454 1
21591 3454 1
21634 3454 1
22176 3454 1
23163 3454 1
23386 3454 1
23820 3454 1
23836 3454 1
23842 3454 1
23980 3454 1
23981 3454 1
23985 3454 1
23987 3454 1
23988 3454 1
23989 3454 1
24086 3454 1
24591 3454 1
24676 3454 1
24810 3454 1
25143 3454 1
25296 3454 1
25348 3454 1
25399 3454 1
25516 3454 1
25871 3454 1
25872 3454 1
25957 3454 1
26047 3454 1
26076 3454 1
26077 3454 1
26078 3454 1
26079 3454 1
26080 3454 1
3458 3457 1
3459 3457 1
3460 3457 1
13899 3458 1
15930 3458 1
20545 3458 1
20546 3458 1
20547 3458 1
4728 3459 1
11961 3459 1
12434 3459 1
12499 3459 1
12702 3459 1
15100 3459 1
15101 3459 1
15102 3459 1
15103 3459 1
15105 3459 1
15106 3459 1
15107 3459 1
15108 3459 1
15109 3459 1
15110 3459 1
16289 3459 1
19359 3459 1
20545 3459 1
24019 3459 1
13080 3460 1
13899 3460 1
15930 3460 1
17257 3460 1
20544 3460 1
20545 3460 1
20546 3460 1
20547 3460 1
3467 3466 1
10089 3467 1
23324 3467 1
25976 3467 1
3473 3472 1
9877 3473 1
13871 3473 1
13872 3473 1
13873 3473 1
13875 3473 1
13876 3473 1
16804 3473 1
20403 3473 1
3475 3474 1
3476 3474 1
3477 3474 1
3478 3474 1
3583 3475 1
5885 3475 1
8726 3475 1
9728 3475 1
9729 3475 1
9730 3475 1
9731 3475 1
9732 3475 1
9733 3475 1
9734 3475 1
9735 3475 1
9736 3475 1
9737 3475 1
9738 3475 1
9739 3475 1
9740 3475 1
3583 3476 1
4915 3477 1
5959 3477 1
11119 3477 1
14652 3477 1
18536 3477 1
19627 3477 1
22485 3477 1
22486 3477 1
22487 3477 1
13931 3478 1
3480 3479 1
3481 3479 1
3482 3479 1
19899 3482 1
3485 3484 1
3534 3485 1
4909 3485 1
5106 3485 1
10946 3485 1
17028 3485 1
25913 3485 1
3488 3487 1
15460 3488 1
18909 3488 1
19703 3488 1
19704 3488 1
19705 3488 1
3490 3489 1
4305 3490 1
3494 3493 1
10510 3494 1
18583 3494 1
20223 3494 1
23611 3494 1
25752 3494 1
3497 3496 1
3619 3497 1
3620 3497 1
6088 3498 1
11227 3499 1
6088 3502 1
6088 3503 1
11227 3510 1
11227 3511 1
6088 3512 1
3521 3520 1
3522 3520 1
13280 3521 1
14931 3521 1
16522 3521 1
16740 3521 1
16910 3521 1
19712 3521 1
19713 3521 1
19714 3521 1
19715 3521 1
3545 3522 1
9750 3522 1
9751 3522 1
11236 3522 1
11467 3522 1
12592 3522 1
12598 3522 1
14584 3522 1
14932 3522 1
16967 3522 1
18653 3522 1
18894 3522 1
19047 3522 1
19048 3522 1
19713 3522 1
20719 3522 1
22800 3522 1
24046 3522 1
24539 3522 1
24540 3522 1
24541 3522 1
3524 3523 1
19954 3524 1
3526 3525 1
11771 3526 1
21762 3526 1
3528 3527 1
19490 3528 1
3532 3531 1
5847 3532 1
6420 3532 1
10945 3532 1
14719 3532 1
15575 3532 1
16983 3532 1
20944 3532 1
3534 3533 1
4287 3534 1
4394 3534 1
4412 3534 1
4413 3534 1
4470 3534 1
4933 3534 1
4998 3534 1
6247 3534 1
6257 3534 1
7452 3534 1
8568 3534 1
10321 3534 1
10756 3534 1
10907 3534 1
11523 3534 1
11718 3534 1
13117 3534 1
13476 3534 1
14175 3534 1
14599 3534 1
14869 3534 1
15264 3534 1
15614 3534 1
16887 3534 1
17357 3534 1
18378 3534 1
18555 3534 1
18593 3534 1
18864 3534 1
18982 3534 1
19519 3534 1
19638 3534 1
20855 3534 1
20856 3534 1
20857 3534 1
20859 3534 1
20860 3534 1
20861 3534 1
20862 3534 1
20863 3534 1
21644 3534 1
21955 3534 1
22049 3534 1
22209 3534 1
22984 3534 1
24595 3534 1
24751 3534 1
24891 3534 1
24892 3534 1
25011 3534 1
25032 3534 1
25337 3534 1
25823 3534 1
25995 3534 1
26055 3534 1
26110 3534 1
26249 3534 1
26250 3534 1
26251 3534 1
26252 3534 1
3538 3537 1
11482 3538 1
21067 3538 1
3540 3539 1
3543 3542 1
4743 3543 1
3545 3544 1
4074 3545 1
9751 3545 1
11236 3545 1
11465 3545 1
14069 3545 1
15642 3545 1
16513 3545 1
18298 3545 1
18967 3545 1
19686 3545 1
20237 3545 1
22200 3545 1
22201 3545 1
22886 3545 1
24044 3545 1
24440 3545 1
26059 3545 1
26216 3545 1
5231 3547 1
8437 3547 1
8730 3547 1
10728 3547 1
11327 3547 1
12573 3547 1
12811 3547 1
14374 3547 1
15084 3547 1
16686 3547 1
19150 3547 1
19296 3547 1
19709 3547 1
21321 3547 1
21369 3547 1
22737 3547 1
24604 3547 1
25183 3547 1
25184 3547 1
25185 3547 1
25186 3547 1
3551 3550 1
4724 3551 1
6042 3551 1
6061 3551 1
6064 3551 1
6595 3551 1
11647 3551 1
14570 3551 1
16515 3551 1
21979 3551 1
23284 3551 1
23315 3551 1
24702 3551 1
25191 3551 1
3555 3554 1
5666 3555 1
14488 3555 1
17745 3555 1
3562 3561 1
4063 3562 1
4975 3562 1
5191 3562 1
13507 3562 1
21251 3562 1
3564 3563 1
4900 3564 1
6149 3564 1
6353 3564 1
7570 3564 1
25936 3564 1
25937 3564 1
25938 3564 1
3566 3565 1
4086 3566 1
4087 3566 1
4088 3566 1
4089 3566 1
4090 3566 1
3568 3567 1
3570 3569 1
3572 3571 1
3573 3571 1
3574 3571 1
4630 3574 1
3576 3575 1
8091 3576 1
3578 3577 1
3579 3577 1
3580 3577 1
3581 3577 1
9415 3578 1
10144 3581 1
14974 3581 1
15988 3581 1
16913 3581 1
18553 3581 1
19818 3581 1
20722 3581 1
20723 3581 1
20724 3581 1
20725 3581 1
20726 3581 1
3583 3582 1
4249 3583 1
4282 3583 1
4792 3583 1
4866 3583 1
4876 3583 1
4890 3583 1
4974 3583 1
6365 3583 1
8783 3583 1
9241 3583 1
9705 3583 1
10009 3583 1
10338 3583 1
10550 3583 1
10913 3583 1
10916 3583 1
11119 3583 1
11428 3583 1
11532 3583 1
11534 3583 1
13314 3583 1
13779 3583 1
13931 3583 1
14144 3583 1
14247 3583 1
15586 3583 1
16749 3583 1
16883 3583 1
17144 3583 1
17758 3583 1
17768 3583 1
18310 3583 1
18895 3583 1
18929 3583 1
18930 3583 1
18931 3583 1
18932 3583 1
18933 3583 1
18934 3583 1
18935 3583 1
18936 3583 1
18937 3583 1
18938 3583 1
18939 3583 1
18940 3583 1
18941 3583 1
18942 3583 1
18943 3583 1
18944 3583 1
18945 3583 1
18946 3583 1
18947 3583 1
18948 3583 1
18949 3583 1
18950 3583 1
18951 3583 1
18952 3583 1
18953 3583 1
18954 3583 1
18955 3583 1
18956 3583 1
3585 3584 1
3586 3584 1
3587 3584 1
3588 3584 1
3589 3584 1
3587 3585 1
3612 3586 1
22858 3587 1
25820 3587 1
4043 3588 1
6213 3588 1
12891 3589 1
3592 3591 1
3657 3592 1
3712 3592 1
3717 3592 1
3737 3592 1
4112 3592 1
4407 3592 1
10006 3592 1
13522 3592 1
14480 3592 1
15376 3592 1
15727 3592 1
16228 3592 1
16238 3592 1
19755 3592 1
20904 3592 1
21548 3592 1
23449 3592 1
24600 3592 1
24885 3592 1
24886 3592 1
24887 3592 1
24888 3592 1
24889 3592 1
24890 3592 1
3595 3594 1
3869 3595 1
5875 3595 1
9853 3595 1
11142 3595 1
11498 3595 1
11633 3595 1
12949 3595 1
15265 3595 1
15267 3595 1
15542 3595 1
16776 3595 1
16777 3595 1
16778 3595 1
16779 3595 1
16780 3595 1
16781 3595 1
16782 3595 1
16783 3595 1
16784 3595 1
16785 3595 1
16786 3595 1
16787 3595 1
16788 3595 1
16789 3595 1
16790 3595 1
16791 3595 1
16792 3595 1
16793 3595 1
16794 3595 1
3597 3596 1
3601 3600 1
11606 3601 1
22766 3601 1
3610 3609 1
17294 3610 1
24819 3610 1
25673 3610 1
6513 3613 1
3622 3621 1
10801 3622 1
23604 3622 1
25636 3622 1
3625 3624 1
3626 3624 1
3627 3624 1
3628 3624 1
3629 3624 1
3630 3624 1
3629 3626 1
20092 3626 1
20138 3626 1
20588 3626 1
3752 3629 1
4641 3629 1
5142 3629 1
5998 3629 1
6423 3629 1
6534 3629 1
12548 3629 1
13195 3629 1
13201 3629 1
13219 3629 1
14292 3629 1
14585 3629 1
14598 3629 1
15311 3629 1
15608 3629 1
18312 3629 1
20138 3629 1
20588 3629 1
21722 3629 1
22300 3629 1
22491 3629 1
22498 3629 1
22788 3629 1
22866 3629 1
23216 3629 1
24593 3629 1
24816 3629 1
25443 3629 1
26069 3629 1
3632 3631 1
3633 3631 1
3634 3631 1
3635 3631 1
3636 3631 1
3637 3631 1
3638 3631 1
8774 3636 1
8854 3636 1
19207 3636 1
19644 3636 1
19645 3636 1
19646 3636 1
19647 3636 1
3640 3639 1
4956 3640 1
6267 3640 1
7444 3640 1
13144 3640 1
15420 3640 1
15431 3640 1
15436 3640 1
16144 3640 1
18575 3640 1
18833 3640 1
18901 3640 1
21297 3640 1
24949 3640 1
3643 3642 1
3644 3642 1
3645 3642 1
3646 3642 1
6812 3644 1
6812 3645 1
6427 3649 1
3657 3656 1
11148 3661 1
3674 3673 1
3678 3677 1
4118 3678 1
5914 3678 1
10084 3678 1
11188 3678 1
13436 3678 1
15065 3678 1
15071 3678 1
15078 3678 1
15156 3678 1
15806 3678 1
18123 3678 1
18128 3678 1
18134 3678 1
18144 3678 1
19649 3678 1
19685 3678 1
20644 3678 1
20739 3678 1
21073 3678 1
21634 3678 1
23266 3678 1
23993 3678 1
24503 3678 1
24801 3678 1
25143 3678 1
25957 3678 1
25958 3678 1
25959 3678 1
3680 3679 1
3681 3679 1
3682 3679 1
3683 3679 1
3684 3679 1
3685 3679 1
3686 3679 1
4093 3680 1
3702 3682 1
3703 3682 1
3704 3682 1
3705 3682 1
3706 3682 1
3707 3682 1
3708 3682 1
3709 3682 1
3710 3682 1
3711 3682 1
3712 3682 1
3713 3682 1
3714 3682 1
3715 3682 1
3716 3682 1
3717 3682 1
3718 3682 1
3719 3682 1
3720 3682 1
3721 3682 1
3722 3682 1
3723 3682 1
3724 3682 1
3725 3682 1
3726 3682 1
3727 3682 1
3728 3682 1
3729 3682 1
3730 3682 1
3731 3682 1
3732 3682 1
3733 3682 1
3734 3682 1
3735 3682 1
3736 3682 1
3737 3682 1
3738 3682 1
15147 3684 1
10969 3686 1
16412 3686 1
19507 3686 1
19572 3686 1
3689 3688 1
6485 3689 1
10181 3689 1
14954 3689 1
19054 3689 1
20280 3689 1
3695 3694 1
3696 3694 1
3697 3694 1
6849 3696 1
9848 3696 1
9980 3696 1
9985 3696 1
9997 3696 1
10483 3696 1
10698 3696 1
19541 3696 1
3852 3697 1
7570 3697 1
9213 3697 1
9214 3697 1
9215 3697 1
3701 3700 1
13522 3702 1
16233 3702 1
25365 3703 1
4158 3704 1
5364 3705 1
5365 3705 1
4137 3707 1
4138 3707 1
4139 3707 1
3926 3708 1
11843 3708 1
3929 3709 1
18619 3709 1
19831 3710 1
4155 3711 1
4961 3714 1
11452 3714 1
22519 3714 1
19102 3715 1
24976 3715 1
4093 3721 1
15601 3722 1
15981 3722 1
4309 3723 1
11457 3723 1
15715 3724 1
17907 3724 1
18499 3724 1
21949 3724 1
23845 3724 1
26083 3724 1
15748 3725 1
19705 3725 1
6294 3726 1
6558 3726 1
8701 3726 1
16195 3726 1
20348 3726 1
24114 3726 1
10107 3727 1
10108 3727 1
12503 3727 1
19211 3727 1
20190 3727 1
13972 3729 1
23767 3729 1
23768 3729 1
3950 3731 1
20390 3731 1
25220 3731 1
25365 3732 1
6163 3735 1
3740 3739 1
4187 3740 1
4188 3740 1
4189 3740 1
3742 3741 1
25102 3742 1
3747 3746 1
19548 3747 1
20556 3747 1
24446 3747 1
24447 3747 1
12889 3751 1
4210 3752 1
5142 3752 1
5146 3752 1
6296 3752 1
6615 3752 1
6624 3752 1
9187 3752 1
9403 3752 1
9556 3752 1
9709 3752 1
11069 3752 1
12509 3752 1
12513 3752 1
13126 3752 1
13177 3752 1
13192 3752 1
13249 3752 1
13676 3752 1
13942 3752 1
14348 3752 1
14380 3752 1
14639 3752 1
14650 3752 1
15902 3752 1
16019 3752 1
16870 3752 1
17154 3752 1
18314 3752 1
18315 3752 1
18316 3752 1
18317 3752 1
18318 3752 1
18319 3752 1
18320 3752 1
18321 3752 1
18322 3752 1
18323 3752 1
18324 3752 1
18325 3752 1
18326 3752 1
18327 3752 1
18328 3752 1
18329 3752 1
19689 3753 1
3756 3755 1
7102 3756 1
13485 3756 1
15375 3756 1
19038 3756 1
20653 3756 1
20696 3756 1
23398 3756 1
3762 3761 1
13487 3762 1
3764 3763 1
8813 3764 1
24763 3764 1
3766 3765 1
4444 3769 1
4427 3770 1
4444 3770 1
14533 3770 1
15266 3770 1
9582 3772 1
18190 3772 1
4444 3773 1
16875 3773 1
22253 3773 1
4444 3774 1
11122 3774 1
16877 3774 1
16877 3776 1
4444 3778 1
3786 3785 1
10097 3786 1
10233 3786 1
3788 3787 1
3795 3794 1
3796 3794 1
4514 3796 1
6067 3796 1
12618 3796 1
12619 3796 1
12620 3796 1
12621 3796 1
12622 3796 1
12623 3796 1
12624 3796 1
12625 3796 1
12626 3796 1
3801 3800 1
3802 3800 1
3803 3800 1
3804 3800 1
3805 3800 1
3806 3800 1
3807 3800 1
3808 3800 1
3816 3802 1
3898 3802 1
6213 3802 1
6355 3802 1
6356 3802 1
9838 3802 1
10113 3802 1
12868 3802 1
12932 3802 1
13296 3802 1
14426 3802 1
14704 3802 1
15792 3802 1
20795 3802 1
3816 3803 1
6213 3803 1
6213 3804 1
6213 3805 1
6213 3807 1
6355 3807 1
6213 3808 1
3811 3810 1
7480 3811 1
8382 3811 1
9003 3811 1
14162 3811 1
21228 3811 1
21657 3811 1
23832 3811 1
4134 3814 1
4724 3814 1
5714 3814 1
6041 3814 1
6042 3814 1
6043 3814 1
6044 3814 1
6045 3814 1
6046 3814 1
6047 3814 1
6048 3814 1
6049 3814 1
6050 3814 1
6051 3814 1
6052 3814 1
6053 3814 1
6054 3814 1
6055 3814 1
6056 3814 1
6057 3814 1
6058 3814 1
6059 3814 1
6060 3814 1
6061 3814 1
6062 3814 1
6063 3814 1
6064 3814 1
6065 3814 1
6066 3814 1
6067 3814 1
6068 3814 1
6069 3814 1
6070 3814 1
6071 3814 1
6072 3814 1
6073 3814 1
3816 3815 1
4042 3816 1
9409 3816 1
12924 3816 1
12925 3816 1
12935 3816 1
12945 3816 1
13737 3816 1
14752 3816 1
15197 3816 1
15204 3816 1
16167 3816 1
17084 3816 1
17838 3816 1
25573 3816 1
25784 3816 1
26188 3816 1
26277 3816 1
3818 3817 1
3819 3817 1
3820 3817 1
23780 3819 1
3823 3822 1
3827 3826 1
3828 3826 1
19831 3828 1
3830 3829 1
5967 3830 1
6043 3830 1
15498 3830 1
22318 3830 1
22889 3830 1
23292 3830 1
25681 3830 1
3832 3831 1
3885 3832 1
4790 3832 1
9998 3832 1
10317 3832 1
10454 3832 1
10574 3832 1
15270 3832 1
15980 3832 1
16818 3832 1
16950 3832 1
17024 3832 1
17032 3832 1
17807 3832 1
23793 3832 1
25156 3832 1
25210 3832 1
25711 3832 1
26199 3832 1
26343 3832 1
26383 3832 1
3834 3833 1
5050 3834 1
6102 3834 1
15235 3834 1
15243 3834 1
22333 3834 1
25178 3834 1
26462 3834 1
3837 3836 1
3838 3836 1
3839 3836 1
3840 3836 1
3841 3836 1
11002 3838 1
19726 3838 1
19756 3838 1
19757 3838 1
19758 3838 1
19759 3838 1
3840 3839 1
3841 3839 1
4927 3839 1
14668 3839 1
15976 3839 1
15977 3839 1
15978 3839 1
4427 3840 1
4863 3841 1
4927 3841 1
3847 3846 1
13247 3847 1
13482 3847 1
13783 3847 1
14727 3847 1
16337 3847 1
17155 3847 1
17171 3847 1
18859 3847 1
19400 3847 1
20020 3847 1
20341 3847 1
22305 3847 1
22306 3847 1
22307 3847 1
22308 3847 1
22309 3847 1
22310 3847 1
3850 3849 1
3851 3849 1
3852 3849 1
3853 3849 1
3854 3849 1
7665 3850 1
19247 3850 1
7665 3851 1
12574 3852 1
15336 3852 1
10935 3854 1
3856 3855 1
3857 3855 1
4008 3856 1
4170 3856 1
4631 3856 1
4632 3856 1
4837 3856 1
5747 3856 1
7373 3856 1
9485 3856 1
9486 3856 1
11699 3856 1
13500 3856 1
13760 3856 1
14473 3856 1
15152 3856 1
16917 3856 1
17904 3856 1
18097 3856 1
18459 3856 1
18737 3856 1
19110 3856 1
19215 3856 1
19585 3856 1
19707 3856 1
21074 3856 1
21153 3856 1
21688 3856 1
22079 3856 1
22848 3856 1
22864 3856 1
23153 3856 1
23154 3856 1
23156 3856 1
24033 3856 1
24186 3856 1
24187 3856 1
4161 3857 1
4170 3857 1
3859 3858 1
3860 3858 1
4268 3860 1
14204 3860 1
22444 3860 1
22445 3860 1
22446 3860 1
3862 3861 1
3863 3861 1
3864 3861 1
3865 3861 1
3866 3861 1
3867 3861 1
3868 3861 1
3869 3861 1
3870 3861 1
3871 3861 1
3872 3861 1
3873 3861 1
26178 3863 1
25632 3865 1
4021 3866 1
9853 3869 1
11141 3869 1
23914 3869 1
4020 3870 1
4021 3870 1
18495 3873 1
20821 3873 1
3877 3876 1
9545 3877 1
11972 3877 1
12076 3877 1
15624 3877 1
20893 3877 1
21054 3877 1
21055 3877 1
21660 3877 1
21661 3877 1
21662 3877 1
21663 3877 1
3887 3886 1
4155 3887 1
19073 3887 1
19074 3887 1
19075 3887 1
3891 3890 1
3892 3890 1
5379 3891 1
5407 3891 1
14835 3891 1
15772 3892 1
3898 3897 1
4042 3898 1
6656 3898 1
10112 3898 1
10984 3898 1
11377 3898 1
11885 3898 1
12705 3898 1
12720 3898 1
12918 3898 1
12919 3898 1
12920 3898 1
12921 3898 1
12922 3898 1
12923 3898 1
12924 3898 1
12925 3898 1
12926 3898 1
12927 3898 1
12928 3898 1
12929 3898 1
12930 3898 1
12931 3898 1
12932 3898 1
12933 3898 1
12934 3898 1
12935 3898 1
12936 3898 1
12937 3898 1
12938 3898 1
12939 3898 1
12940 3898 1
12941 3898 1
12942 3898 1
12943 3898 1
12944 3898 1
12945 3898 1
12946 3898 1
12947 3898 1
3902 3901 1
11538 3902 1
3905 3904 1
4866 3905 1
5935 3905 1
5956 3905 1
11812 3905 1
12692 3905 1
13525 3905 1
14210 3905 1
14610 3905 1
24465 3905 1
3907 3906 1
3908 3906 1
3908 3907 1
12991 3907 1
14437 3907 1
15123 3907 1
17726 3907 1
17877 3907 1
20210 3907 1
20339 3907 1
20737 3907 1
22313 3907 1
22684 3907 1
25319 3907 1
25447 3907 1
4097 3908 1
10332 3908 1
10679 3908 1
11298 3908 1
11341 3908 1
11354 3908 1
11359 3908 1
13626 3908 1
13771 3908 1
14437 3908 1
15160 3908 1
18022 3908 1
20279 3908 1
20339 3908 1
21452 3908 1
21487 3908 1
21962 3908 1
22841 3908 1
23183 3908 1
23263 3908 1
24604 3908 1
3910 3909 1
3911 3909 1
3915 3914 1
5193 3915 1
6444 3915 1
10020 3915 1
16790 3915 1
19420 3915 1
25343 3915 1
3917 3916 1
4825 3917 1
6036 3917 1
18797 3917 1
19316 3917 1
19850 3917 1
22593 3917 1
22594 3917 1
22595 3917 1
22596 3917 1
22597 3917 1
22598 3917 1
3920 3919 1
4323 3920 1
4327 3920 1
4328 3920 1
4340 3920 1
4341 3920 1
4380 3920 1
4528 3920 1
5236 3920 1
8801 3920 1
8803 3920 1
11120 3920 1
13713 3920 1
14603 3920 1
15341 3920 1
15362 3920 1
15900 3920 1
17088 3920 1
17131 3920 1
17132 3920 1
19021 3920 1
19391 3920 1
20149 3920 1
20346 3920 1
21776 3920 1
25565 3920 1
25566 3920 1
25567 3920 1
25568 3920 1
25569 3920 1
25570 3920 1
25571 3920 1
3924 3923 1
5429 3924 1
8955 3924 1
9048 3924 1
17644 3924 1
20256 3924 1
24463 3924 1
3927 3926 1
3936 3935 1
10161 3936 1
17713 3936 1
7186 3938 1
14174 3938 1
3941 3940 1
3942 3940 1
3943 3940 1
3944 3940 1
3945 3940 1
4746 3942 1
5142 3942 1
4746 3943 1
21725 3945 1
3950 3949 1
12575 3950 1
12576 3950 1
3952 3951 1
8757 3952 1
8761 3952 1
8762 3952 1
8763 3952 1
25042 3952 1
25756 3952 1
26423 3952 1
3957 3956 1
3958 3956 1
3960 3959 1
5861 3960 1
5862 3960 1
5863 3960 1
5864 3960 1
5865 3960 1
3965 3964 1
3966 3964 1
3967 3964 1
3968 3964 1
3969 3964 1
3970 3964 1
3971 3964 1
3972 3964 1
3973 3964 1
3974 3964 1
3975 3964 1
3976 3964 1
3977 3964 1
3978 3964 1
3979 3964 1
3980 3964 1
3981 3964 1
3982 3964 1
3983 3964 1
3984 3964 1
3985 3964 1
3986 3964 1
3987 3964 1
3988 3964 1
3989 3964 1
3990 3964 1
3991 3964 1
3992 3964 1
3993 3964 1
6190 3965 1
7646 3972 1
23512 3972 1
4192 3989 1
3997 3996 1
9769 3997 1
3999 3998 1
4004 4003 1
14130 4004 1
4006 4005 1
4007 4005 1
4008 4005 1
4009 4005 1
4010 4005 1
4011 4005 1
4161 4007 1
12617 4007 1
4011 4008 1
4799 4008 1
4834 4008 1
8408 4008 1
9541 4008 1
12617 4008 1
15363 4008 1
23141 4008 1
25799 4008 1
25879 4008 1
4161 4010 1
4170 4010 1
14065 4010 1
24187 4010 1
19618 4011 1
4014 4013 1
5249 4014 1
21150 4014 1
26446 4014 1
26447 4014 1
26448 4014 1
4021 4020 1
11158 4020 1
11159 4020 1
11160 4020 1
11161 4020 1
11162 4020 1
4514 4021 1
5192 4021 1
5875 4021 1
6026 4021 1
8779 4021 1
9852 4021 1
11498 4021 1
12712 4021 1
14005 4021 1
14889 4021 1
15265 4021 1
15547 4021 1
15773 4021 1
16106 4021 1
16719 4021 1
16784 4021 1
16786 4021 1
16794 4021 1
17748 4021 1
18485 4021 1
18603 4021 1
19232 4021 1
19410 4021 1
19414 4021 1
19419 4021 1
20156 4021 1
20363 4021 1
20364 4021 1
20365 4021 1
20366 4021 1
20367 4021 1
20368 4021 1
20369 4021 1
20370 4021 1
20371 4021 1
20372 4021 1
20373 4021 1
20374 4021 1
20375 4021 1
20376 4021 1
20377 4021 1
20378 4021 1
20379 4021 1
20380 4021 1
20381 4021 1
20382 4021 1
20383 4021 1
20384 4021 1
4023 4022 1
24519 4023 1
4025 4024 1
4026 4024 1
4035 4034 1
4200 4035 1
7066 4035 1
7412 4035 1
7982 4035 1
8094 4035 1
8501 4035 1
9916 4035 1
10246 4035 1
10418 4035 1
10579 4035 1
10789 4035 1
10866 4035 1
10890 4035 1
11325 4035 1
15901 4035 1
15954 4035 1
16321 4035 1
16991 4035 1
17298 4035 1
17484 4035 1
17561 4035 1
18046 4035 1
18543 4035 1
18563 4035 1
18583 4035 1
19276 4035 1
20248 4035 1
21416 4035 1
22636 4035 1
22637 4035 1
22638 4035 1
22639 4035 1
22640 4035 1
22641 4035 1
4037 4036 1
4039 4038 1
15883 4039 1
4041 4040 1
8894 4041 1
9614 4041 1
9615 4041 1
13778 4041 1
13791 4041 1
16590 4041 1
17906 4041 1
18497 4041 1
19548 4041 1
20085 4041 1
20551 4041 1
20552 4041 1
20553 4041 1
20554 4041 1
20555 4041 1
20556 4041 1
4043 4042 1
11884 4043 1
11885 4043 1
11886 4043 1
11887 4043 1
4046 4045 1
4047 4045 1
4048 4045 1
4049 4045 1
4050 4045 1
4051 4045 1
4052 4045 1
4053 4045 1
4054 4045 1
4055 4045 1
4056 4045 1
4057 4045 1
4048 4047 1
4050 4048 1
4055 4048 1
9840 4048 1
21701 4048 1
26092 4048 1
26256 4048 1
8071 4053 1
8071 4054 1
10065 4055 1
4061 4060 1
4062 4060 1
8589 4061 1
12336 4061 1
4065 4064 1
6301 4065 1
22610 4065 1
22611 4065 1
4068 4067 1
4069 4067 1
4073 4072 1
4074 4072 1
4834 4074 1
5319 4074 1
7023 4074 1
9585 4074 1
11467 4074 1
4077 4076 1
4302 4079 1
4837 4079 1
5840 4079 1
5850 4079 1
6311 4079 1
9268 4079 1
9269 4079 1
9280 4079 1
9286 4079 1
9296 4079 1
9666 4079 1
9924 4079 1
11608 4079 1
11721 4079 1
12837 4079 1
12966 4079 1
13087 4079 1
13147 4079 1
13148 4079 1
13690 4079 1
13998 4079 1
14254 4079 1
14542 4079 1
14574 4079 1
14695 4079 1
15477 4079 1
15838 4079 1
15952 4079 1
15991 4079 1
16182 4079 1
18192 4079 1
18193 4079 1
18194 4079 1
18195 4079 1
18196 4079 1
18197 4079 1
18198 4079 1
18199 4079 1
18200 4079 1
18201 4079 1
18202 4079 1
18203 4079 1
18204 4079 1
18205 4079 1
18206 4079 1
18207 4079 1
18208 4079 1
18209 4079 1
18210 4079 1
18211 4079 1
18212 4079 1
18213 4079 1
18214 4079 1
18215 4079 1
18216 4079 1
18217 4079 1
18218 4079 1
18219 4079 1
18220 4079 1
18221 4079 1
18222 4079 1
18223 4079 1
18224 4079 1
18225 4079 1
18226 4079 1
18227 4079 1
18228 4079 1
18229 4079 1
4093 4092 1
6498 4093 1
14164 4093 1
14444 4093 1
15716 4093 1
15718 4093 1
16018 4093 1
16436 4093 1
23124 4093 1
24485 4093 1
26412 4093 1
10170 4097 1
11298 4109 1
4113 4112 1
4114 4112 1
4308 4113 1
12887 4113 1
13011 4113 1
15600 4113 1
16201 4113 1
18963 4113 1
19269 4113 1
19270 4113 1
19271 4113 1
9219 4125 1
9621 4125 1
11224 4125 1
11225 4125 1
13385 4125 1
13656 4125 1
14579 4125 1
15300 4125 1
18187 4125 1
18305 4125 1
18779 4125 1
19838 4125 1
22019 4125 1
24572 4125 1
24573 4125 1
24574 4125 1
5298 4128 1
6206 4128 1
10944 4128 1
13431 4128 1
13670 4128 1
16077 4128 1
18426 4128 1
20895 4128 1
21183 4128 1
22433 4128 1
23001 4128 1
24080 4128 1
25047 4128 1
25601 4128 1
25980 4128 1
26149 4128 1
26287 4128 1
6430 4129 1
22111 4129 1
18803 4130 1
11408 4131 1
4134 4133 1
6061 4134 1
6076 4134 1
11150 4134 1
22069 4134 1
22767 4134 1
25829 4134 1
13994 4138 1
20411 4138 1
4141 4140 1
9789 4141 1
4144 4143 1
4145 4143 1
4146 4143 1
4147 4143 1
4148 4143 1
4149 4143 1
11087 4146 1
4754 4148 1
4152 4151 1
9782 4152 1
9783 4152 1
9784 4152 1
9785 4152 1
9786 4152 1
9787 4152 1
4154 4153 1
4155 4153 1
6238 4154 1
6319 4154 1
6320 4154 1
6321 4154 1
8698 4155 1
8699 4155 1
8700 4155 1
8701 4155 1
8702 4155 1
8703 4155 1
4158 4157 1
25062 4158 1
4160 4159 1
4161 4159 1
4162 4159 1
5310 4160 1
7373 4160 1
11163 4160 1
13470 4160 1
15528 4160 1
16502 4160 1
19625 4160 1
20076 4160 1
20078 4160 1
20080 4160 1
20081 4160 1
22530 4160 1
22531 4160 1
4393 4161 1
4632 4161 1
5747 4161 1
6446 4161 1
7373 4161 1
9486 4161 1
11163 4161 1
11698 4161 1
11699 4161 1
12616 4161 1
13470 4161 1
13500 4161 1
13760 4161 1
15152 4161 1
15153 4161 1
15275 4161 1
15277 4161 1
15912 4161 1
16917 4161 1
17904 4161 1
18097 4161 1
19110 4161 1
19473 4161 1
19585 4161 1
19618 4161 1
21074 4161 1
21076 4161 1
21153 4161 1
21689 4161 1
22141 4161 1
22142 4161 1
22848 4161 1
22864 4161 1
23153 4161 1
23154 4161 1
23155 4161 1
23156 4161 1
6323 4162 1
15528 4162 1
20076 4162 1
20077 4162 1
20078 4162 1
20079 4162 1
20080 4162 1
20081 4162 1
4165 4164 1
4166 4164 1
11032 4166 1
4170 4169 1
6446 4170 1
11698 4170 1
11699 4170 1
11700 4170 1
11701 4170 1
4172 4171 1
11607 4172 1
14747 4172 1
25731 4172 1
26014 4172 1
4177 4176 1
4178 4176 1
16483 4177 1
18376 4177 1
25603 4177 1
4182 4181 1
4183 4181 1
16840 4182 1
16978 4182 1
19192 4182 1
20093 4182 1
20241 4182 1
22886 4182 1
25903 4183 1
4185 4184 1
4186 4184 1
14000 4186 1
5256 4187 1
12247 4189 1
4192 4191 1
6676 4192 1
8780 4192 1
9048 4192 1
11747 4192 1
12533 4192 1
12534 4192 1
12535 4192 1
12536 4192 1
12537 4192 1
12538 4192 1
12539 4192 1
12540 4192 1
12541 4192 1
12542 4192 1
12543 4192 1
12544 4192 1
12545 4192 1
12546 4192 1
4197 4196 1
4200 4199 1
8598 4200 1
15176 4200 1
17484 4200 1
18046 4200 1
18542 4200 1
18543 4200 1
4202 4201 1
4203 4201 1
14511 4202 1
17867 4202 1
21939 4202 1
22857 4202 1
25335 4202 1
25659 4202 1
25660 4202 1
25661 4202 1
9233 4203 1
11945 4203 1
14511 4203 1
14657 4203 1
16628 4203 1
19721 4203 1
21939 4203 1
25335 4203 1
25826 4203 1
25827 4203 1
25828 4203 1
4205 4204 1
4209 4208 1
4210 4208 1
4211 4208 1
4212 4208 1
4210 4209 1
13313 4210 1
4221 4220 1
9739 4221 1
18274 4221 1
21140 4221 1
22504 4221 1
22505 4221 1
22506 4221 1
22507 4221 1
22508 4221 1
22509 4221 1
4223 4222 1
4224 4222 1
12513 4223 1
15288 4223 1
15372 4223 1
15684 4223 1
19889 4223 1
19906 4223 1
20128 4223 1
20129 4223 1
4228 4227 1
4230 4229 1
4233 4232 1
4241 4240 1
5210 4241 1
17857 4243 1
5186 4246 1
6215 4247 1
4837 4249 1
4858 4249 1
4965 4249 1
4983 4249 1
8249 4249 1
9748 4249 1
10010 4249 1
10081 4249 1
10465 4249 1
10599 4249 1
10870 4249 1
11304 4249 1
13621 4249 1
14652 4249 1
16086 4249 1
18475 4249 1
18482 4249 1
20814 4249 1
21509 4249 1
24432 4249 1
25554 4249 1
26135 4249 1
6215 4250 1
21178 4253 1
4266 4265 1
4268 4267 1
4269 4267 1
4269 4268 1
13288 4268 1
15047 4268 1
9498 4269 1
4271 4270 1
4301 4271 1
4339 4271 1
5883 4271 1
6105 4271 1
9522 4271 1
11238 4271 1
13516 4271 1
13519 4271 1
13946 4271 1
13963 4271 1
13966 4271 1
14711 4271 1
19383 4271 1
20197 4271 1
20198 4271 1
20522 4271 1
22057 4271 1
22388 4271 1
22398 4271 1
23424 4271 1
23425 4271 1
23426 4271 1
23427 4271 1
23428 4271 1
16956 4276 1
18473 4276 1
5959 4278 1
10824 4283 1
10583 4286 1
4864 4288 1
5870 4288 1
6385 4288 1
9240 4288 1
13314 4288 1
22302 4288 1
4301 4300 1
6149 4301 1
8740 4301 1
13593 4301 1
14522 4301 1
18719 4301 1
19237 4301 1
20303 4301 1
24158 4301 1
24425 4301 1
26376 4301 1
10508 4305 1
10649 4305 1
11375 4305 1
13088 4305 1
16110 4305 1
17883 4305 1
17884 4305 1
17885 4305 1
17886 4305 1
17887 4305 1
17888 4305 1
4309 4308 1
4310 4308 1
4311 4308 1
6074 4309 1
24154 4309 1
4916 4315 1
5957 4315 1
10007 4315 1
12770 4315 1
19260 4315 1
4319 4318 1
4320 4318 1
4321 4318 1
4322 4318 1
4323 4318 1
4324 4318 1
4325 4318 1
4326 4318 1
4327 4318 1
4328 4318 1
4329 4318 1
4330 4318 1
4331 4318 1
4332 4318 1
4333 4318 1
4334 4318 1
4335 4318 1
4336 4318 1
4337 4318 1
4338 4318 1
4339 4318 1
4340 4318 1
4341 4318 1
4342 4318 1
14715 4328 1
5235 4329 1
5884 4329 1
10109 4329 1
11238 4329 1
22391 4329 1
23403 4329 1
23404 4329 1
23405 4329 1
21804 4332 1
21810 4332 1
14916 4334 1
16594 4334 1
6103 4335 1
20197 4339 1
20198 4339 1
6428 4341 1
19022 4341 1
22871 4341 1
4348 4347 1
4349 4347 1
10211 4353 1
4367 4366 1
4375 4374 1
4723 4375 1
5957 4375 1
6383 4375 1
8775 4375 1
9523 4375 1
10508 4375 1
10857 4375 1
10919 4375 1
10920 4375 1
10921 4375 1
10922 4375 1
10923 4375 1
10924 4375 1
10925 4375 1
10926 4375 1
10927 4375 1
10928 4375 1
10929 4375 1
10930 4375 1
4379 4378 1
7259 4379 1
12265 4379 1
14642 4379 1
16537 4379 1
18866 4379 1
22846 4379 1
23747 4379 1
24227 4379 1
24371 4379 1
4384 4383 1
9832 4384 1
19581 4384 1
7549 4385 1
4389 4388 1
5135 4389 1
4391 4390 1
5393 4391 1
16630 4391 1
4393 4392 1
4397 4396 1
4398 4396 1
4399 4396 1
4400 4396 1
21937 4399 1
4661 4400 1
14397 4400 1
16674 4400 1
19304 4400 1
23416 4400 1
23417 4400 1
4402 4401 1
8700 4402 1
14587 4402 1
4404 4403 1
15811 4404 1
21726 4404 1
4406 4405 1
4837 4406 1
9122 4406 1
11666 4406 1
11851 4406 1
11858 4406 1
11859 4406 1
11875 4406 1
12149 4406 1
13131 4406 1
13607 4406 1
14030 4406 1
20819 4406 1
23028 4406 1
25552 4406 1
26186 4406 1
4408 4407 1
4409 4407 1
4409 4408 1
6230 4409 1
11626 4409 1
12591 4409 1
12881 4409 1
13537 4409 1
16606 4409 1
19448 4409 1
20798 4409 1
21544 4409 1
21708 4409 1
23469 4409 1
24021 4409 1
24718 4409 1
24993 4409 1
25146 4409 1
25457 4409 1
25809 4409 1
25810 4409 1
4411 4410 1
4413 4412 1
4470 4413 1
4977 4413 1
4998 4413 1
5093 4413 1
5094 4413 1
6213 4413 1
9122 4413 1
11155 4413 1
11156 4413 1
11718 4413 1
12911 4413 1
13117 4413 1
13939 4413 1
15954 4413 1
19519 4413 1
20855 4413 1
20856 4413 1
20857 4413 1
20858 4413 1
20859 4413 1
20860 4413 1
20861 4413 1
20862 4413 1
20863 4413 1
4416 4415 1
6186 4416 1
6341 4416 1
6427 4416 1
8781 4416 1
13589 4416 1
14865 4416 1
14983 4416 1
15983 4416 1
18824 4416 1
18825 4416 1
18826 4416 1
18827 4416 1
4421 4420 1
10092 4421 1
14014 4421 1
17759 4421 1
4427 4426 1
4863 4427 1
4927 4427 1
4931 4427 1
6821 4427 1
18772 4427 1
4431 4430 1
6416 4431 1
9399 4431 1
11676 4431 1
15097 4431 1
15250 4431 1
19439 4431 1
19608 4431 1
19609 4431 1
19610 4431 1
19611 4431 1
19612 4431 1
19613 4431 1
19614 4431 1
4435 4434 1
4436 4434 1
4437 4434 1
18789 4436 1
13897 4437 1
13898 4437 1
4442 4441 1
4781 4442 1
4906 4442 1
7740 4442 1
8620 4442 1
11838 4442 1
11897 4442 1
12710 4442 1
12725 4442 1
13349 4442 1
13684 4442 1
13845 4442 1
13981 4442 1
15820 4442 1
16076 4442 1
16500 4442 1
17001 4442 1
17790 4442 1
17793 4442 1
20912 4442 1
20922 4442 1
20923 4442 1
20924 4442 1
20925 4442 1
20926 4442 1
20927 4442 1
20928 4442 1
20929 4442 1
20930 4442 1
20931 4442 1
11122 4444 1
12686 4444 1
14533 4444 1
15154 4444 1
15155 4444 1
16873 4444 1
16874 4444 1
16875 4444 1
16876 4444 1
16877 4444 1
4446 4445 1
4447 4445 1
4448 4445 1
4449 4445 1
4450 4445 1
4451 4445 1
4452 4445 1
4453 4445 1
4454 4445 1
4455 4445 1
4456 4445 1
4457 4445 1
4458 4445 1
4459 4445 1
4460 4445 1
4461 4445 1
4462 4445 1
4463 4445 1
4464 4445 1
4465 4445 1
4466 4445 1
14928 4447 1
8446 4454 1
4462 4457 1
15970 4464 1
4470 4469 1
9562 4470 1
9565 4470 1
9566 4470 1
9567 4470 1
9568 4470 1
15699 4470 1
4473 4472 1
5260 4473 1
19365 4473 1
20613 4473 1
21843 4473 1
21853 4473 1
22005 4473 1
23750 4473 1
24757 4473 1
24758 4473 1
24759 4473 1
24760 4473 1
4475 4474 1
4739 4475 1
4772 4475 1
4807 4475 1
4828 4475 1
4868 4475 1
4888 4475 1
4911 4475 1
5074 4475 1
6888 4475 1
7111 4475 1
9871 4475 1
9880 4475 1
9881 4475 1
10059 4475 1
10139 4475 1
10456 4475 1
10599 4475 1
11023 4475 1
11425 4475 1
11743 4475 1
12615 4475 1
12703 4475 1
13458 4475 1
13480 4475 1
13654 4475 1
14137 4475 1
14576 4475 1
14933 4475 1
15212 4475 1
15306 4475 1
16667 4475 1
17025 4475 1
18005 4475 1
18575 4475 1
18795 4475 1
18898 4475 1
18899 4475 1
18900 4475 1
18901 4475 1
18902 4475 1
18903 4475 1
18904 4475 1
18905 4475 1
18906 4475 1
18907 4475 1
18908 4475 1
18909 4475 1
18910 4475 1
18911 4475 1
18912 4475 1
18913 4475 1
19792 4481 1
14572 4482 1
5889 4488 1
4508 4490 1
11009 4490 1
11473 4490 1
22959 4490 1
4498 4496 1
8711 4498 1
16983 4498 1
20944 4498 1
26214 4498 1
6419 4503 1
9524 4504 1
8837 4506 1
4508 4507 1
4509 4507 1
5163 4508 1
9793 4508 1
12858 4508 1
12859 4508 1
12860 4508 1
12861 4508 1
12862 4508 1
13395 4509 1
13396 4509 1
14233 4509 1
25646 4509 1
4514 4513 1
8822 4514 1
12623 4514 1
16327 4514 1
15432 4523 1
4539 4531 1
9645 4531 1
12639 4531 1
14337 4531 1
16344 4531 1
4539 4532 1
9384 4532 1
4557 4534 1
4551 4538 1
6324 4538 1
15826 4538 1
15827 4538 1
15828 4538 1
15829 4538 1
6192 4539 1
6193 4539 1
15890 4539 1
9557 4540 1
14396 4540 1
16746 4540 1
19667 4540 1
19668 4540 1
4553 4546 1
12640 4546 1
19547 4546 1
20020 4546 1
15565 4549 1
15890 4549 1
20036 4549 1
21942 4549 1
14544 4550 1
9826 4553 1
19667 4553 1
24438 4553 1
6427 4554 1
20020 4554 1
4610 4555 1
5244 4555 1
6191 4555 1
9832 4555 1
10962 4555 1
13397 4555 1
14977 4555 1
16524 4555 1
18550 4555 1
19543 4555 1
20652 4555 1
20888 4555 1
21118 4555 1
21119 4555 1
21120 4555 1
21121 4555 1
21122 4555 1
21123 4555 1
21124 4555 1
21125 4555 1
21126 4555 1
21127 4555 1
21128 4555 1
21129 4555 1
21130 4555 1
21131 4555 1
21132 4555 1
21133 4555 1
15826 4556 1
18117 4556 1
22557 4556 1
25625 4556 1
9557 4560 1
9558 4560 1
16168 4560 1
16169 4560 1
16170 4560 1
9798 4562 1
4700 4576 1
15020 4576 1
18386 4576 1
18387 4576 1
18388 4576 1
6005 4579 1
4743 4612 1
4615 4614 1
8779 4615 1
10115 4615 1
12828 4615 1
12829 4615 1
14693 4615 1
15267 4615 1
15541 4615 1
15542 4615 1
15543 4615 1
15544 4615 1
15545 4615 1
15546 4615 1
15547 4615 1
15548 4615 1
15549 4615 1
15550 4615 1
15551 4615 1
15552 4615 1
15553 4615 1
15554 4615 1
15555 4615 1
4617 4616 1
6925 4617 1
10838 4617 1
11189 4617 1
22287 4617 1
23274 4617 1
25710 4617 1
25884 4617 1
4622 4621 1
6319 4622 1
6499 4622 1
14006 4622 1
14007 4622 1
14008 4622 1
4624 4623 1
4625 4623 1
4626 4623 1
4627 4623 1
4628 4623 1
4629 4623 1
4630 4623 1
9684 4630 1
13145 4630 1
13146 4630 1
14367 4630 1
17862 4630 1
18329 4630 1
19630 4630 1
19631 4630 1
19632 4630 1
19633 4630 1
19634 4630 1
19635 4630 1
19636 4630 1
19637 4630 1
4632 4631 1
15893 4632 1
4636 4635 1
11180 4636 1
4642 4641 1
9680 4642 1
16320 4642 1
18818 4642 1
23884 4642 1
4644 4643 1
4645 4643 1
4647 4646 1
4909 4647 1
5856 4647 1
13646 4647 1
18342 4647 1
18592 4647 1
19702 4647 1
19773 4647 1
19943 4647 1
20616 4647 1
21705 4647 1
22708 4647 1
23757 4647 1
24640 4647 1
24921 4647 1
24928 4647 1
25046 4647 1
25635 4647 1
25699 4647 1
25753 4647 1
4657 4656 1
18625 4657 1
4662 4661 1
4666 4665 1
4667 4665 1
4668 4665 1
17002 4670 1
21420 4670 1
4866 4671 1
8732 4671 1
8733 4671 1
8734 4671 1
8735 4671 1
8736 4671 1
8737 4671 1
4678 4677 1
4679 4677 1
4680 4677 1
4681 4677 1
10115 4678 1
17102 4678 1
4684 4683 1
16909 4684 1
19130 4684 1
21424 4684 1
22520 4684 1
22972 4684 1
26230 4684 1
4686 4685 1
4690 4689 1
4691 4689 1
4692 4689 1
11653 4690 1
8365 4691 1
8365 4692 1
4695 4694 1
5144 4695 1
7597 4695 1
10154 4695 1
13985 4695 1
15244 4695 1
17294 4695 1
17394 4695 1
19890 4695 1
20000 4695 1
22419 4695 1
22420 4695 1
4699 4698 1
4700 4698 1
18388 4699 1
18388 4700 1
4702 4701 1
4703 4701 1
4704 4701 1
4705 4701 1
4712 4711 1
4713 4711 1
6541 4712 1
9529 4712 1
11091 4712 1
11092 4712 1
11093 4712 1
11094 4712 1
11095 4712 1
11096 4712 1
11097 4712 1
11098 4712 1
11099 4712 1
11100 4712 1
11101 4712 1
11102 4712 1
5730 4713 1
11101 4713 1
4716 4715 1
4721 4720 1
17940 4721 1
23304 4721 1
4726 4725 1
10085 4726 1
4729 4728 1
4730 4728 1
12499 4729 1
12702 4729 1
13080 4729 1
15100 4729 1
15101 4729 1
15102 4729 1
15103 4729 1
15104 4729 1
15105 4729 1
15106 4729 1
15107 4729 1
15108 4729 1
15109 4729 1
15110 4729 1
12702 4730 1
15101 4730 1
15954 4730 1
4856 4731 1
14179 4736 1
4848 4743 1
4953 4743 1
5926 4743 1
7354 4743 1
7388 4743 1
8363 4743 1
9616 4743 1
9617 4743 1
15651 4743 1
16297 4743 1
16302 4743 1
21143 4743 1
21144 4743 1
21145 4743 1
21146 4743 1
21147 4743 1
5926 4744 1
6448 4744 1
9617 4744 1
11489 4744 1
12527 4744 1
14475 4744 1
14934 4744 1
15650 4744 1
15653 4744 1
15819 4744 1
16295 4744 1
16305 4744 1
18470 4744 1
19529 4744 1
20232 4744 1
22183 4744 1
25658 4744 1
25754 4744 1
6201 4746 1
17866 4746 1
21961 4746 1
4748 4747 1
14841 4748 1
4754 4753 1
7925 4754 1
9574 4754 1
22513 4754 1
24837 4754 1
13447 4762 1
20308 4762 1
8971 4766 1
14859 4766 1
15933 4766 1
18078 4766 1
20310 4766 1
20311 4766 1
9487 4767 1
11488 4767 1
14125 4767 1
20325 4767 1
22600 4767 1
23255 4767 1
23256 4767 1
21196 4769 1
22062 4769 1
11241 4772 1
21900 4772 1
22210 4772 1
23856 4772 1
5379 4774 1
5407 4774 1
5233 4776 1
4841 4778 1
4829 4780 1
14240 4780 1
16358 4780 1
19494 4780 1
19565 4780 1
25445 4780 1
17784 4781 1
20926 4781 1
10310 4783 1
10868 4783 1
10886 4783 1
15367 4783 1
15368 4783 1
15973 4783 1
5156 4787 1
5967 4787 1
12810 4787 1
16099 4787 1
17921 4787 1
19051 4787 1
19485 4787 1
20749 4787 1
20750 4787 1
20751 4787 1
20752 4787 1
20753 4787 1
20754 4787 1
20755 4787 1
20756 4787 1
20757 4787 1
20758 4787 1
16559 4789 1
16560 4789 1
4912 4791 1
19455 4791 1
26253 4792 1
19113 4793 1
12992 4794 1
12993 4794 1
12994 4794 1
4892 4798 1
9735 4798 1
9738 4798 1
16611 4798 1
17758 4798 1
20617 4798 1
4837 4800 1
16498 4805 1
18980 4805 1
10009 4808 1
11492 4808 1
12683 4808 1
13054 4808 1
13133 4808 1
16823 4808 1
16947 4808 1
16948 4808 1
16949 4808 1
16950 4808 1
16951 4808 1
5043 4810 1
20349 4810 1
20350 4810 1
20351 4810 1
20352 4810 1
13630 4811 1
13631 4811 1
20330 4816 1
20389 4816 1
24102 4816 1
4925 4817 1
11370 4817 1
9662 4819 1
13933 4819 1
16960 4819 1
21582 4819 1
21753 4819 1
21924 4819 1
24095 4819 1
25649 4819 1
26245 4819 1
26254 4819 1
21165 4822 1
21806 4823 1
21807 4823 1
9490 4824 1
18191 4824 1
16516 4825 1
13062 4827 1
4856 4828 1
18365 4828 1
6067 4833 1
13662 4833 1
13663 4833 1
13664 4833 1
13665 4833 1
13666 4833 1
13667 4833 1
13668 4833 1
13669 4833 1
13670 4833 1
8408 4834 1
14634 4834 1
18357 4836 1
4858 4837 1
4972 4837 1
5201 4837 1
5301 4837 1
6754 4837 1
10842 4837 1
12526 4837 1
25037 4837 1
5079 4839 1
13603 4839 1
16134 4839 1
23034 4839 1
16618 4843 1
16619 4843 1
4943 4844 1
4992 4850 1
4993 4850 1
9587 4850 1
9816 4850 1
14080 4850 1
16958 4850 1
17765 4850 1
19891 4850 1
21151 4850 1
21985 4850 1
23104 4850 1
23105 4850 1
23106 4850 1
9927 4851 1
11375 4851 1
11376 4851 1
16091 4851 1
4888 4856 1
4963 4856 1
8011 4856 1
8960 4856 1
13239 4856 1
18365 4856 1
19044 4856 1
19790 4856 1
20792 4856 1
21208 4856 1
21396 4856 1
21501 4856 1
22936 4856 1
23856 4856 1
24823 4856 1
24956 4856 1
25698 4856 1
25861 4856 1
26104 4856 1
26122 4856 1
4883 4857 1
9639 4857 1
9821 4857 1
9822 4857 1
9823 4857 1
9824 4857 1
9825 4857 1
15706 4863 1
15707 4863 1
15708 4863 1
5732 4866 1
5847 4866 1
9241 4866 1
9960 4866 1
10997 4866 1
12883 4866 1
13268 4866 1
15968 4866 1
4966 4867 1
13083 4867 1
13463 4867 1
14431 4867 1
16263 4867 1
16676 4867 1
18540 4867 1
20347 4867 1
20348 4867 1
21945 4867 1
21946 4867 1
21947 4867 1
21948 4867 1
21949 4867 1
16682 4869 1
23393 4869 1
17797 4874 1
11504 4877 1
15210 4877 1
15705 4877 1
15851 4877 1
19292 4877 1
19980 4877 1
21025 4877 1
23112 4877 1
23142 4877 1
23393 4877 1
26395 4877 1
6234 4878 1
10937 4878 1
11474 4878 1
11475 4878 1
11476 4878 1
11477 4878 1
12091 4882 1
14589 4882 1
18036 4882 1
18256 4882 1
20127 4882 1
20421 4882 1
23418 4882 1
21685 4884 1
6430 4887 1
18830 4888 1
23279 4889 1
10703 4890 1
15994 4890 1
22698 4890 1
24075 4890 1
24597 4890 1
13796 4895 1
13797 4895 1
5985 4896 1
19247 4896 1
4978 4897 1
11072 4897 1
15805 4900 1
9940 4905 1
12852 4905 1
15344 4905 1
15345 4905 1
15346 4905 1
15347 4905 1
13927 4907 1
10786 4908 1
5856 4909 1
9118 4909 1
17038 4909 1
21308 4911 1
22913 4911 1
5136 4912 1
8714 4912 1
9843 4912 1
9871 4912 1
18357 4912 1
9947 4913 1
9732 4914 1
10148 4914 1
10007 4916 1
12500 4916 1
12770 4916 1
15119 4916 1
17979 4916 1
14652 4918 1
14746 4921 1
23282 4921 1
13471 4923 1
22810 4923 1
6487 4924 1
10929 4924 1
12769 4924 1
12772 4924 1
14186 4924 1
15121 4924 1
15371 4924 1
5854 4925 1
22301 4926 1
22302 4926 1
22303 4926 1
9604 4927 1
14216 4927 1
15706 4927 1
15707 4927 1
20600 4927 1
6409 4928 1
4977 4931 1
9604 4931 1
23173 4931 1
23174 4931 1
5870 4933 1
8773 4933 1
11610 4933 1
10935 4934 1
20306 4936 1
22554 4940 1
10010 4943 1
10024 4943 1
18057 4943 1
13911 4946 1
15612 4946 1
15801 4946 1
16457 4946 1
22620 4946 1
24536 4946 1
10997 4948 1
8670 4949 1
10438 4955 1
18809 4955 1
25921 4955 1
15705 4959 1
24462 4959 1
26170 4959 1
26407 4959 1
8047 4963 1
13875 4963 1
8739 4966 1
14116 4966 1
15557 4966 1
15729 4966 1
16090 4966 1
25968 4966 1
19045 4967 1
9559 4976 1
6119 4978 1
15042 4978 1
15043 4978 1
15044 4978 1
15045 4978 1
8834 4985 1
8835 4985 1
9663 4985 1
21252 4987 1
24542 4987 1
4991 4990 1
11550 4991 1
19290 4991 1
4993 4992 1
4998 4997 1
20331 4998 1
22453 4998 1
24594 4998 1
24595 4998 1
5002 5001 1
5315 5002 1
5430 5002 1
6656 5002 1
10419 5002 1
11847 5002 1
11858 5002 1
11863 5002 1
11873 5002 1
12529 5002 1
13131 5002 1
20180 5002 1
22853 5002 1
22854 5002 1
22855 5002 1
22856 5002 1
5006 5005 1
6307 5006 1
8056 5006 1
10012 5009 1
5013 5012 1
5023 5022 1
9927 5023 1
10036 5023 1
14446 5023 1
22974 5023 1
5025 5024 1
5026 5024 1
5027 5024 1
5028 5024 1
5029 5024 1
5030 5024 1
6237 5028 1
16333 5028 1
24429 5028 1
5033 5032 1
6707 5033 1
17078 5033 1
17642 5033 1
19239 5033 1
19240 5033 1
20981 5033 1
21103 5033 1
21104 5033 1
21105 5033 1
21106 5033 1
21107 5033 1
21108 5033 1
21109 5033 1
21110 5033 1
5035 5034 1
5923 5035 1
5040 5039 1
15471 5040 1
16885 5040 1
25078 5040 1
5042 5041 1
9222 5042 1
9223 5042 1
9224 5042 1
9225 5042 1
9226 5042 1
9227 5042 1
5045 5044 1
5052 5051 1
5056 5055 1
8773 5056 1
16737 5056 1
17714 5056 1
5058 5057 1
5059 5057 1
5060 5057 1
5060 5058 1
16231 5058 1
18053 5058 1
5985 5059 1
11454 5060 1
19259 5060 1
22383 5060 1
5063 5062 1
16521 5063 1
18852 5063 1
21625 5063 1
21626 5063 1
5066 5065 1
5271 5066 1
19960 5066 1
20125 5066 1
23113 5066 1
23548 5066 1
23883 5066 1
25847 5066 1
25848 5066 1
5069 5068 1
5072 5071 1
5079 5078 1
5167 5079 1
11402 5079 1
18018 5079 1
18103 5079 1
24588 5079 1
24726 5079 1
24805 5079 1
5082 5081 1
7414 5082 1
16552 5082 1
5084 5083 1
6686 5084 1
10228 5084 1
15824 5084 1
5091 5090 1
7308 5091 1
5100 5093 1
17473 5095 1
5104 5103 1
5105 5103 1
5106 5103 1
5107 5103 1
5108 5103 1
5959 5106 1
13276 5107 1
5115 5114 1
13755 5115 1
17812 5115 1
20917 5115 1
20918 5115 1
20919 5115 1
20920 5115 1
20921 5115 1
5119 5118 1
13470 5119 1
25798 5119 1
5121 5120 1
5122 5120 1
5122 5121 1
12155 5121 1
10252 5122 1
13644 5122 1
14717 5122 1
15522 5122 1
15523 5122 1
15524 5122 1
15525 5122 1
15526 5122 1
5124 5123 1
5127 5126 1
9231 5127 1
14993 5127 1
14995 5127 1
14997 5127 1
15495 5127 1
15496 5127 1
15497 5127 1
15498 5127 1
15499 5127 1
15500 5127 1
5134 5133 1
5870 5134 1
6874 5134 1
12228 5134 1
12357 5134 1
20639 5134 1
5138 5137 1
13675 5138 1
18316 5138 1
5142 5141 1
5146 5142 1
11521 5142 1
12761 5142 1
14029 5142 1
15589 5142 1
17835 5142 1
18591 5142 1
22970 5142 1
23804 5142 1
25448 5142 1
5145 5144 1
5147 5146 1
5157 5156 1
8612 5157 1
9309 5157 1
10189 5157 1
16099 5157 1
16507 5157 1
18633 5157 1
19051 5157 1
19118 5157 1
20750 5157 1
20752 5157 1
20754 5157 1
20756 5157 1
20757 5157 1
21140 5157 1
22506 5157 1
22509 5157 1
23132 5157 1
24511 5157 1
24687 5157 1
5162 5161 1
15379 5162 1
15380 5162 1
15381 5162 1
15382 5162 1
15383 5162 1
15384 5162 1
5165 5164 1
5166 5164 1
5167 5164 1
18112 5165 1
5173 5172 1
5174 5172 1
5175 5172 1
15590 5175 1
8764 5183 1
8828 5183 1
10926 5183 1
11408 5183 1
20735 5183 1
22100 5183 1
5186 5185 1
9788 5186 1
9789 5186 1
9790 5186 1
9791 5186 1
9792 5186 1
9793 5186 1
9794 5186 1
9795 5186 1
9796 5186 1
5188 5187 1
5193 5192 1
16872 5193 1
5195 5194 1
7354 5195 1
11168 5195 1
11169 5195 1
11170 5195 1
11171 5195 1
11172 5195 1
11173 5195 1
11174 5195 1
11175 5195 1
11176 5195 1
11177 5195 1
11178 5195 1
11179 5195 1
5197 5196 1
22489 5197 1
5200 5199 1
5201 5199 1
5202 5199 1
5203 5199 1
5204 5199 1
5205 5199 1
5206 5199 1
5207 5199 1
5208 5199 1
5209 5199 1
9607 5203 1
5211 5210 1
5212 5210 1
5213 5210 1
5214 5210 1
5215 5210 1
5216 5210 1
5217 5210 1
5218 5210 1
5219 5210 1
5220 5210 1
5221 5210 1
5222 5210 1
5223 5210 1
5224 5210 1
5219 5212 1
6542 5212 1
25904 5212 1
24980 5213 1
24981 5213 1
5228 5227 1
5524 5228 1
11828 5228 1
13773 5228 1
14938 5228 1
15150 5228 1
15897 5228 1
15982 5228 1
17166 5228 1
18667 5228 1
18682 5228 1
19362 5228 1
20069 5228 1
20083 5228 1
20410 5228 1
20558 5228 1
22260 5228 1
22749 5228 1
23083 5228 1
23084 5228 1
23085 5228 1
23086 5228 1
23087 5228 1
23088 5228 1
23089 5228 1
23090 5228 1
23091 5228 1
23092 5228 1
23093 5228 1
23094 5228 1
23095 5228 1
23096 5228 1
23097 5228 1
23098 5228 1
5233 5232 1
5234 5232 1
9206 5233 1
14520 5233 1
18821 5233 1
21932 5233 1
22162 5233 1
24531 5233 1
5236 5235 1
5237 5235 1
6102 5237 1
6103 5237 1
6104 5237 1
6105 5237 1
6106 5237 1
19232 5248 1
5250 5249 1
5253 5252 1
5424 5253 1
22114 5253 1
5256 5255 1
6810 5256 1
8465 5256 1
8956 5256 1
9129 5256 1
9746 5256 1
9747 5256 1
10959 5256 1
14291 5256 1
15252 5256 1
15626 5256 1
18390 5256 1
18852 5256 1
19472 5256 1
19718 5256 1
22500 5256 1
23056 5256 1
23069 5256 1
23784 5256 1
23785 5256 1
23786 5256 1
23787 5256 1
23788 5256 1
23789 5256 1
23790 5256 1
5272 5271 1
5273 5271 1
5274 5271 1
5275 5271 1
5276 5271 1
5277 5271 1
5278 5271 1
7628 5275 1
5280 5279 1
5284 5283 1
5285 5283 1
5286 5283 1
5287 5283 1
12495 5284 1
21756 5285 1
14358 5286 1
10604 5291 1
18105 5291 1
5304 5303 1
10199 5304 1
14131 5304 1
5306 5305 1
10684 5306 1
16657 5306 1
17569 5306 1
5941 5310 1
23166 5314 1
5324 5317 1
6356 5325 1
5347 5346 1
5348 5346 1
5349 5346 1
5406 5347 1
26265 5347 1
16505 5348 1
16684 5348 1
16505 5349 1
16506 5349 1
5352 5351 1
5354 5353 1
7117 5354 1
7288 5354 1
7466 5354 1
7481 5354 1
7724 5354 1
8935 5354 1
9748 5354 1
10785 5354 1
10883 5354 1
12404 5354 1
15854 5354 1
16439 5354 1
16812 5354 1
16830 5354 1
17057 5354 1
17551 5354 1
18475 5354 1
19615 5354 1
20142 5354 1
21175 5354 1
24385 5354 1
25023 5354 1
25472 5354 1
26398 5354 1
26441 5354 1
5357 5356 1
5358 5356 1
5368 5357 1
6481 5357 1
9509 5357 1
20250 5357 1
20744 5357 1
22878 5357 1
23837 5357 1
25703 5357 1
26374 5357 1
26417 5357 1
16322 5358 1
20950 5358 1
14921 5364 1
16479 5364 1
17737 5364 1
17738 5364 1
17739 5364 1
11149 5365 1
14480 5365 1
16335 5365 1
16336 5365 1
16337 5365 1
16338 5365 1
5368 5367 1
5370 5369 1
6184 5370 1
9791 5370 1
11107 5370 1
11112 5370 1
11231 5370 1
14404 5370 1
14405 5370 1
5394 5372 1
13939 5372 1
15627 5372 1
18968 5373 1
13939 5376 1
13939 5377 1
15319 5377 1
5392 5379 1
5419 5379 1
5848 5379 1
13343 5379 1
13939 5379 1
15310 5379 1
15933 5379 1
16265 5379 1
16269 5379 1
16270 5379 1
16685 5379 1
18075 5379 1
18076 5379 1
18077 5379 1
18078 5379 1
18079 5379 1
18080 5379 1
18081 5379 1
18082 5379 1
18083 5379 1
18084 5379 1
18085 5379 1
18086 5379 1
18087 5379 1
18088 5379 1
18089 5379 1
18090 5379 1
18091 5379 1
18092 5379 1
18093 5379 1
18094 5379 1
18095 5379 1
18075 5383 1
14860 5384 1
5407 5388 1
13939 5392 1
18970 5393 1
20549 5393 1
23265 5393 1
5400 5394 1
13317 5397 1
5715 5401 1
13939 5402 1
5422 5405 1
13939 5405 1
18095 5406 1
5410 5407 1
5860 5407 1
6019 5407 1
8806 5407 1
14298 5407 1
15660 5407 1
15933 5407 1
16264 5407 1
16265 5407 1
16266 5407 1
16267 5407 1
16268 5407 1
16269 5407 1
16270 5407 1
13939 5410 1
13939 5413 1
15949 5414 1
13939 5419 1
13940 5419 1
14124 5421 1
14125 5421 1
5425 5424 1
21618 5425 1
22987 5425 1
5434 5433 1
5441 5440 1
5442 5440 1
23120 5442 1
5445 5444 1
7020 5445 1
12089 5445 1
14674 5445 1
14989 5445 1
19011 5445 1
20661 5445 1
20937 5445 1
20938 5445 1
20939 5445 1
20940 5445 1
20941 5445 1
20942 5445 1
5490 5475 1
5656 5475 1
9428 5475 1
9463 5475 1
9465 5475 1
11828 5475 1
15150 5475 1
15691 5475 1
15897 5475 1
17166 5475 1
18781 5475 1
19083 5475 1
19362 5475 1
20069 5475 1
20410 5475 1
20724 5475 1
20725 5475 1
22260 5475 1
23083 5475 1
23085 5475 1
23086 5475 1
23087 5475 1
23089 5475 1
23090 5475 1
23093 5475 1
23094 5475 1
23096 5475 1
23097 5475 1
24582 5475 1
24583 5475 1
24584 5475 1
9520 5479 1
5676 5494 1
6029 5617 1
6030 5617 1
9401 5617 1
11063 5617 1
11368 5617 1
11575 5617 1
11580 5617 1
11586 5617 1
11587 5617 1
11596 5617 1
11597 5617 1
12957 5617 1
14387 5617 1
14388 5617 1
14389 5617 1
14391 5617 1
14393 5617 1
14394 5617 1
19228 5617 1
19427 5617 1
23816 5617 1
25057 5617 1
26235 5617 1
26397 5617 1
26453 5617 1
18599 5707 1
18600 5707 1
5719 5718 1
6195 5719 1
14619 5719 1
5725 5724 1
8543 5725 1
10560 5725 1
12160 5725 1
12218 5725 1
12230 5725 1
24034 5725 1
25641 5725 1
25642 5725 1
5727 5726 1
5729 5728 1
5730 5728 1
5742 5730 1
9529 5730 1
13757 5730 1
17873 5730 1
19225 5730 1
20435 5730 1
21760 5730 1
5732 5731 1
6224 5732 1
12696 5732 1
13957 5732 1
14581 5732 1
15762 5732 1
18494 5732 1
18495 5732 1
18496 5732 1
11408 5736 1
5743 5742 1
5744 5742 1
6313 5743 1
5749 5748 1
5823 5755 1
18818 5763 1
20764 5765 1
21183 5765 1
21184 5765 1
9612 5791 1
5811 5796 1
22980 5796 1
25874 5796 1
22378 5806 1
22379 5806 1
5830 5826 1
18482 5826 1
18483 5826 1
20338 5826 1
19626 5827 1
23172 5827 1
26293 5827 1
15880 5829 1
23075 5829 1
23261 5829 1
24883 5829 1
16411 5830 1
21894 5830 1
5840 5833 1
9819 5833 1
11181 5833 1
11182 5833 1
6187 5834 1
9629 5834 1
11225 5834 1
13656 5834 1
14310 5834 1
18304 5834 1
18881 5834 1
20164 5834 1
24607 5834 1
24794 5834 1
25796 5834 1
20179 5835 1
5854 5836 1
8253 5837 1
8742 5837 1
11062 5837 1
14299 5837 1
15132 5837 1
15934 5837 1
18812 5837 1
19855 5837 1
21763 5837 1
21893 5837 1
24544 5837 1
25021 5837 1
25035 5837 1
26432 5837 1
5846 5839 1
24423 5839 1
23025 5844 1
16919 5845 1
15262 5846 1
10007 5847 1
18586 5847 1
21135 5850 1
26096 5850 1
9839 5851 1
25341 5851 1
13374 5852 1
8071 5853 1
16919 5853 1
21169 5854 1
5856 5855 1
9118 5856 1
25325 5856 1
5860 5859 1
14860 5860 1
18857 5860 1
22283 5860 1
24051 5860 1
24052 5860 1
6802 5862 1
6917 5862 1
9018 5862 1
9530 5862 1
5867 5866 1
6427 5867 1
14827 5867 1
14828 5867 1
14829 5867 1
5870 5869 1
5959 5870 1
6246 5870 1
8831 5870 1
10495 5870 1
11482 5870 1
11680 5870 1
12970 5870 1
12996 5870 1
17452 5870 1
17805 5870 1
18802 5870 1
22171 5870 1
24814 5870 1
25617 5870 1
5879 5878 1
5882 5881 1
17929 5882 1
22431 5882 1
22432 5882 1
5884 5883 1
23026 5884 1
5889 5888 1
15967 5889 1
15968 5889 1
5891 5890 1
5892 5890 1
5893 5890 1
5894 5890 1
5895 5890 1
5896 5890 1
5897 5890 1
5898 5890 1
5899 5890 1
5900 5890 1
5901 5890 1
5902 5890 1
5903 5890 1
5904 5890 1
5907 5906 1
11540 5907 1
5909 5908 1
5910 5908 1
5911 5908 1
5912 5908 1
12452 5912 1
15954 5912 1
16484 5912 1
5914 5913 1
18169 5914 1
20799 5914 1
5916 5915 1
8016 5916 1
8603 5916 1
16670 5916 1
16672 5916 1
20620 5916 1
22296 5916 1
25564 5916 1
26001 5916 1
5926 5925 1
16186 5926 1
13038 5929 1
6397 5931 1
7616 5931 1
10619 5931 1
11617 5931 1
11845 5931 1
14028 5931 1
14279 5931 1
17743 5931 1
18026 5931 1
18388 5931 1
18965 5931 1
20193 5931 1
20287 5931 1
21359 5931 1
22435 5931 1
24696 5931 1
24897 5931 1
26380 5931 1
6395 5934 1
10032 5934 1
10116 5934 1
10914 5934 1
21785 5934 1
24826 5934 1
25540 5934 1
5956 5935 1
12692 5935 1
12693 5935 1
12694 5935 1
5952 5937 1
6344 5937 1
11533 5937 1
22861 5937 1
11192 5940 1
10085 5941 1
10675 5941 1
13118 5941 1
24132 5941 1
24133 5941 1
13895 5942 1
11180 5943 1
21712 5947 1
6281 5952 1
9479 5952 1
9498 5952 1
10018 5952 1
10050 5952 1
13242 5952 1
15121 5952 1
15345 5952 1
16625 5952 1
16824 5952 1
18810 5952 1
18945 5952 1
19317 5952 1
23395 5952 1
24565 5952 1
25405 5952 1
25612 5952 1
12481 5954 1
12482 5954 1
12483 5954 1
12484 5954 1
12485 5954 1
12486 5954 1
12487 5954 1
12488 5954 1
12489 5954 1
12490 5954 1
12491 5954 1
12492 5954 1
12493 5954 1
12494 5954 1
19706 5955 1
17936 5956 1
8696 5957 1
9931 5957 1
10001 5957 1
11656 5957 1
13288 5957 1
13383 5957 1
16669 5957 1
21190 5957 1
10458 5958 1
10744 5958 1
14016 5958 1
14706 5958 1
16021 5958 1
19622 5958 1
19791 5958 1
24645 5958 1
25301 5958 1
25302 5958 1
6711 5959 1
6889 5959 1
9236 5959 1
9237 5959 1
9238 5959 1
9239 5959 1
9240 5959 1
9241 5959 1
9242 5959 1
9243 5959 1
9244 5959 1
9245 5959 1
9246 5959 1
9247 5959 1
9248 5959 1
9249 5959 1
9250 5959 1
9251 5959 1
9252 5959 1
24950 5963 1
8695 5964 1
9828 5964 1
9829 5964 1
9830 5964 1
9831 5964 1
9832 5964 1
9833 5964 1
9834 5964 1
9835 5964 1
18790 5965 1
8247 5967 1
10174 5967 1
14084 5967 1
17781 5967 1
17782 5967 1
11020 5968 1
24950 5968 1
25622 5968 1
25623 5968 1
9770 5969 1
6569 5970 1
5972 5971 1
14117 5972 1
14998 5972 1
24452 5972 1
5976 5975 1
5985 5984 1
8318 5985 1
9659 5985 1
11618 5985 1
11735 5985 1
13918 5985 1
13919 5985 1
13920 5985 1
13921 5985 1
13922 5985 1
13923 5985 1
13924 5985 1
13925 5985 1
13926 5985 1
13927 5985 1
13928 5985 1
13929 5985 1
13930 5985 1
5995 5994 1
17016 5995 1
5998 5997 1
5999 5997 1
6003 6002 1
6005 6004 1
8120 6005 1
12558 6005 1
15232 6005 1
20242 6005 1
6008 6007 1
9642 6008 1
13960 6008 1
13961 6008 1
6427 6012 1
13447 6017 1
6026 6025 1
14581 6026 1
16778 6026 1
20371 6026 1
21801 6026 1
6030 6029 1
11580 6030 1
11586 6030 1
11587 6030 1
11596 6030 1
11597 6030 1
13030 6030 1
14386 6030 1
14387 6030 1
14388 6030 1
14389 6030 1
14390 6030 1
14391 6030 1
14392 6030 1
14393 6030 1
14394 6030 1
6035 6034 1
12768 6035 1
6038 6037 1
7258 6038 1
7519 6038 1
15814 6038 1
19996 6038 1
20002 6038 1
21084 6038 1
21261 6038 1
21355 6038 1
24683 6038 1
24754 6038 1
25033 6038 1
25629 6038 1
25786 6038 1
25918 6038 1
25982 6038 1
26048 6038 1
26371 6038 1
6084 6043 1
16731 6050 1
6595 6055 1
25558 6058 1
6084 6060 1
6595 6063 1
6176 6067 1
8786 6067 1
11750 6067 1
11752 6067 1
12602 6067 1
13306 6067 1
13669 6067 1
16437 6067 1
19719 6067 1
22470 6067 1
22534 6067 1
22751 6067 1
23833 6067 1
25517 6067 1
25973 6067 1
6084 6069 1
14105 6070 1
6079 6078 1
6080 6078 1
6081 6078 1
7926 6080 1
12961 6080 1
15950 6080 1
22760 6080 1
26401 6080 1
6084 6083 1
6636 6084 1
11749 6084 1
12601 6084 1
16437 6084 1
16807 6084 1
17912 6084 1
20621 6084 1
22102 6084 1
22166 6084 1
22761 6084 1
23118 6084 1
23283 6084 1
23284 6084 1
23285 6084 1
23286 6084 1
23287 6084 1
23288 6084 1
23289 6084 1
23290 6084 1
23291 6084 1
23292 6084 1
6088 6087 1
11227 6088 1
11550 6088 1
12713 6088 1
12788 6088 1
12967 6088 1
13387 6088 1
14992 6088 1
18277 6088 1
18282 6088 1
18286 6088 1
19205 6088 1
20345 6088 1
21777 6088 1
25436 6088 1
25437 6088 1
25438 6088 1
6098 6097 1
11048 6098 1
12885 6098 1
16311 6098 1
17150 6098 1
18180 6098 1
18297 6098 1
19179 6098 1
19670 6098 1
19671 6098 1
19672 6098 1
19673 6098 1
19674 6098 1
19675 6098 1
19676 6098 1
19677 6098 1
19678 6098 1
6103 6102 1
15081 6102 1
15560 6102 1
15561 6102 1
15562 6102 1
11167 6103 1
13423 6103 1
15342 6103 1
15816 6103 1
15817 6103 1
16846 6103 1
17133 6103 1
17142 6103 1
17755 6103 1
18554 6103 1
20149 6103 1
20346 6103 1
21696 6103 1
21697 6103 1
21698 6103 1
21699 6103 1
21700 6103 1
19720 6104 1
19721 6104 1
24473 6106 1
6108 6107 1
21102 6108 1
6117 6116 1
18650 6117 1
6121 6120 1
6122 6120 1
6123 6120 1
6124 6120 1
6125 6120 1
6126 6120 1
6127 6120 1
6128 6120 1
6129 6120 1
17297 6126 1
6133 6132 1
6568 6133 1
6578 6133 1
7616 6133 1
6138 6137 1
6476 6138 1
8174 6138 1
10596 6138 1
12767 6138 1
15044 6138 1
20626 6138 1
23253 6138 1
24328 6138 1
24490 6138 1
25308 6138 1
6142 6141 1
7989 6142 1
11714 6142 1
12397 6142 1
25794 6142 1
6144 6143 1
7227 6144 1
14707 6144 1
14708 6144 1
14709 6144 1
14710 6144 1
6149 6148 1
7215 6149 1
16516 6149 1
17999 6149 1
25444 6149 1
6155 6154 1
6159 6158 1
15766 6162 1
16855 6162 1
16856 6162 1
6164 6163 1
6170 6169 1
6171 6169 1
6172 6169 1
6172 6171 1
22998 6172 1
25964 6172 1
6179 6178 1
6181 6180 1
6182 6180 1
6185 6184 1
9791 6185 1
11103 6185 1
11104 6185 1
11105 6185 1
11106 6185 1
11107 6185 1
11108 6185 1
11109 6185 1
11110 6185 1
11111 6185 1
11112 6185 1
11113 6185 1
11114 6185 1
11115 6185 1
11116 6185 1
6188 6187 1
9219 6188 1
9620 6188 1
9621 6188 1
9622 6188 1
9623 6188 1
9624 6188 1
9625 6188 1
9626 6188 1
9627 6188 1
9628 6188 1
9629 6188 1
9630 6188 1
9631 6188 1
9632 6188 1
9633 6188 1
9634 6188 1
6190 6189 1
6797 6190 1
6911 6190 1
9899 6190 1
11878 6190 1
13103 6190 1
13106 6190 1
13913 6190 1
14470 6190 1
15303 6190 1
16907 6190 1
21206 6190 1
23760 6190 1
23761 6190 1
23762 6190 1
23763 6190 1
6192 6191 1
6193 6191 1
11660 6193 1
13228 6200 1
6209 6208 1
16285 6209 1
20242 6209 1
24440 6209 1
25998 6209 1
6211 6210 1
6305 6211 1
9585 6211 1
11447 6211 1
11448 6211 1
11449 6211 1
11450 6211 1
11451 6211 1
6213 6212 1
6477 6213 1
11886 6213 1
12923 6213 1
12927 6213 1
12929 6213 1
12930 6213 1
15791 6213 1
16346 6213 1
17105 6213 1
19892 6213 1
20270 6213 1
22290 6213 1
23207 6213 1
25574 6213 1
25873 6213 1
26023 6213 1
26024 6213 1
6215 6214 1
6393 6215 1
8705 6215 1
8706 6215 1
8707 6215 1
8708 6215 1
8709 6215 1
8710 6215 1
6217 6216 1
6218 6216 1
6223 6222 1
7508 6223 1
7525 6223 1
9549 6223 1
17789 6223 1
18112 6223 1
20283 6223 1
20284 6223 1
20285 6223 1
20286 6223 1
6231 6230 1
12530 6231 1
13325 6231 1
19393 6231 1
6235 6234 1
6243 6242 1
13330 6242 1
13331 6242 1
13332 6242 1
6246 6245 1
6729 6246 1
7344 6246 1
9844 6246 1
11340 6246 1
16734 6246 1
16848 6246 1
17215 6246 1
18385 6246 1
25053 6246 1
6253 6252 1
13780 6253 1
13781 6253 1
6256 6255 1
6265 6264 1
6266 6264 1
6267 6264 1
6268 6264 1
6269 6264 1
6270 6264 1
6271 6264 1
6272 6264 1
6273 6264 1
16704 6279 1
21484 6279 1
17917 6281 1
6288 6287 1
24073 6288 1
24749 6288 1
6290 6289 1
24838 6290 1
6292 6291 1
16773 6292 1
16774 6292 1
6294 6293 1
9643 6294 1
21541 6294 1
21947 6294 1
22820 6294 1
23797 6294 1
25007 6294 1
25793 6294 1
26471 6294 1
26472 6294 1
6297 6296 1
6300 6299 1
6304 6303 1
6662 6304 1
12378 6304 1
6307 6306 1
6652 6307 1
20559 6307 1
21113 6307 1
6309 6308 1
6312 6311 1
18220 6312 1
11844 6313 1
20868 6313 1
6315 6314 1
13636 6315 1
13637 6315 1
6317 6316 1
6318 6316 1
9247 6317 1
10068 6317 1
21604 6317 1
10451 6318 1
11642 6318 1
11841 6318 1
13054 6318 1
15158 6318 1
15980 6318 1
16823 6318 1
16950 6318 1
17992 6318 1
17994 6318 1
17996 6318 1
19126 6318 1
20645 6318 1
22642 6318 1
6327 6326 1
15979 6327 1
6331 6330 1
10875 6331 1
12358 6331 1
22427 6331 1
6334 6333 1
6457 6334 1
6340 6339 1
6341 6339 1
20017 6341 1
26362 6341 1
6344 6343 1
6353 6352 1
12983 6353 1
18530 6353 1
25589 6353 1
25811 6353 1
6355 6354 1
6356 6354 1
6356 6355 1
9409 6355 1
9923 6355 1
11885 6355 1
12922 6355 1
12926 6355 1
12929 6355 1
12933 6355 1
12938 6355 1
12939 6355 1
15190 6355 1
15191 6355 1
15192 6355 1
15193 6355 1
15194 6355 1
15195 6355 1
15196 6355 1
15197 6355 1
15198 6355 1
15199 6355 1
15200 6355 1
15201 6355 1
15202 6355 1
15203 6355 1
15204 6355 1
15205 6355 1
15206 6355 1
12934 6356 1
16904 6361 1
10673 6372 1
9818 6374 1
26385 6381 1
24004 6384 1
9818 6386 1
11557 6387 1
17030 6396 1
11408 6399 1
15285 6407 1
11074 6408 1
14825 6408 1
17783 6408 1
18829 6408 1
23478 6408 1
23784 6408 1
6415 6414 1
6417 6416 1
6456 6417 1
9781 6417 1
12436 6417 1
15959 6417 1
19476 6417 1
19610 6417 1
19611 6417 1
19806 6417 1
6419 6418 1
14614 6419 1
14615 6419 1
6423 6422 1
13204 6423 1
15802 6423 1
16711 6423 1
17146 6423 1
18453 6423 1
18733 6423 1
19010 6423 1
19074 6423 1
19593 6423 1
19689 6423 1
19690 6423 1
19691 6423 1
19692 6423 1
19693 6423 1
19694 6423 1
6427 6426 1
7157 6427 1
9307 6427 1
14098 6427 1
14099 6427 1
14100 6427 1
14107 6427 1
14827 6427 1
18364 6427 1
18384 6427 1
18443 6427 1
18549 6427 1
19163 6427 1
19826 6427 1
20804 6427 1
21561 6427 1
21765 6427 1
22349 6427 1
22826 6427 1
23143 6427 1
23824 6427 1
23827 6427 1
23838 6427 1
24989 6427 1
25310 6427 1
25427 6427 1
25666 6427 1
25757 6427 1
25853 6427 1
25854 6427 1
25855 6427 1
25856 6427 1
25857 6427 1
25858 6427 1
6430 6429 1
6431 6429 1
6432 6429 1
10793 6430 1
11013 6430 1
15158 6430 1
16409 6430 1
18771 6430 1
19533 6430 1
6434 6433 1
6435 6433 1
13592 6434 1
17220 6434 1
18735 6434 1
26434 6434 1
10762 6435 1
22961 6435 1
23583 6435 1
6444 6443 1
9618 6444 1
20363 6444 1
21336 6444 1
21793 6444 1
6446 6445 1
6450 6449 1
6451 6449 1
13456 6450 1
13986 6450 1
18918 6450 1
18919 6450 1
9011 6451 1
9685 6451 1
14430 6451 1
17192 6451 1
18921 6451 1
18998 6451 1
25627 6451 1
6457 6456 1
9747 6457 1
15096 6457 1
18390 6457 1
19476 6457 1
6466 6465 1
6469 6468 1
9642 6469 1
13644 6469 1
6481 6480 1
6485 6484 1
7310 6485 1
10667 6485 1
13494 6485 1
19883 6485 1
23272 6485 1
24310 6485 1
6493 6492 1
6494 6492 1
6495 6492 1
6496 6492 1
6497 6492 1
6498 6492 1
6499 6492 1
19375 6494 1
24114 6497 1
6504 6503 1
8225 6504 1
8277 6504 1
11710 6513 1
12630 6516 1
9122 6520 1
19290 6529 1
6535 6534 1
6538 6537 1
6539 6537 1
12629 6539 1
6544 6543 1
6546 6545 1
21617 6546 1
6549 6548 1
6550 6548 1
9515 6550 1
6556 6555 1
6558 6557 1
13268 6558 1
15460 6558 1
16231 6558 1
19375 6558 1
21005 6558 1
23072 6558 1
6560 6559 1
6972 6560 1
13255 6560 1
13256 6560 1
8795 6579 1
26000 6581 1
24900 6584 1
7218 6593 1
6595 6594 1
11473 6595 1
14993 6595 1
14994 6595 1
14995 6595 1
14996 6595 1
14997 6595 1
6599 6598 1
6600 6598 1
6604 6603 1
13162 6604 1
17778 6604 1
24140 6604 1
25949 6604 1
11741 6605 1
6609 6608 1
6613 6612 1
6614 6612 1
6615 6612 1
6616 6612 1
6617 6612 1
6618 6612 1
6619 6612 1
6620 6612 1
6621 6612 1
6622 6612 1
6623 6612 1
6624 6612 1
9382 6624 1
6636 6635 1
13600 6636 1
17897 6636 1
24355 6638 1
24835 6638 1
11519 6651 1
14195 6656 1
16635 6660 1
20137 6660 1
20983 6660 1
11341 6681 1
11359 6681 1
17026 6681 1
17367 6681 1
21171 6681 1
22382 6681 1
22872 6681 1
17662 6686 1
9168 6692 1
18114 6692 1
11889 6693 1
17125 6722 1
8642 6731 1
14326 6731 1
17429 6731 1
12554 6733 1
24579 6741 1
13254 6753 1
25037 6754 1
11219 6755 1
8662 6767 1
10477 6771 1
24933 6789 1
16707 6791 1
9893 6797 1
10490 6797 1
13090 6797 1
17513 6797 1
21636 6797 1
23799 6797 1
25106 6797 1
8597 6808 1
15140 6808 1
18452 6808 1
25422 6808 1
7259 6812 1
16537 6812 1
18590 6812 1
19286 6812 1
21067 6812 1
24414 6812 1
24732 6812 1
9604 6821 1
8704 6832 1
7799 6849 1
11577 6862 1
11585 6862 1
11586 6862 1
11589 6862 1
11596 6862 1
11829 6862 1
12896 6862 1
12897 6862 1
12898 6862 1
12899 6862 1
12900 6862 1
12901 6862 1
12902 6862 1
12903 6862 1
12904 6862 1
12905 6862 1
12906 6862 1
12907 6862 1
10813 6867 1
7549 6880 1
9037 6887 1
9069 6887 1
22098 6887 1
20340 6906 1
20341 6906 1
20342 6906 1
16952 6912 1
7689 6917 1
11068 6917 1
12099 6917 1
17177 6917 1
17296 6917 1
18582 6917 1
21988 6917 1
24235 6917 1
25150 6917 1
25151 6917 1
25152 6917 1
9865 6952 1
12502 6960 1
7376 6975 1
8384 6976 1
7799 6978 1
8365 6979 1
17083 6980 1
26323 6984 1
9520 6986 1
10975 6986 1
7541 6988 1
7355 6995 1
10526 7002 1
11418 7003 1
10861 7008 1
10191 7010 1
12255 7010 1
13646 7010 1
15408 7010 1
15683 7010 1
17039 7010 1
17678 7010 1
25550 7010 1
25865 7010 1
25967 7010 1
10720 7014 1
10912 7014 1
16714 7014 1
20702 7019 1
23146 7019 1
23147 7019 1
23148 7019 1
20572 7030 1
10748 7047 1
20606 7048 1
20054 7059 1
22536 7059 1
23187 7059 1
23188 7059 1
11414 7060 1
8927 7062 1
10551 7062 1
11973 7062 1
12417 7062 1
14518 7062 1
17734 7062 1
17735 7062 1
17736 7062 1
12502 7066 1
10824 7073 1
11357 7073 1
13715 7073 1
17491 7073 1
18622 7073 1
9210 7078 1
13442 7078 1
13443 7078 1
13441 7079 1
9520 7085 1
7519 7094 1
7707 7094 1
13753 7094 1
21312 7094 1
12312 7095 1
8679 7096 1
21625 7096 1
10285 7102 1
7249 7106 1
22859 7112 1
12766 7115 1
12766 7131 1
9210 7132 1
16098 7146 1
14137 7159 1
8656 7180 1
8659 7180 1
10866 7181 1
12502 7184 1
20830 7186 1
13716 7194 1
26421 7215 1
16677 7222 1
18896 7231 1
19984 7233 1
12502 7236 1
11529 7240 1
17869 7243 1
12854 7250 1
12855 7250 1
12856 7250 1
14641 7259 1
22261 7259 1
18484 7261 1
16750 7264 1
21378 7287 1
8573 7289 1
10235 7289 1
12430 7289 1
16666 7289 1
22556 7289 1
8603 7292 1
25508 7296 1
7965 7313 1
19805 7323 1
8573 7325 1
9227 7325 1
17650 7325 1
21229 7325 1
23506 7325 1
23055 7337 1
12131 7339 1
7370 7355 1
8350 7355 1
8399 7355 1
10617 7355 1
11241 7355 1
11275 7355 1
11310 7355 1
12257 7355 1
12306 7355 1
13659 7355 1
19748 7355 1
20343 7355 1
21284 7355 1
23178 7355 1
24941 7355 1
26233 7355 1
18330 7357 1
19790 7382 1
11041 7385 1
23548 7391 1
21186 7409 1
10935 7413 1
14182 7413 1
14183 7413 1
9696 7414 1
16543 7414 1
16545 7414 1
16546 7414 1
16547 7414 1
16548 7414 1
16549 7414 1
16552 7414 1
16629 7414 1
16641 7414 1
16643 7414 1
19191 7414 1
21170 7414 1
22585 7414 1
22586 7414 1
22697 7414 1
23865 7414 1
23866 7414 1
23867 7414 1
16982 7422 1
8383 7423 1
8381 7436 1
12766 7438 1
9045 7445 1
7799 7448 1
13995 7448 1
18454 7448 1
18455 7448 1
9021 7452 1
13642 7459 1
13644 7459 1
16658 7487 1
19597 7487 1
22168 7487 1
19284 7491 1
24452 7491 1
14423 7506 1
7875 7507 1
7797 7511 1
10912 7516 1
26162 7522 1
11084 7524 1
23953 7524 1
16512 7525 1
23964 7541 1
8237 7549 1
10253 7549 1
10366 7549 1
10534 7549 1
10901 7549 1
11981 7549 1
11996 7549 1
12032 7549 1
12699 7549 1
16538 7549 1
19212 7549 1
22647 7549 1
23968 7549 1
23969 7549 1
13482 7551 1
21702 7551 1
18620 7562 1
7665 7570 1
12983 7570 1
18530 7570 1
25589 7570 1
10477 7580 1
14579 7582 1
9520 7590 1
19772 7602 1
16614 7605 1
21808 7616 1
18874 7618 1
25599 7618 1
11830 7628 1
14627 7628 1
14628 7628 1
14629 7628 1
14644 7637 1
14645 7637 1
14646 7637 1
14647 7637 1
10012 7645 1
14782 7664 1
9215 7665 1
14722 7665 1
14723 7665 1
9045 7667 1
16076 7669 1
26192 7669 1
26193 7669 1
19836 7683 1
8719 7688 1
14758 7689 1
14759 7689 1
9600 7693 1
9865 7693 1
8345 7695 1
11362 7695 1
21959 7696 1
18833 7699 1
9981 7711 1
13477 7740 1
11614 7744 1
24984 7744 1
20614 7748 1
21156 7754 1
20657 7762 1
10755 7768 1
22028 7776 1
12813 7778 1
26212 7778 1
8187 7799 1
8408 7799 1
8967 7799 1
14971 7799 1
21912 7799 1
8549 7802 1
8981 7807 1
9045 7823 1
16796 7826 1
14041 7827 1
14579 7833 1
12502 7861 1
8839 7875 1
8840 7875 1
13270 7875 1
15134 7875 1
17173 7875 1
17747 7875 1
18469 7875 1
18849 7875 1
20245 7875 1
22180 7875 1
22574 7875 1
22632 7875 1
24448 7875 1
21755 7884 1
25317 7884 1
15186 7886 1
24460 7891 1
10479 7897 1
19538 7910 1
21901 7910 1
22764 7910 1
26209 7910 1
23854 7929 1
24613 7948 1
22903 7983 1
24943 7983 1
14195 7984 1
8839 7997 1
8840 7997 1
8841 7997 1
21054 8009 1
8662 8024 1
13569 8026 1
22342 8026 1
15943 8040 1
15520 8045 1
9394 8050 1
9395 8050 1
15530 8056 1
10065 8071 1
15766 8071 1
16856 8071 1
16919 8071 1
19601 8071 1
20793 8071 1
22694 8071 1
23815 8071 1
23830 8071 1
17338 8082 1
9545 8083 1
10241 8091 1
9045 8094 1
11146 8130 1
11331 8140 1
20883 8140 1
11613 8147 1
15658 8147 1
15832 8150 1
19277 8167 1
16832 8185 1
9607 8193 1
9844 8209 1
25013 8211 1
16006 8212 1
16561 8212 1
19128 8212 1
9252 8214 1
9882 8224 1
9883 8224 1
14877 8228 1
23127 8228 1
24109 8233 1
18722 8247 1
19615 8249 1
14074 8260 1
18039 8260 1
13254 8267 1
19890 8271 1
17521 8291 1
11352 8292 1
25851 8298 1
13691 8301 1
18183 8311 1
15870 8318 1
22932 8337 1
26280 8337 1
8654 8345 1
15936 8345 1
15937 8345 1
15938 8345 1
15939 8345 1
15940 8345 1
20749 8348 1
16544 8354 1
16545 8354 1
16546 8354 1
16549 8354 1
19191 8354 1
20836 8354 1
22585 8354 1
22586 8354 1
10533 8365 1
11653 8365 1
13263 8365 1
14161 8365 1
15049 8365 1
16260 8365 1
19457 8365 1
21083 8365 1
22795 8365 1
24274 8365 1
24576 8365 1
24820 8365 1
24821 8365 1
24822 8365 1
16114 8379 1
18482 8379 1
17869 8380 1
19805 8383 1
8785 8385 1
22615 8385 1
22616 8385 1
19195 8393 1
25192 8394 1
19805 8417 1
15464 8433 1
16889 8433 1
18452 8433 1
21154 8433 1
26354 8443 1
15141 8446 1
17872 8446 1
25372 8446 1
26221 8446 1
9607 8455 1
10748 8458 1
17507 8485 1
15208 8491 1
11482 8496 1
18244 8500 1
19195 8507 1
21936 8510 1
10599 8517 1
15294 8517 1
12133 8518 1
11320 8525 1
14558 8525 1
23712 8525 1
25715 8525 1
26349 8525 1
12688 8550 1
15857 8550 1
19952 8553 1
12600 8568 1
14575 8568 1
16329 8568 1
16330 8568 1
16331 8568 1
9028 8574 1
18562 8578 1
23963 8578 1
10946 8590 1
9893 8597 1
14336 8597 1
13509 8625 1
24987 8625 1
8636 8635 1
11024 8636 1
13064 8636 1
13065 8636 1
13066 8636 1
13067 8636 1
13068 8636 1
13069 8636 1
13070 8636 1
13071 8636 1
8638 8637 1
8640 8639 1
26138 8640 1
8646 8645 1
20424 8646 1
8652 8651 1
8653 8651 1
23252 8654 1
24606 8655 1
22756 8658 1
8666 8659 1
9398 8659 1
10530 8659 1
22756 8659 1
22851 8659 1
25213 8659 1
14354 8660 1
11547 8661 1
16143 8661 1
16145 8661 1
16989 8661 1
20405 8661 1
20406 8661 1
20407 8661 1
8668 8662 1
14355 8662 1
15676 8662 1
20408 8662 1
14402 8664 1
15440 8665 1
10530 8668 1
15181 8668 1
17804 8668 1
22948 8668 1
22949 8668 1
12609 8670 1
16153 8670 1
22275 8672 1
8678 8677 1
8953 8678 1
14579 8678 1
18858 8678 1
8689 8688 1
10570 8689 1
8696 8695 1
10103 8696 1
15637 8696 1
16165 8696 1
22397 8696 1
9869 8699 1
21946 8700 1
25933 8700 1
12633 8703 1
8716 8715 1
8717 8715 1
8719 8718 1
12543 8719 1
13740 8719 1
13741 8719 1
13742 8719 1
13743 8719 1
13744 8719 1
13745 8719 1
13746 8719 1
13747 8719 1
13748 8719 1
13749 8719 1
13750 8719 1
8724 8723 1
10105 8724 1
10808 8724 1
15619 8724 1
17440 8724 1
23298 8724 1
23299 8724 1
23300 8724 1
23301 8724 1
13297 8733 1
8745 8736 1
21060 8736 1
24929 8736 1
8739 8738 1
11239 8739 1
19037 8739 1
20251 8739 1
20252 8739 1
8749 8748 1
8750 8748 1
8764 8749 1
18479 8750 1
8752 8751 1
8755 8754 1
8756 8754 1
8757 8754 1
8758 8754 1
8759 8754 1
8760 8754 1
8761 8754 1
8762 8754 1
8763 8754 1
8837 8755 1
15173 8755 1
8763 8756 1
8758 8757 1
15173 8761 1
19750 8763 1
8765 8764 1
24084 8765 1
8770 8769 1
8773 8772 1
10235 8773 1
13660 8773 1
15207 8773 1
8783 8782 1
9767 8793 1
11815 8793 1
12962 8795 1
8802 8801 1
8803 8801 1
15817 8803 1
17059 8803 1
17060 8803 1
17061 8803 1
17062 8803 1
8811 8810 1
8812 8810 1
11429 8811 1
11431 8811 1
11432 8811 1
11433 8811 1
11434 8811 1
11429 8812 1
11430 8812 1
11431 8812 1
11432 8812 1
11433 8812 1
11434 8812 1
8815 8814 1
9855 8815 1
16828 8815 1
21778 8815 1
21891 8815 1
22455 8815 1
23859 8815 1
24932 8815 1
25989 8815 1
8817 8816 1
8819 8818 1
8820 8818 1
8822 8821 1
12619 8822 1
16327 8822 1
16328 8822 1
8827 8826 1
8829 8828 1
14040 8829 1
8831 8830 1
12231 8831 1
12765 8831 1
19458 8831 1
8835 8834 1
8837 8836 1
16668 8837 1
17814 8837 1
23834 8837 1
25060 8837 1
25670 8837 1
8843 8842 1
20534 8843 1
14165 8844 1
8878 8847 1
19646 8849 1
24433 8852 1
8878 8864 1
10121 8870 1
26379 8870 1
12873 8889 1
14036 8889 1
21658 8892 1
11835 8894 1
14640 8894 1
15722 8894 1
16308 8894 1
19225 8894 1
23864 8894 1
9072 8903 1
9045 8904 1
10354 8914 1
9016 8920 1
9056 8932 1
17180 8932 1
12996 8936 1
12673 8954 1
11276 8957 1
15795 8957 1
16972 8957 1
10252 8958 1
22426 8967 1
22885 8968 1
12189 8971 1
12263 8971 1
12423 8971 1
12438 8971 1
13255 8971 1
14620 8971 1
14621 8971 1
14622 8971 1
14623 8971 1
14624 8971 1
25027 8980 1
18354 8985 1
12697 8996 1
14010 9002 1
15844 9002 1
17865 9002 1
14291 9013 1
15217 9017 1
17373 9017 1
25373 9024 1
13887 9027 1
22481 9027 1
22482 9027 1
22098 9037 1
24121 9037 1
16956 9040 1
9538 9045 1
9570 9045 1
13954 9045 1
14846 9045 1
14847 9045 1
14848 9045 1
14849 9045 1
14850 9045 1
14851 9045 1
14852 9045 1
14853 9045 1
14854 9045 1
14855 9045 1
14856 9045 1
14857 9045 1
14858 9045 1
10230 9058 1
11118 9059 1
18522 9059 1
10477 9063 1
13508 9074 1
20597 9074 1
20598 9074 1
23281 9088 1
24141 9088 1
20618 9101 1
10012 9112 1
15295 9118 1
15755 9118 1
15995 9119 1
12502 9120 1
11855 9122 1
13496 9122 1
17828 9122 1
19916 9122 1
15294 9127 1
15844 9133 1
10709 9140 1
10571 9141 1
25627 9141 1
10235 9142 1
11834 9142 1
12777 9142 1
12778 9142 1
12779 9142 1
14342 9142 1
16284 9142 1
16663 9142 1
20564 9155 1
21467 9155 1
12524 9162 1
25481 9163 1
9170 9169 1
21641 9170 1
22517 9170 1
22518 9170 1
9173 9172 1
25690 9173 1
9178 9177 1
24160 9178 1
9180 9179 1
12611 9180 1
15390 9180 1
15391 9180 1
15392 9180 1
15393 9180 1
15394 9180 1
15395 9180 1
15396 9180 1
15397 9180 1
15398 9180 1
15399 9180 1
9183 9182 1
12822 9183 1
13445 9183 1
16699 9183 1
19340 9183 1
20881 9183 1
24533 9183 1
24534 9183 1
24535 9183 1
24536 9183 1
9186 9185 1
9190 9189 1
9191 9189 1
9192 9189 1
9193 9189 1
9194 9189 1
9196 9195 1
9197 9195 1
24739 9196 1
22905 9197 1
9199 9198 1
9202 9201 1
11717 9202 1
9210 9209 1
9858 9210 1
11649 9210 1
12015 9210 1
14141 9210 1
17156 9210 1
19248 9210 1
19313 9210 1
21951 9210 1
24096 9210 1
25524 9210 1
26046 9210 1
9212 9211 1
11453 9214 1
9217 9216 1
20062 9222 1
9233 9232 1
13516 9233 1
13518 9233 1
13519 9233 1
13520 9233 1
26065 9241 1
15170 9242 1
15171 9242 1
15172 9242 1
9246 9244 1
21202 9244 1
10853 9250 1
11655 9250 1
22569 9250 1
9375 9257 1
9263 9262 1
21745 9263 1
22890 9263 1
26096 9267 1
9278 9273 1
16598 9273 1
18192 9273 1
22692 9273 1
10998 9278 1
10999 9278 1
11000 9278 1
11001 9278 1
23995 9296 1
17919 9304 1
17920 9304 1
16164 9335 1
11384 9336 1
19050 9336 1
19288 9336 1
19309 9336 1
19310 9336 1
23338 9343 1
24188 9349 1
14893 9355 1
20794 9364 1
14168 9369 1
9973 9370 1
14905 9377 1
9393 9392 1
21639 9393 1
9406 9405 1
14896 9406 1
9408 9407 1
9410 9409 1
10113 9410 1
9415 9414 1
9478 9415 1
18667 9415 1
13860 9431 1
19175 9458 1
13621 9478 1
14654 9478 1
25384 9478 1
9484 9483 1
9650 9484 1
14306 9484 1
14731 9484 1
16015 9484 1
16016 9484 1
16017 9484 1
9486 9485 1
21888 9486 1
9491 9490 1
18072 9491 1
9497 9496 1
9500 9499 1
9504 9503 1
9505 9503 1
9506 9503 1
9507 9503 1
9508 9503 1
11482 9504 1
11482 9508 1
9520 9519 1
11076 9520 1
11077 9520 1
11382 9520 1
11723 9520 1
12649 9520 1
12650 9520 1
12651 9520 1
12652 9520 1
12653 9520 1
12654 9520 1
12655 9520 1
12656 9520 1
12657 9520 1
12658 9520 1
12659 9520 1
12660 9520 1
12661 9520 1
12662 9520 1
12663 9520 1
12664 9520 1
12665 9520 1
12666 9520 1
12667 9520 1
12668 9520 1
12669 9520 1
12670 9520 1
12671 9520 1
9524 9523 1
14838 9524 1
18650 9524 1
25576 9524 1
26131 9524 1
9529 9528 1
11091 9529 1
11092 9529 1
11554 9529 1
19258 9529 1
20252 9529 1
20812 9529 1
22849 9529 1
22850 9529 1
9531 9530 1
24549 9531 1
9541 9540 1
9581 9541 1
11381 9541 1
12915 9541 1
13602 9541 1
13603 9541 1
16128 9541 1
16135 9541 1
18044 9541 1
20212 9541 1
20307 9541 1
21054 9545 1
9551 9550 1
24489 9551 1
9556 9555 1
14585 9556 1
9558 9557 1
15898 9563 1
22478 9563 1
9578 9571 1
9579 9571 1
9580 9571 1
9583 9571 1
9586 9571 1
9589 9571 1
9594 9571 1
16293 9571 1
19130 9571 1
20560 9571 1
25935 9571 1
13797 9572 1
10145 9573 1
11236 9573 1
12720 9573 1
16726 9573 1
9602 9576 1
16383 9576 1
16403 9576 1
14539 9581 1
12892 9585 1
13782 9585 1
14861 9585 1
16522 9585 1
19617 9585 1
20238 9585 1
22520 9585 1
22644 9585 1
22976 9585 1
24119 9585 1
25003 9585 1
11862 9593 1
19447 9595 1
19468 9595 1
19469 9595 1
16738 9597 1
16739 9597 1
16740 9597 1
16741 9597 1
25559 9599 1
14539 9600 1
23176 9600 1
14077 9602 1
25148 9602 1
26263 9602 1
9607 9606 1
11559 9607 1
12808 9607 1
18269 9607 1
18374 9607 1
19642 9607 1
20247 9607 1
9615 9614 1
9617 9616 1
15650 9617 1
15652 9617 1
16300 9617 1
18186 9621 1
24794 9621 1
10065 9634 1
9642 9641 1
11680 9642 1
13006 9642 1
13988 9642 1
14439 9642 1
14616 9642 1
15302 9642 1
15688 9642 1
15926 9642 1
15958 9642 1
15959 9642 1
17005 9642 1
21241 9642 1
21264 9642 1
21466 9642 1
24977 9642 1
11453 9657 1
11453 9660 1
14722 9660 1
13690 9667 1
11225 9677 1
13939 9677 1
15954 9677 1
15957 9677 1
16111 9677 1
16112 9677 1
16113 9677 1
16114 9677 1
9684 9683 1
20252 9692 1
21568 9692 1
9696 9695 1
15917 9696 1
19397 9696 1
19658 9696 1
21112 9696 1
21960 9696 1
23125 9696 1
23844 9696 1
23876 9696 1
25881 9696 1
25882 9696 1
25883 9696 1
9700 9699 1
12362 9700 1
9703 9702 1
9707 9706 1
22015 9707 1
9711 9710 1
9712 9710 1
9713 9710 1
9714 9710 1
9715 9710 1
9716 9710 1
9718 9717 1
13138 9733 1
21649 9734 1
13017 9735 1
11535 9737 1
9744 9743 1
16036 9744 1
18559 9744 1
19061 9744 1
22856 9744 1
9747 9746 1
9751 9750 1
16909 9751 1
17881 9751 1
24427 9751 1
24541 9751 1
11825 9791 1
9926 9792 1
11009 9794 1
9800 9799 1
10977 9800 1
20254 9800 1
9807 9806 1
11406 9807 1
11588 9807 1
13945 9807 1
22588 9807 1
22589 9807 1
22590 9807 1
22591 9807 1
9810 9809 1
9811 9809 1
23221 9811 1
25994 9811 1
9814 9813 1
9815 9813 1
9818 9817 1
10027 9818 1
11499 9818 1
14170 9818 1
14382 9818 1
16720 9818 1
17963 9818 1
21247 9818 1
24677 9818 1
13288 9821 1
9827 9826 1
25878 9827 1
19203 9829 1
19581 9832 1
19989 9832 1
21592 9832 1
21593 9832 1
21594 9832 1
21595 9832 1
25369 9833 1
9840 9839 1
9842 9841 1
9847 9846 1
16627 9847 1
20716 9847 1
9853 9852 1
15710 9853 1
20714 9853 1
21796 9853 1
23873 9860 1
9865 9864 1
10615 9865 1
12194 9865 1
13400 9865 1
13712 9865 1
14118 9865 1
16562 9865 1
16563 9865 1
16564 9865 1
16565 9865 1
16566 9865 1
16567 9865 1
9867 9866 1
9869 9868 1
15743 9869 1
16959 9869 1
17727 9869 1
20019 9869 1
21552 9869 1
22937 9869 1
25291 9869 1
25332 9869 1
25431 9869 1
9874 9873 1
16857 9874 1
9881 9880 1
15779 9893 1
19487 9893 1
11190 9902 1
13254 9909 1
15782 9909 1
11190 9910 1
11374 9915 1
20708 9918 1
13254 9919 1
15782 9919 1
13492 9925 1
18638 9926 1
15286 9927 1
15951 9927 1
11171 9929 1
14057 9929 1
14150 9929 1
14896 9929 1
15860 9929 1
20297 9929 1
23021 9929 1
26058 9929 1
9945 9931 1
20319 9933 1
20320 9933 1
20321 9933 1
25655 9935 1
18808 9937 1
13390 9939 1
22286 9939 1
25871 9939 1
25872 9939 1
21479 9941 1
20110 9948 1
14122 9951 1
22001 9957 1
22896 9958 1
14135 9960 1
14136 9960 1
11841 9963 1
18802 9963 1
19126 9963 1
22884 9969 1
10088 9973 1
13699 9973 1
14033 9973 1
16770 9973 1
20099 9973 1
20100 9973 1
20101 9973 1
20102 9973 1
20103 9973 1
20104 9973 1
20105 9973 1
20106 9973 1
21223 9979 1
22140 9979 1
14805 9981 1
10284 9982 1
18929 9982 1
22921 9982 1
16625 9987 1
16626 9987 1
10021 9989 1
10594 9989 1
10618 9989 1
10997 9991 1
18780 9992 1
16650 9999 1
10379 10005 1
10046 10007 1
15646 10007 1
23199 10007 1
26211 10007 1
11316 10012 1
13118 10012 1
13617 10012 1
13999 10012 1
15312 10012 1
20271 10012 1
21098 10012 1
22055 10012 1
24132 10012 1
24133 10012 1
15554 10015 1
15313 10016 1
19702 10019 1
13288 10020 1
13289 10020 1
13290 10020 1
13291 10020 1
13292 10020 1
13293 10020 1
17030 10022 1
20540 10024 1
23901 10028 1
16274 10039 1
14894 10041 1
15357 10043 1
11369 10044 1
12683 10045 1
13967 10049 1
25298 10064 1
10111 10065 1
11627 10065 1
14731 10065 1
14748 10065 1
15879 10065 1
19838 10065 1
19866 10065 1
21586 10065 1
21588 10065 1
25350 10065 1
26213 10065 1
26259 10065 1
10120 10067 1
17034 10067 1
12084 10068 1
16675 10068 1
20129 10070 1
22046 10071 1
22359 10071 1
23781 10071 1
23782 10071 1
23992 10072 1
26163 10072 1
26164 10072 1
14730 10075 1
15799 10086 1
21088 10087 1
15813 10088 1
20101 10088 1
21094 10088 1
20025 10089 1
22838 10089 1
22839 10089 1
13710 10092 1
16824 10097 1
18234 10097 1
21540 10097 1
22911 10097 1
23978 10097 1
10108 10107 1
10110 10109 1
10113 10112 1
11887 10113 1
12867 10113 1
12928 10113 1
15195 10113 1
15203 10113 1
16167 10113 1
17825 10113 1
17836 10113 1
17837 10113 1
17838 10113 1
17839 10113 1
17840 10113 1
17841 10113 1
17842 10113 1
17843 10113 1
10115 10114 1
11399 10115 1
14732 10115 1
16775 10115 1
18548 10115 1
18584 10115 1
19373 10115 1
19696 10115 1
19793 10115 1
19846 10115 1
20567 10115 1
20986 10115 1
21096 10115 1
21873 10115 1
22007 10115 1
26010 10115 1
26142 10115 1
26143 10115 1
26144 10115 1
26145 10115 1
26146 10115 1
26147 10115 1
26148 10115 1
10124 10123 1
24979 10124 1
10128 10127 1
10970 10128 1
23745 10128 1
24247 10128 1
25288 10128 1
10132 10131 1
15862 10132 1
10146 10145 1
13476 10150 1
10884 10156 1
14042 10156 1
15270 10156 1
15683 10157 1
16525 10157 1
16526 10157 1
16527 10157 1
14634 10168 1
16556 10168 1
16557 10168 1
21767 10169 1
11796 10171 1
11797 10171 1
11798 10171 1
11799 10171 1
11800 10171 1
11801 10171 1
11802 10171 1
11803 10171 1
11804 10171 1
11805 10171 1
11806 10171 1
11807 10171 1
11808 10171 1
16573 10174 1
17437 10175 1
18639 10175 1
18867 10182 1
21157 10182 1
15979 10185 1
16592 10185 1
12988 10199 1
13911 10199 1
14919 10199 1
15167 10199 1
15825 10199 1
16137 10199 1
18725 10199 1
18726 10199 1
12445 10202 1
14000 10202 1
16578 10202 1
18720 10202 1
18892 10202 1
24019 10202 1
24478 10202 1
21871 10203 1
10397 10218 1
21167 10218 1
22295 10218 1
12511 10221 1
21354 10223 1
13371 10232 1
10940 10235 1
13033 10235 1
13481 10235 1
16663 10235 1
16664 10235 1
16665 10235 1
16666 10235 1
16667 10235 1
12569 10237 1
12843 10239 1
13543 10239 1
19535 10239 1
21443 10239 1
26450 10239 1
10890 10246 1
17442 10253 1
23306 10253 1
20533 10254 1
22982 10254 1
25418 10254 1
13140 10255 1
12698 10264 1
12699 10264 1
11146 10274 1
11131 10284 1
17174 10284 1
22001 10284 1
22002 10284 1
16772 10288 1
19016 10292 1
11118 10299 1
25644 10304 1
14195 10305 1
15367 10310 1
22798 10310 1
18494 10312 1
19539 10312 1
21008 10312 1
22073 10312 1
24561 10312 1
15369 10315 1
17500 10315 1
25101 10320 1
25112 10320 1
12417 10321 1
15036 10321 1
15037 10321 1
15038 10321 1
15039 10321 1
15040 10321 1
10460 10334 1
12104 10334 1
10485 10343 1
10630 10343 1
12033 10343 1
17169 10343 1
22095 10343 1
22096 10343 1
16953 10346 1
17079 10347 1
25149 10347 1
10428 10349 1
14694 10349 1
14766 10349 1
14770 10349 1
14796 10349 1
15814 10349 1
17757 10349 1
20353 10349 1
20354 10349 1
20355 10349 1
20356 10349 1
10837 10351 1
10920 10351 1
13134 10351 1
14527 10351 1
15128 10351 1
16814 10351 1
23108 10351 1
12559 10355 1
13901 10355 1
16668 10355 1
19799 10355 1
25648 10355 1
16750 10363 1
14976 10378 1
13133 10379 1
13142 10381 1
11551 10382 1
26015 10396 1
11187 10403 1
11222 10403 1
12414 10403 1
15618 10403 1
15954 10403 1
15957 10403 1
17654 10403 1
17805 10403 1
18589 10403 1
23161 10403 1
23301 10403 1
23402 10403 1
24481 10403 1
24482 10403 1
24483 10403 1
19223 10404 1
18358 10408 1
14629 10418 1
15592 10418 1
15954 10418 1
18861 10418 1
18862 10418 1
23050 10418 1
25988 10418 1
13254 10425 1
14722 10428 1
16604 10428 1
10761 10438 1
11416 10440 1
12155 10444 1
15522 10444 1
15523 10444 1
15525 10444 1
15526 10444 1
20594 10444 1
13374 10452 1
13375 10452 1
16824 10454 1
20866 10455 1
11876 10459 1
15455 10459 1
15456 10459 1
15457 10459 1
11014 10460 1
13802 10460 1
15458 10460 1
15459 10460 1
14196 10462 1
18611 10464 1
23360 10469 1
25264 10469 1
10850 10472 1
11753 10477 1
18361 10477 1
19202 10477 1
20845 10477 1
20887 10477 1
21194 10477 1
22685 10477 1
23971 10477 1
24474 10477 1
25759 10477 1
25760 10477 1
15492 10479 1
15493 10479 1
15494 10479 1
17076 10482 1
17077 10482 1
21149 10482 1
23861 10482 1
24538 10482 1
13254 10491 1
10556 10495 1
10602 10495 1
11408 10499 1
10779 10500 1
22373 10500 1
10726 10501 1
25752 10510 1
25772 10510 1
13523 10511 1
23614 10524 1
17042 10530 1
22949 10530 1
17740 10533 1
19457 10533 1
10901 10534 1
25331 10534 1
26071 10551 1
17859 10558 1
18330 10560 1
23298 10560 1
23301 10560 1
24601 10560 1
24602 10560 1
11118 10567 1
15283 10567 1
18380 10583 1
16164 10588 1
11492 10589 1
16950 10589 1
25284 10591 1
13767 10597 1
13768 10597 1
13769 10597 1
13770 10597 1
11422 10602 1
12469 10602 1
22407 10602 1
11297 10603 1
15771 10603 1
15772 10603 1
12096 10611 1
12158 10611 1
22074 10611 1
13672 10613 1
22512 10614 1
10928 10618 1
18572 10624 1
13892 10626 1
11304 10628 1
22171 10655 1
10989 10660 1
11190 10662 1
25407 10662 1
25852 10663 1
10900 10666 1
11015 10669 1
11408 10673 1
16410 10673 1
23259 10673 1
25934 10676 1
11028 10681 1
11029 10681 1
11030 10681 1
11031 10681 1
11032 10681 1
11033 10681 1
13815 10684 1
14548 10684 1
14553 10684 1
14555 10684 1
15954 10684 1
17366 10684 1
18257 10684 1
18258 10684 1
18259 10684 1
18260 10684 1
18261 10684 1
18262 10684 1
13993 10686 1
12587 10688 1
16920 10688 1
12296 10694 1
14011 10698 1
10728 10704 1
16912 10707 1
21138 10707 1
23814 10707 1
14179 10710 1
14180 10710 1
17532 10723 1
18860 10726 1
19460 10726 1
22624 10726 1
22625 10726 1
22626 10726 1
20415 10728 1
16834 10745 1
17109 10745 1
17116 10745 1
18066 10745 1
19854 10745 1
20220 10745 1
22834 10745 1
25500 10745 1
13005 10748 1
14126 10748 1
14338 10748 1
16766 10748 1
22748 10748 1
25455 10748 1
14516 10758 1
18120 10758 1
20281 10758 1
23906 10779 1
13652 10782 1
20051 10782 1
21542 10782 1
11418 10783 1
11419 10783 1
14191 10784 1
14192 10784 1
11408 10787 1
14167 10819 1
15361 10819 1
16023 10819 1
19115 10819 1
20136 10819 1
22181 10819 1
15095 10824 1
11512 10827 1
12020 10833 1
12161 10833 1
12216 10833 1
12424 10833 1
15954 10833 1
18248 10833 1
19739 10833 1
19904 10833 1
21630 10833 1
24995 10833 1
26155 10833 1
26156 10833 1
11612 10858 1
13322 10861 1
14421 10861 1
14422 10861 1
15313 10862 1
23171 10862 1
23936 10862 1
23937 10862 1
11033 10865 1
14837 10866 1
10886 10868 1
22798 10868 1
15368 10886 1
14633 10889 1
20538 10889 1
25196 10889 1
13638 10891 1
25282 10891 1
18803 10895 1
20010 10900 1
20011 10900 1
12127 10904 1
12385 10904 1
24043 10904 1
13254 10908 1
23397 10908 1
13254 10910 1
12179 10912 1
18609 10912 1
18610 10912 1
18611 10912 1
10917 10916 1
15756 10923 1
15757 10923 1
21886 10929 1
10932 10931 1
10935 10934 1
14073 10935 1
10938 10937 1
10941 10940 1
10967 10966 1
10969 10968 1
14480 10969 1
14890 10969 1
19423 10969 1
19500 10969 1
19509 10969 1
23421 10969 1
25231 10969 1
25585 10969 1
10975 10974 1
16009 10975 1
16010 10975 1
10977 10976 1
10991 10990 1
10993 10992 1
10994 10992 1
10995 10992 1
10996 10992 1
14652 10997 1
18309 10997 1
18949 10997 1
22486 10997 1
26291 10997 1
11009 11008 1
12825 11009 1
21609 11009 1
21797 11009 1
11013 11012 1
22111 11013 1
14601 11015 1
19886 11023 1
13524 11031 1
17106 11033 1
11036 11035 1
11105 11036 1
11113 11036 1
11114 11036 1
11115 11036 1
17127 11036 1
19120 11036 1
19121 11036 1
19122 11036 1
11040 11039 1
19713 11058 1
22800 11058 1
16909 11059 1
22800 11059 1
14449 11087 1
14450 11087 1
11191 11094 1
12475 11094 1
20917 11094 1
24590 11100 1
11118 11117 1
12131 11118 1
16577 11118 1
23676 11118 1
24974 11118 1
25434 11118 1
25460 11118 1
11124 11123 1
18326 11124 1
19746 11124 1
24100 11124 1
24101 11124 1
11130 11129 1
11139 11138 1
14395 11139 1
16412 11139 1
17982 11139 1
20324 11139 1
21546 11139 1
21945 11139 1
24896 11139 1
25056 11139 1
25456 11139 1
26391 11139 1
11141 11140 1
11142 11140 1
18597 11141 1
22955 11141 1
11144 11143 1
11146 11145 1
25710 11146 1
11148 11147 1
11394 11148 1
14983 11148 1
14984 11148 1
14985 11148 1
14986 11148 1
14987 11148 1
11154 11153 1
11156 11155 1
11157 11155 1
15472 11156 1
15954 11157 1
19699 11157 1
23133 11160 1
11166 11165 1
15316 11168 1
15316 11174 1
25435 11178 1
11500 11180 1
12569 11180 1
14930 11180 1
15764 11180 1
17851 11180 1
18957 11180 1
22000 11180 1
22892 11180 1
23920 11180 1
25173 11180 1
25283 11180 1
13254 11190 1
15782 11190 1
11193 11192 1
11198 11197 1
11199 11197 1
11200 11197 1
11201 11197 1
15636 11198 1
17751 11198 1
17752 11198 1
17753 11198 1
17754 11198 1
15636 11199 1
11408 11210 1
11220 11219 1
11221 11219 1
11222 11219 1
19896 11220 1
21378 11221 1
11225 11224 1
20902 11225 1
11227 11226 1
13386 11227 1
13387 11227 1
13388 11227 1
11229 11228 1
11230 11228 1
18968 11229 1
11488 11230 1
11236 11235 1
16285 11236 1
16286 11236 1
11238 11237 1
19135 11248 1
17140 11267 1
13027 11297 1
14567 11298 1
19151 11298 1
18038 11323 1
21194 11323 1
17054 11365 1
17055 11365 1
19314 11365 1
11376 11375 1
17974 11376 1
11380 11379 1
16126 11381 1
16130 11381 1
20609 11381 1
25314 11381 1
11387 11386 1
11388 11386 1
11389 11386 1
11390 11386 1
11391 11386 1
11392 11386 1
11393 11386 1
11398 11397 1
11399 11397 1
19846 11398 1
11403 11402 1
11404 11402 1
15960 11403 1
22858 11403 1
12084 11408 1
13790 11408 1
14765 11408 1
14806 11408 1
14873 11408 1
15298 11408 1
16718 11408 1
17743 11408 1
17771 11408 1
18048 11408 1
18307 11408 1
18807 11408 1
20989 11408 1
21084 11408 1
22514 11408 1
11414 11413 1
24557 11414 1
11436 11435 1
23035 11436 1
23036 11436 1
11440 11439 1
11444 11443 1
15669 11447 1
13948 11449 1
19617 11451 1
11658 11453 1
11736 11453 1
13930 11453 1
14078 11453 1
15222 11453 1
18252 11453 1
11455 11454 1
11456 11454 1
11457 11454 1
11458 11454 1
14689 11455 1
16894 11455 1
11462 11461 1
11464 11463 1
11466 11465 1
11467 11465 1
14931 11466 1
22201 11466 1
20236 11467 1
20300 11467 1
20719 11467 1
20873 11467 1
22093 11467 1
22199 11467 1
22200 11467 1
22201 11467 1
22202 11467 1
22203 11467 1
11473 11472 1
13473 11473 1
17165 11473 1
24137 11473 1
20573 11475 1
11481 11480 1
12373 11482 1
12444 11482 1
12691 11482 1
22299 11482 1
22625 11482 1
23769 11482 1
23770 11482 1
14579 11488 1
23255 11488 1
11492 11491 1
11495 11494 1
11496 11494 1
16363 11495 1
16401 11495 1
19555 11495 1
23170 11495 1
20180 11496 1
11507 11506 1
14041 11507 1
11519 11518 1
11949 11519 1
11529 11528 1
13049 11529 1
14254 11529 1
22400 11529 1
22401 11529 1
22402 11529 1
22403 11529 1
22404 11529 1
11535 11531 1
11538 11537 1
11707 11538 1
14465 11538 1
11541 11540 1
11550 11549 1
16115 11550 1
17797 11550 1
18285 11550 1
20426 11550 1
21633 11550 1
21704 11550 1
11566 11565 1
14874 11566 1
14930 11566 1
15986 11566 1
19700 11566 1
11580 11575 1
11589 11577 1
12896 11577 1
12899 11577 1
20849 11577 1
20850 11577 1
20851 11577 1
20852 11577 1
20853 11577 1
20854 11577 1
25419 11579 1
17092 11586 1
25006 11586 1
12899 11589 1
20809 11589 1
15113 11593 1
15537 11612 1
15538 11612 1
11618 11617 1
15873 11618 1
11624 11623 1
18367 11624 1
18368 11624 1
18369 11624 1
18370 11624 1
18371 11624 1
18372 11624 1
11626 11625 1
13246 11626 1
11640 11639 1
13127 11640 1
15903 11640 1
15904 11640 1
15905 11640 1
15906 11640 1
11643 11642 1
11649 11648 1
11650 11648 1
11651 11648 1
11653 11652 1
13986 11653 1
13987 11653 1
13988 11653 1
13989 11653 1
13990 11653 1
11673 11672 1
11685 11680 1
15954 11680 1
15956 11680 1
16096 11680 1
18239 11680 1
25261 11680 1
25613 11680 1
11691 11690 1
13470 11691 1
11693 11692 1
11694 11692 1
11695 11692 1
15277 11699 1
11703 11702 1
11704 11702 1
11712 11711 1
15214 11712 1
15703 11712 1
15704 11712 1
18456 11713 1
11715 11714 1
12075 11715 1
12461 11715 1
18566 11715 1
18567 11715 1
11718 11717 1
11719 11717 1
11720 11717 1
11721 11717 1
11722 11717 1
11723 11717 1
13517 11718 1
26153 11723 1
11727 11726 1
11729 11728 1
11736 11735 1
11744 11743 1
11750 11749 1
11751 11749 1
11752 11749 1
11755 11754 1
11756 11754 1
22409 11770 1
15995 11778 1
12060 11782 1
11793 11792 1
11795 11794 1
17739 11796 1
23767 11796 1
13537 11797 1
14427 11797 1
16199 11801 1
19765 11803 1
11807 11805 1
16199 11805 1
18855 11805 1
14587 11806 1
11822 11821 1
13004 11822 1
25137 11822 1
25453 11822 1
25454 11822 1
11827 11826 1
11833 11832 1
16671 11833 1
18319 11833 1
11846 11845 1
16948 11846 1
19013 11846 1
19014 11846 1
19015 11846 1
15808 11856 1
22823 11859 1
20707 11879 1
11885 11884 1
11892 11891 1
13834 11892 1
22352 11892 1
24785 11892 1
11897 11896 1
13981 11897 1
15774 11897 1
16415 11897 1
17001 11897 1
20728 11897 1
20729 11897 1
20730 11897 1
20731 11897 1
11899 11898 1
12630 11908 1
11938 11915 1
22243 11918 1
11947 11946 1
19396 11955 1
19195 11970 1
17698 11975 1
16748 12006 1
14924 12007 1
17595 12007 1
21337 12007 1
12018 12011 1
21890 12027 1
24096 12034 1
24097 12034 1
15309 12038 1
20874 12060 1
16832 12082 1
16681 12088 1
15794 12091 1
22931 12091 1
24118 12092 1
16832 12093 1
18921 12094 1
12371 12109 1
25824 12109 1
18923 12117 1
14123 12133 1
15836 12133 1
19782 12133 1
20974 12136 1
15836 12155 1
20060 12155 1
14362 12173 1
24549 12173 1
16833 12178 1
16834 12178 1
19763 12182 1
13454 12188 1
15669 12188 1
20595 12188 1
23800 12188 1
23801 12188 1
22578 12189 1
25930 12197 1
21358 12217 1
14371 12229 1
12502 12240 1
12502 12268 1
24605 12268 1
16832 12280 1
15185 12283 1
12362 12301 1
14298 12336 1
22453 12336 1
14641 12349 1
21490 12351 1
20047 12354 1
12405 12355 1
22171 12357 1
12716 12377 1
15783 12377 1
25262 12377 1
24495 12419 1
17158 12448 1
13274 12449 1
15797 12454 1
17047 12463 1
12691 12471 1
17218 12473 1
12476 12475 1
19653 12476 1
19654 12476 1
19655 12476 1
12479 12478 1
16954 12479 1
25100 12493 1
12557 12495 1
24800 12495 1
12499 12498 1
15770 12499 1
21981 12499 1
22630 12499 1
22631 12499 1
12502 12501 1
12553 12502 1
13562 12502 1
13563 12502 1
13564 12502 1
13565 12502 1
13566 12502 1
13567 12502 1
13568 12502 1
13569 12502 1
13570 12502 1
13571 12502 1
13572 12502 1
13573 12502 1
13574 12502 1
13575 12502 1
13576 12502 1
13577 12502 1
13578 12502 1
13579 12502 1
13580 12502 1
13581 12502 1
13582 12502 1
13583 12502 1
13584 12502 1
13585 12502 1
13586 12502 1
13587 12502 1
13588 12502 1
13172 12509 1
13501 12509 1
15965 12509 1
21690 12509 1
21691 12509 1
23573 12511 1
12513 12512 1
15358 12513 1
15966 12513 1
12526 12525 1
13677 12526 1
15621 12526 1
16459 12526 1
18014 12526 1
18047 12526 1
18759 12526 1
18760 12526 1
18761 12526 1
18762 12526 1
18763 12526 1
18764 12526 1
18765 12526 1
18766 12526 1
18767 12526 1
18768 12526 1
18769 12526 1
18770 12526 1
20256 12544 1
12548 12547 1
20588 12548 1
26133 12548 1
12561 12560 1
12563 12562 1
15147 12563 1
15727 12563 1
16732 12563 1
18464 12563 1
18465 12563 1
18466 12563 1
18467 12563 1
18468 12563 1
14522 12565 1
15871 12565 1
12572 12571 1
19819 12576 1
12579 12578 1
12580 12578 1
12581 12578 1
12582 12578 1
12583 12578 1
12584 12578 1
12585 12578 1
12586 12578 1
12587 12578 1
12588 12578 1
12589 12578 1
12590 12578 1
15673 12590 1
12593 12592 1
12594 12592 1
12595 12592 1
12596 12592 1
12597 12592 1
12598 12592 1
12599 12592 1
20301 12598 1
12604 12603 1
12605 12603 1
12606 12603 1
12607 12603 1
19524 12604 1
12609 12608 1
15535 12609 1
18833 12609 1
22186 12609 1
23149 12609 1
23150 12609 1
12612 12611 1
12613 12611 1
12617 12616 1
15913 12617 1
16441 12617 1
25376 12617 1
12629 12628 1
15013 12629 1
15014 12629 1
15015 12629 1
15016 12629 1
15017 12629 1
15018 12629 1
12631 12630 1
20246 12631 1
20247 12631 1
12633 12632 1
13858 12633 1
13971 12633 1
15981 12633 1
24050 12633 1
24811 12633 1
25366 12633 1
26449 12633 1
26463 12633 1
12636 12635 1
12643 12642 1
17478 12643 1
22524 12643 1
15604 12651 1
18103 12658 1
15604 12664 1
12673 12672 1
13277 12673 1
13776 12673 1
14844 12673 1
18183 12673 1
22821 12673 1
23645 12673 1
12678 12677 1
12725 12678 1
12726 12678 1
12727 12678 1
12728 12678 1
12729 12678 1
12730 12678 1
12696 12695 1
16137 12696 1
12711 12710 1
12720 12719 1
12721 12719 1
16996 12720 1
16997 12720 1
21659 12739 1
14651 12748 1
15072 12748 1
16070 12748 1
19364 12748 1
19777 12748 1
22904 12748 1
25348 12748 1
25400 12748 1
25516 12748 1
16735 12754 1
17711 12765 1
13720 12766 1
19461 12766 1
19462 12766 1
12884 12768 1
26171 12768 1
14322 12773 1
12776 12775 1
14342 12777 1
17213 12780 1
21890 12783 1
12786 12785 1
12788 12787 1
14195 12790 1
18957 12793 1
14579 12810 1
24250 12811 1
12825 12824 1
12827 12826 1
12828 12826 1
12829 12826 1
25435 12827 1
13621 12828 1
12834 12833 1
12835 12833 1
12845 12844 1
12851 12850 1
16920 12851 1
17818 12851 1
18843 12851 1
20174 12851 1
12855 12854 1
12856 12854 1
13507 12858 1
22264 12858 1
22510 12858 1
22515 12858 1
22516 12858 1
12868 12867 1
17105 12868 1
24525 12868 1
24526 12868 1
12870 12869 1
12913 12870 1
12874 12873 1
12875 12873 1
12876 12873 1
12877 12873 1
12878 12873 1
12879 12873 1
12883 12882 1
12887 12886 1
14480 12887 1
15304 12887 1
18539 12887 1
19271 12887 1
19628 12887 1
20642 12887 1
23898 12887 1
20809 12896 1
21176 12896 1
12903 12897 1
14943 12897 1
12903 12901 1
14929 12901 1
12904 12903 1
14943 12903 1
25030 12903 1
12907 12904 1
19242 12904 1
23849 12904 1
14943 12907 1
26117 12907 1
14426 12918 1
13296 12920 1
12932 12931 1
14604 12932 1
17842 12932 1
14426 12937 1
14426 12944 1
12952 12951 1
12955 12954 1
12971 12970 1
12972 12970 1
12977 12976 1
12978 12976 1
12985 12984 1
13169 12985 1
13191 12985 1
13215 12985 1
13227 12985 1
13676 12985 1
14491 12985 1
16576 12985 1
17145 12985 1
21723 12985 1
22357 12985 1
22474 12985 1
23900 12985 1
24816 12985 1
25223 12985 1
25278 12985 1
25279 12985 1
25280 12985 1
25281 12985 1
12987 12986 1
15661 12987 1
15662 12987 1
21376 12996 1
13004 13003 1
25009 13004 1
13009 13008 1
24548 13009 1
22719 13017 1
25058 13017 1
13030 13029 1
25349 13030 1
13051 13050 1
13083 13051 1
15025 13051 1
16210 13051 1
13059 13058 1
18340 13059 1
13498 13067 1
15862 13068 1
13081 13080 1
13083 13082 1
13085 13084 1
13247 13085 1
16105 13085 1
19133 13085 1
22307 13085 1
13254 13089 1
14179 13094 1
13120 13119 1
14412 13133 1
13146 13145 1
13236 13146 1
13262 13146 1
22473 13146 1
22474 13146 1
22475 13146 1
22476 13146 1
13195 13162 1
13215 13162 1
14152 13162 1
14292 13162 1
19979 13162 1
20092 13162 1
22056 13162 1
22489 13162 1
22490 13162 1
22491 13162 1
22492 13162 1
22493 13162 1
22494 13162 1
22495 13162 1
22496 13162 1
22497 13162 1
22498 13162 1
22499 13162 1
19588 13164 1
13542 13170 1
15299 13170 1
16661 13170 1
16674 13170 1
20588 13170 1
22496 13170 1
25582 13170 1
25630 13170 1
25789 13170 1
26089 13170 1
26406 13170 1
21709 13171 1
20946 13174 1
14490 13178 1
14490 13180 1
21740 13180 1
17114 13184 1
15603 13187 1
16660 13195 1
26062 13195 1
21972 13196 1
21972 13199 1
22465 13202 1
23382 13205 1
25275 13208 1
25276 13208 1
17095 13209 1
21972 13213 1
21937 13215 1
22297 13215 1
25363 13216 1
25364 13216 1
25680 13217 1
24812 13220 1
15589 13228 1
13938 13229 1
17067 13229 1
19064 13235 1
13241 13240 1
17099 13241 1
20332 13241 1
13254 13253 1
14180 13254 1
14999 13254 1
15781 13254 1
16796 13254 1
16797 13254 1
16798 13254 1
16799 13254 1
16800 13254 1
16801 13254 1
16802 13254 1
16803 13254 1
13260 13259 1
13265 13264 1
14133 13265 1
14134 13265 1
13275 13274 1
13285 13284 1
13286 13284 1
13287 13284 1
15593 13288 1
24562 13288 1
13737 13296 1
17825 13296 1
17826 13296 1
13316 13315 1
15949 13317 1
13329 13328 1
13819 13355 1
13361 13360 1
17813 13361 1
18056 13361 1
18972 13361 1
23280 13361 1
25494 13361 1
25838 13361 1
17879 13369 1
13372 13371 1
13373 13371 1
13393 13392 1
13394 13392 1
13395 13392 1
13396 13392 1
15954 13401 1
20987 13405 1
20987 13410 1
13424 13423 1
13427 13426 1
13434 13433 1
13568 13441 1
13447 13446 1
19785 13447 1
23249 13447 1
26378 13447 1
26418 13447 1
13454 13453 1
13456 13455 1
22795 13456 1
13462 13461 1
13463 13461 1
13464 13461 1
15686 13463 1
16634 13463 1
19423 13463 1
20847 13463 1
13467 13466 1
15944 13467 1
13469 13468 1
15397 13469 1
17085 13469 1
14062 13470 1
14063 13470 1
14064 13470 1
14065 13470 1
14066 13470 1
13478 13477 1
13484 13483 1
16290 13484 1
16291 13484 1
13487 13486 1
14735 13487 1
14736 13487 1
14737 13487 1
14738 13487 1
14739 13487 1
14740 13487 1
14741 13487 1
14742 13487 1
14743 13487 1
14744 13487 1
13491 13490 1
21651 13491 1
13507 13506 1
14024 13507 1
22271 13507 1
22510 13507 1
22515 13507 1
26063 13507 1
13522 13521 1
13529 13528 1
13530 13528 1
16612 13530 1
22727 13530 1
25634 13530 1
14427 13537 1
17739 13537 1
18644 13537 1
18645 13537 1
14890 13538 1
22356 13549 1
16819 13550 1
14118 13565 1
21536 13568 1
23997 13568 1
18052 13570 1
18890 13583 1
13594 13593 1
14451 13594 1
14452 13594 1
14453 13594 1
14454 13594 1
14455 13594 1
13603 13602 1
16131 13603 1
22041 13603 1
22042 13603 1
22043 13603 1
15294 13607 1
13625 13624 1
13627 13626 1
13640 13639 1
13641 13639 1
13643 13642 1
13644 13642 1
13644 13643 1
21542 13652 1
22143 13663 1
22534 13663 1
22732 13664 1
13676 13675 1
13690 13689 1
26246 13690 1
13692 13691 1
13696 13695 1
13699 13698 1
13703 13702 1
13704 13702 1
13707 13706 1
15961 13707 1
26217 13707 1
13710 13709 1
14526 13710 1
14607 13710 1
22583 13728 1
16803 13744 1
13756 13755 1
13757 13755 1
15519 13756 1
22204 13756 1
24116 13756 1
14327 13757 1
15519 13757 1
20919 13757 1
20921 13757 1
22204 13757 1
22205 13757 1
13766 13765 1
13792 13791 1
13793 13791 1
16591 13792 1
20956 13793 1
17208 13805 1
14557 13810 1
18519 13810 1
23267 13817 1
14188 13819 1
14471 13819 1
16287 13819 1
22602 13819 1
22603 13819 1
22604 13819 1
22605 13819 1
22606 13819 1
22607 13819 1
22608 13819 1
13843 13832 1
16076 13840 1
13843 13841 1
21653 13843 1
13856 13855 1
13858 13857 1
13862 13861 1
20224 13871 1
13891 13890 1
17767 13891 1
20196 13891 1
22687 13891 1
22688 13891 1
22689 13891 1
13903 13902 1
14722 13903 1
13908 13907 1
23134 13908 1
13911 13910 1
13912 13910 1
13912 13911 1
20807 13911 1
22618 13911 1
22619 13911 1
22620 13911 1
22621 13911 1
20806 13912 1
20807 13912 1
26279 13924 1
17846 13926 1
14070 13927 1
20427 13927 1
14085 13928 1
15319 13939 1
15577 13939 1
15949 13939 1
18075 13939 1
18076 13939 1
19742 13939 1
19743 13939 1
13943 13942 1
13951 13950 1
13956 13955 1
16519 13958 1
15954 13960 1
15958 13960 1
13976 13975 1
13977 13975 1
13979 13978 1
16716 13979 1
19147 13979 1
19665 13979 1
13985 13984 1
13989 13988 1
16416 13989 1
17741 13989 1
20414 13989 1
26052 14006 1
14480 14008 1
25705 14008 1
14032 14031 1
21006 14032 1
22463 14032 1
25712 14032 1
25713 14032 1
14035 14034 1
14036 14034 1
19499 14036 1
19511 14036 1
19704 14036 1
22035 14036 1
26136 14036 1
26179 14036 1
26352 14036 1
26360 14036 1
14043 14042 1
20435 14051 1
20555 14052 1
14055 14054 1
20570 14062 1
18927 14065 1
19294 14065 1
19618 14065 1
21688 14065 1
22847 14065 1
26021 14065 1
23929 14069 1
24049 14069 1
25362 14069 1
26207 14069 1
16477 14072 1
16478 14072 1
18039 14074 1
14127 14078 1
23376 14078 1
14722 14083 1
15222 14083 1
22471 14085 1
22054 14090 1
19698 14106 1
20185 14106 1
20186 14106 1
22503 14114 1
14118 14117 1
14429 14118 1
14999 14118 1
15137 14118 1
15138 14118 1
15139 14118 1
15140 14118 1
15141 14118 1
15142 14118 1
15143 14118 1
15144 14118 1
15145 14118 1
17246 14122 1
15882 14135 1
14146 14145 1
14154 14153 1
14577 14154 1
24436 14154 1
25093 14154 1
25293 14154 1
25814 14154 1
25815 14154 1
14158 14157 1
14168 14167 1
14180 14179 1
20306 14182 1
14195 14194 1
14196 14194 1
17165 14195 1
19606 14195 1
19607 14195 1
21602 14196 1
14200 14199 1
14569 14200 1
15646 14200 1
18597 14200 1
15867 14215 1
16878 14216 1
19759 14216 1
22826 14221 1
17953 14228 1
16624 14230 1
24467 14230 1
26408 14230 1
22738 14235 1
14284 14248 1
19660 14248 1
19661 14248 1
19662 14248 1
25922 14252 1
14698 14263 1
18443 14272 1
18444 14272 1
18445 14272 1
14339 14284 1
14288 14287 1
14290 14289 1
14748 14301 1
14731 14306 1
16015 14306 1
22895 14308 1
14334 14333 1
14335 14333 1
22467 14335 1
23709 14335 1
26182 14335 1
26183 14335 1
22477 14346 1
14350 14349 1
14351 14349 1
14352 14349 1
14358 14357 1
18118 14358 1
14360 14359 1
20475 14360 1
26344 14360 1
26363 14360 1
14362 14361 1
19005 14362 1
22454 14362 1
14365 14364 1
19568 14365 1
14367 14366 1
14373 14372 1
14376 14375 1
19211 14376 1
20244 14376 1
21543 14376 1
14416 14415 1
14420 14419 1
15788 14426 1
15789 14426 1
15790 14426 1
15791 14426 1
15792 14426 1
14443 14442 1
22545 14443 1
14445 14444 1
14448 14447 1
16871 14448 1
15294 14450 1
17096 14451 1
14457 14456 1
15354 14465 1
14476 14475 1
14480 14479 1
15600 14480 1
16214 14480 1
20387 14480 1
14490 14489 1
14491 14489 1
20003 14490 1
20004 14490 1
18308 14491 1
15957 14496 1
19771 14497 1
14514 14513 1
14515 14513 1
20188 14514 1
20244 14514 1
14517 14516 1
14518 14516 1
21932 14520 1
21000 14525 1
21619 14539 1
21914 14539 1
21915 14539 1
21916 14539 1
21917 14539 1
21918 14539 1
16177 14548 1
18258 14548 1
15671 14549 1
18258 14561 1
14578 14577 1
14723 14579 1
17690 14579 1
16208 14587 1
20387 14587 1
20618 14587 1
25647 14587 1
14591 14590 1
20980 14591 1
14595 14594 1
14598 14597 1
16649 14598 1
16949 14601 1
14613 14612 1
26424 14613 1
14618 14617 1
15957 14618 1
16580 14618 1
24761 14618 1
14636 14635 1
14642 14641 1
16375 14652 1
14657 14656 1
14659 14658 1
14660 14658 1
14661 14658 1
14662 14658 1
14663 14658 1
14664 14658 1
15370 14680 1
20282 14682 1
14712 14711 1
14720 14719 1
14721 14719 1
18252 14722 1
14730 14729 1
14731 14729 1
21958 14735 1
14749 14748 1
14757 14756 1
15313 14782 1
19484 14808 1
14832 14831 1
14833 14831 1
14835 14834 1
14836 14834 1
20972 14836 1
14841 14840 1
15620 14841 1
16673 14841 1
21646 14841 1
22461 14841 1
23013 14841 1
23014 14841 1
23015 14841 1
23016 14841 1
23017 14841 1
23018 14841 1
23019 14841 1
23020 14841 1
20125 14857 1
14860 14859 1
18254 14860 1
18784 14860 1
20023 14860 1
21599 14860 1
25744 14860 1
25745 14860 1
14881 14880 1
14882 14880 1
16363 14881 1
19227 14881 1
19558 14881 1
22413 14881 1
24707 14881 1
14889 14888 1
21130 14889 1
22646 14889 1
25403 14889 1
25944 14889 1
25945 14889 1
14892 14891 1
21336 14893 1
26438 14893 1
26234 14895 1
21033 14905 1
14919 14918 1
19398 14922 1
21030 14922 1
14928 14927 1
14932 14931 1
16909 14932 1
16910 14932 1
15025 14935 1
14942 14941 1
17775 14942 1
20140 14957 1
22572 14957 1
14971 14970 1
14976 14975 1
18243 14976 1
24516 14976 1
14999 14998 1
15141 14999 1
15003 15002 1
15004 15002 1
15025 15024 1
16203 15025 1
16233 15025 1
20913 15025 1
22460 15025 1
23931 15025 1
23932 15025 1
15028 15027 1
15135 15040 1
15048 15047 1
22067 15048 1
22068 15048 1
19308 15052 1
15082 15081 1
15610 15085 1
15097 15096 1
15121 15120 1
15122 15120 1
15125 15124 1
17380 15125 1
15148 15147 1
15153 15152 1
15893 15153 1
15912 15153 1
18459 15153 1
15155 15154 1
15162 15161 1
15169 15168 1
26191 15173 1
15183 15182 1
18959 15183 1
18960 15183 1
18961 15183 1
15432 15224 1
15227 15226 1
17054 15227 1
15239 15238 1
20541 15238 1
18390 15251 1
15264 15263 1
15286 15285 1
15287 15285 1
15289 15288 1
15290 15288 1
15291 15288 1
15292 15288 1
18389 15290 1
15295 15294 1
15296 15294 1
15297 15294 1
15309 15308 1
23002 15309 1
15313 15312 1
15809 15316 1
17160 15316 1
18300 15316 1
18974 15316 1
23166 15316 1
21578 15322 1
15335 15334 1
15342 15341 1
19021 15342 1
17916 15351 1
15355 15354 1
15368 15367 1
15973 15368 1
15375 15374 1
20414 15375 1
24454 15375 1
24455 15375 1
24456 15375 1
24457 15375 1
24458 15375 1
15377 15376 1
15378 15376 1
19819 15378 1
25142 15378 1
15386 15385 1
16888 15409 1
19491 15413 1
20323 15415 1
19453 15432 1
21771 15432 1
21772 15432 1
21773 15432 1
21774 15432 1
15461 15460 1
15467 15466 1
25618 15467 1
25707 15467 1
15469 15468 1
15489 15488 1
15490 15488 1
15534 15533 1
19406 15542 1
16872 15551 1
20373 15551 1
23868 15554 1
19568 15563 1
15566 15565 1
15567 15565 1
15568 15565 1
15569 15565 1
15570 15565 1
15571 15565 1
15572 15565 1
15580 15579 1
16102 15590 1
16354 15590 1
25408 15590 1
15600 15599 1
26054 15600 1
18102 15604 1
18106 15604 1
18109 15604 1
21019 15604 1
21647 15604 1
24445 15604 1
24589 15604 1
24813 15604 1
26208 15604 1
26218 15604 1
15610 15609 1
21166 15610 1
25265 15610 1
25266 15610 1
25267 15610 1
15617 15616 1
22276 15617 1
15619 15618 1
15625 15624 1
15992 15625 1
15647 15646 1
15648 15646 1
15649 15646 1
15669 15668 1
15683 15682 1
15710 15709 1
19408 15710 1
20384 15710 1
21403 15710 1
23914 15710 1
25983 15710 1
16220 15720 1
17147 15723 1
16196 15734 1
24885 15734 1
22937 15745 1
15754 15753 1
15762 15761 1
18489 15768 1
25653 15768 1
16832 15772 1
15782 15781 1
16797 15782 1
16800 15782 1
16801 15782 1
16803 15782 1
18802 15782 1
15792 15788 1
23033 15797 1
15813 15812 1
15817 15816 1
15819 15818 1
15832 15831 1
16975 15832 1
18066 15832 1
22410 15832 1
25262 15832 1
15853 15852 1
15859 15853 1
19300 15853 1
15859 15858 1
17550 15859 1
17817 15859 1
15862 15861 1
19496 15862 1
20252 15862 1
16278 15864 1
20463 15864 1
25962 15864 1
15895 15894 1
15912 15911 1
18737 15912 1
18981 15912 1
15923 15922 1
15954 15926 1
15960 15926 1
25714 15929 1
15948 15947 1
22617 15949 1
15955 15954 1
15956 15954 1
15957 15954 1
15958 15954 1
15959 15954 1
15960 15954 1
15961 15954 1
16622 15957 1
18477 15957 1
19481 15957 1
16621 15961 1
20414 15961 1
25190 15961 1
25993 15961 1
15964 15963 1
15966 15965 1
17157 15968 1
18889 15977 1
16592 15979 1
19390 15979 1
15986 15985 1
19204 15992 1
23756 15992 1
25637 15992 1
15994 15993 1
16309 15994 1
15996 15995 1
17375 15996 1
16000 15999 1
17780 16000 1
16012 16011 1
22628 16012 1
23821 16012 1
16020 16019 1
24127 16049 1
18780 16067 1
16079 16078 1
16081 16080 1
17040 16088 1
16093 16092 1
24839 16093 1
16098 16097 1
19771 16098 1
24184 16098 1
19060 16111 1
24136 16112 1
16116 16115 1
16117 16115 1
16118 16115 1
16119 16115 1
20426 16118 1
16122 16121 1
16962 16127 1
21914 16134 1
20162 16136 1
20601 16136 1
16138 16137 1
16139 16137 1
16142 16141 1
16164 16163 1
26236 16164 1
16173 16172 1
18539 16173 1
16179 16178 1
16180 16178 1
20152 16189 1
22149 16189 1
26053 16189 1
19106 16195 1
19107 16195 1
19108 16195 1
19109 16195 1
22150 16198 1
22794 16198 1
26034 16198 1
22146 16199 1
22148 16199 1
22412 16199 1
18333 16200 1
20966 16203 1
23203 16203 1
25145 16203 1
19801 16207 1
19802 16207 1
16307 16211 1
16308 16211 1
22109 16212 1
19270 16216 1
18265 16228 1
20985 16228 1
21638 16231 1
24885 16231 1
24082 16233 1
16606 16235 1
17737 16235 1
18479 16235 1
23005 16235 1
23469 16235 1
26210 16235 1
16253 16252 1
16261 16260 1
16263 16262 1
21599 16266 1
16277 16276 1
16278 16276 1
16280 16279 1
16282 16281 1
16283 16281 1
16910 16285 1
22032 16295 1
20184 16307 1
24522 16308 1
16315 16314 1
25588 16315 1
22442 16327 1
17733 16331 1
19553 16337 1
26107 16337 1
16345 16344 1
19566 16375 1
19570 16375 1
18541 16388 1
18853 16396 1
19563 16396 1
23061 16397 1
24899 16397 1
16824 16408 1
20046 16408 1
16414 16413 1
16418 16417 1
16422 16421 1
16993 16477 1
16994 16477 1
16995 16477 1
21503 16478 1
16484 16483 1
16500 16491 1
20924 16491 1
21632 16491 1
23943 16491 1
22544 16494 1
18845 16498 1
22836 16502 1
24721 16502 1
23853 16505 1
16685 16506 1
23853 16506 1
16910 16513 1
16519 16518 1
16543 16542 1
16544 16542 1
16545 16542 1
16546 16542 1
16547 16542 1
16548 16542 1
16549 16542 1
16550 16542 1
16551 16542 1
16552 16542 1
16548 16545 1
16641 16545 1
16552 16546 1
16641 16546 1
22697 16546 1
16641 16548 1
16642 16548 1
16643 16548 1
16641 16549 1
22697 16549 1
22697 16550 1
19189 16552 1
19190 16552 1
19191 16552 1
17016 16559 1
16575 16574 1
19192 16575 1
16578 16577 1
16591 16590 1
16596 16595 1
16643 16641 1
19039 16641 1
19040 16641 1
16648 16647 1
19725 16648 1
16661 16660 1
25704 16661 1
16685 16684 1
16688 16687 1
16689 16687 1
16691 16690 1
16694 16693 1
22953 16694 1
23756 16694 1
26176 16694 1
16696 16695 1
16697 16695 1
16713 16712 1
16727 16726 1
16737 16736 1
18434 16737 1
18435 16737 1
20093 16739 1
20236 16739 1
22922 16739 1
16746 16745 1
16752 16751 1
17187 16796 1
25790 16796 1
26331 16796 1
26437 16796 1
22702 16798 1
22703 16798 1
22704 16798 1
18301 16800 1
18991 16803 1
24424 16803 1
25429 16803 1
25430 16803 1
25615 16815 1
26372 16815 1
25965 16819 1
25966 16819 1
16824 16823 1
16825 16823 1
18802 16824 1
19126 16824 1
19307 16824 1
20052 16824 1
23157 16824 1
23395 16824 1
23872 16824 1
25338 16824 1
16832 16831 1
19737 16832 1
25527 16832 1
16838 16837 1
16839 16837 1
16842 16841 1
16846 16845 1
16854 16853 1
24099 16854 1
18605 16859 1
18606 16859 1
18607 16859 1
16868 16867 1
18366 16868 1
16870 16869 1
20332 16870 1
22476 16870 1
23921 16870 1
16881 16880 1
16883 16882 1
16886 16885 1
20134 16886 1
16896 16895 1
16899 16898 1
19243 16899 1
21424 16909 1
22520 16909 1
18521 16910 1
19372 16910 1
19686 16910 1
20236 16910 1
20242 16910 1
20300 16910 1
20309 16910 1
20599 16910 1
20800 16910 1
22040 16910 1
22199 16910 1
22202 16910 1
23394 16910 1
23843 16910 1
19131 16919 1
22004 16919 1
21029 16947 1
17995 16948 1
22077 16993 1
21195 17041 1
19530 17044 1
18554 17059 1
17077 17076 1
23861 17077 1
24538 17077 1
17095 17094 1
19009 17095 1
17099 17098 1
17101 17100 1
18514 17101 1
17104 17103 1
20759 17104 1
17109 17108 1
17113 17112 1
17118 17117 1
20047 17182 1
21299 17236 1
19807 17273 1
25621 17273 1
17438 17288 1
19244 17292 1
25512 17292 1
25996 17297 1
19821 17303 1
20872 17310 1
19135 17318 1
17459 17338 1
24215 17338 1
19204 17340 1
18041 17370 1
21110 17376 1
17879 17451 1
23307 17460 1
23308 17460 1
23309 17460 1
18583 17477 1
23113 17484 1
23380 17484 1
23381 17484 1
19821 17485 1
25385 17507 1
18921 17512 1
19394 17523 1
21605 17523 1
25354 17524 1
20818 17549 1
19957 17565 1
24867 17584 1
25434 17584 1
18292 17586 1
18293 17586 1
18294 17586 1
20418 17589 1
19749 17590 1
18921 17636 1
18475 17654 1
18476 17654 1
18477 17654 1
19056 17676 1
22799 17692 1
22171 17711 1
18295 17717 1
20414 17717 1
21768 17717 1
22451 17717 1
17723 17722 1
17732 17731 1
17741 17740 1
17742 17740 1
20225 17753 1
20226 17753 1
17761 17760 1
17766 17765 1
17810 17809 1
17820 17819 1
19912 17820 1
17822 17821 1
17828 17827 1
19953 17884 1
17896 17895 1
20720 17897 1
17907 17906 1
17914 17913 1
25770 17916 1
17924 17923 1
17939 17938 1
17940 17938 1
25393 17949 1
19104 17977 1
24906 17997 1
18015 18014 1
18016 18014 1
22600 18021 1
23035 18021 1
24092 18021 1
18042 18041 1
18069 18068 1
21599 18078 1
21599 18081 1
22429 18099 1
22430 18099 1
18104 18103 1
26208 18106 1
18113 18109 1
18337 18114 1
18120 18119 1
25519 18120 1
19301 18130 1
19302 18130 1
23891 18161 1
23986 18171 1
18185 18184 1
23189 18193 1
19866 18221 1
25557 18221 1
18239 18238 1
22457 18239 1
25807 18258 1
18276 18275 1
18280 18279 1
23308 18292 1
23965 18292 1
23966 18292 1
18305 18304 1
18310 18309 1
18347 18346 1
18348 18346 1
22346 18347 1
18357 18356 1
25943 18366 1
24121 18377 1
23951 18380 1
20187 18388 1
18983 18390 1
26081 18415 1
18441 18440 1
18448 18447 1
19913 18448 1
25577 18448 1
23886 18465 1
20338 18483 1
18487 18486 1
22355 18487 1
22392 18487 1
23229 18487 1
23230 18487 1
23231 18487 1
18489 18488 1
18498 18497 1
18499 18497 1
18500 18497 1
18537 18499 1
20006 18506 1
19148 18511 1
19682 18515 1
25005 18517 1
18524 18523 1
18526 18525 1
20094 18526 1
25783 18526 1
18533 18532 1
18534 18532 1
19696 18534 1
20084 18537 1
20085 18537 1
20086 18537 1
20087 18537 1
20088 18537 1
18540 18539 1
22609 18567 1
25575 18567 1
18579 18578 1
25390 18586 1
18596 18595 1
18622 18621 1
18630 18629 1
18632 18631 1
18643 18642 1
18717 18716 1
18719 18718 1
18738 18737 1
25038 18753 1
18774 18773 1
18777 18776 1
24108 18780 1
26373 18780 1
18787 18786 1
20983 18807 1
20305 18811 1
18819 18818 1
18822 18821 1
19357 18834 1
19145 18837 1
18862 18861 1
20021 18862 1
24793 18881 1
24840 18881 1
18887 18886 1
20565 18887 1
20566 18887 1
18889 18888 1
24802 18902 1
18922 18921 1
18923 18921 1
18924 18921 1
18925 18921 1
18926 18921 1
22022 18927 1
20362 18946 1
22281 18971 1
25351 18971 1
18978 18977 1
20252 18978 1
19008 19007 1
25136 19008 1
25140 19008 1
19012 19011 1
25795 19014 1
19048 19047 1
19067 19066 1
22571 19107 1
24117 19107 1
19112 19111 1
19133 19132 1
19137 19136 1
19144 19143 1
19521 19144 1
25451 19144 1
25678 19144 1
25679 19144 1
22292 19152 1
20732 19163 1
19181 19180 1
19182 19180 1
22697 19189 1
22586 19190 1
22697 19191 1
19195 19194 1
23552 19195 1
20120 19204 1
23948 19204 1
19232 19231 1
21126 19232 1
21872 19232 1
19236 19235 1
19237 19235 1
22501 19236 1
23017 19237 1
19240 19239 1
19246 19245 1
19249 19248 1
19257 19256 1
19268 19267 1
19823 19270 1
19281 19280 1
19288 19287 1
20028 19290 1
20029 19290 1
20030 19290 1
19305 19304 1
24947 19321 1
26435 19344 1
25313 19346 1
19359 19358 1
19360 19358 1
25524 19360 1
19376 19375 1
19377 19375 1
19378 19375 1
19388 19387 1
19539 19412 1
19423 19422 1
22254 19434 1
19440 19439 1
19441 19439 1
19493 19492 1
22035 19499 1
22036 19499 1
24157 19503 1
26134 19503 1
19520 19519 1
19545 19544 1
21586 19545 1
19575 19574 1
19599 19598 1
23317 19599 1
25376 19618 1
25799 19618 1
22897 19631 1
19966 19635 1
23058 19635 1
25326 19644 1
19649 19648 1
19658 19657 1
19664 19663 1
19665 19663 1
24089 19668 1
19673 19671 1
23388 19673 1
19683 19682 1
19684 19682 1
20577 19694 1
19725 19724 1
19729 19728 1
19998 19743 1
23056 19749 1
23057 19749 1
19755 19754 1
19766 19765 1
23875 19790 1
25060 19797 1
19846 19845 1
20288 19846 1
22723 19846 1
19858 19857 1
19880 19879 1
20601 19884 1
19900 19899 1
19932 19918 1
20351 19921 1
19950 19949 1
19954 19953 1
24598 19954 1
19957 19956 1
20935 19957 1
19984 19983 1
19993 19992 1
19994 19992 1
24501 19993 1
20972 19994 1
20016 20015 1
20017 20015 1
22929 20021 1
24762 20036 1
20050 20049 1
25614 20060 1
21149 20062 1
24235 20062 1
20064 20063 1
20182 20064 1
24160 20084 1
24532 20084 1
24939 20085 1
24532 20087 1
20094 20093 1
20097 20096 1
21094 20105 1
20125 20124 1
21695 20170 1
21185 20172 1
21571 20172 1
25368 20173 1
25368 20175 1
22239 20203 1
20222 20221 1
25971 20222 1
20231 20230 1
24178 20242 1
20599 20243 1
20646 20246 1
22910 20284 1
20296 20295 1
20301 20300 1
24119 20301 1
24475 20301 1
22284 20334 1
20337 20336 1
20348 20347 1
20360 20359 1
25720 20368 1
25812 20376 1
20395 20394 1
24477 20395 1
25669 20395 1
25785 20395 1
22295 20414 1
22547 20417 1
24499 20417 1
23004 20418 1
25286 20418 1
21573 20419 1
20430 20429 1
20431 20429 1
20433 20432 1
22858 20433 1
20475 20444 1
20510 20446 1
20463 20452 1
24611 20517 1
24077 20521 1
22459 20523 1
22977 20523 1
23219 20523 1
23961 20523 1
24741 20523 1
25103 20523 1
25281 20523 1
26388 20523 1
20530 20529 1
22058 20551 1
26040 20552 1
22580 20556 1
20562 20561 1
24122 20574 1
20727 20577 1
23200 20586 1
23201 20586 1
22492 20588 1
25630 20588 1
25157 20592 1
20896 20612 1
21754 20612 1
25333 20639 1
20742 20682 1
23299 20682 1
23300 20682 1
20706 20705 1
20742 20741 1
20745 20744 1
23924 20745 1
20747 20746 1
22935 20776 1
20801 20800 1
20804 20803 1
20805 20803 1
20809 20808 1
20849 20809 1
20854 20809 1
21189 20809 1
22927 20809 1
22928 20809 1
20835 20834 1
20836 20834 1
20837 20834 1
20838 20834 1
21176 20850 1
26474 20854 1
20868 20867 1
20885 20884 1
20899 20898 1
20947 20946 1
23837 20950 1
21759 20956 1
25051 20974 1
20976 20975 1
22394 21002 1
21769 21004 1
26151 21013 1
21274 21023 1
26172 21029 1
22480 21039 1
25310 21048 1
24649 21051 1
21055 21054 1
21075 21074 1
21076 21074 1
21089 21088 1
21152 21151 1
21172 21171 1
25401 21172 1
22927 21176 1
23802 21196 1
23191 21259 1
25182 21272 1
25974 21299 1
21452 21321 1
23879 21327 1
24480 21331 1
24497 21336 1
24498 21336 1
23953 21378 1
24043 21378 1
25354 21397 1
25391 21424 1
23915 21499 1
24152 21545 1
21566 21565 1
21579 21578 1
21614 21613 1
21635 21634 1
21642 21641 1
21643 21641 1
21689 21688 1
25406 21696 1
23213 21721 1
22558 21722 1
26041 21739 1
23804 21741 1
21760 21759 1
24188 21795 1
21932 21802 1
22152 21802 1
21930 21864 1
21874 21873 1
21880 21879 1
22277 21908 1
22947 21908 1
21922 21921 1
21933 21932 1
21934 21932 1
21935 21932 1
26119 21948 1
21973 21968 1
25214 21968 1
25669 21970 1
21991 21990 1
25961 21991 1
26289 21991 1
21998 21997 1
22008 22007 1
22009 22007 1
22016 22015 1
22026 22025 1
22034 22033 1
22039 22038 1
22048 22047 1
22609 22054 1
22073 22072 1
22098 22097 1
22142 22141 1
23401 22148 1
22905 22162 1
24739 22162 1
22799 22171 1
23965 22171 1
25466 22171 1
26294 22171 1
22177 22176 1
22178 22176 1
22189 22188 1
25108 22189 1
25133 22221 1
26240 22237 1
22281 22280 1
22286 22285 1
22341 22340 1
22357 22356 1
22358 22356 1
23946 22357 1
23836 22367 1
22377 22376 1
22442 22441 1
26091 22442 1
22859 22447 1
22459 22458 1
24816 22473 1
23032 22505 1
22548 22547 1
22549 22547 1
23151 22610 1
23183 22668 1
26115 22676 1
22691 22690 1
23867 22697 1
25952 22697 1
26440 22697 1
22707 22706 1
23371 22731 1
22759 22758 1
25200 22800 1
24184 22806 1
22870 22807 1
24828 22807 1
24829 22807 1
22830 22829 1
22831 22829 1
22843 22842 1
22848 22847 1
23077 22858 1
22866 22865 1
22875 22874 1
22876 22874 1
24557 22876 1
22924 22923 1
25294 22940 1
22952 22951 1
22992 22991 1
25209 22992 1
22994 22993 1
25155 22994 1
23011 23010 1
23137 23136 1
23162 23161 1
25526 23166 1
23168 23167 1
23424 23186 1
23900 23214 1
24894 23220 1
23247 23246 1
23249 23248 1
23850 23249 1
23650 23255 1
26393 23255 1
23279 23278 1
23312 23311 1
24314 23361 1
23919 23370 1
23387 23386 1
24711 23411 1
25226 23451 1
24804 23492 1
25339 23548 1
24241 23598 1
24613 23634 1
24072 23656 1
24798 23770 1
24103 23873 1
23888 23887 1
23924 23923 1
25703 23924 1
24041 24040 1
24948 24082 1
24123 24122 1
24169 24146 1
26130 24155 1
26056 24156 1
25792 24158 1
24453 24164 1
24755 24169 1
26009 24184 1
25354 24208 1
25261 24233 1
25358 24241 1
25967 24378 1
24933 24407 1
25115 24429 1
25012 24465 1
24472 24471 1
24477 24476 1
24493 24492 1
24494 24492 1
24501 24500 1
24502 24500 1
24506 24505 1
25975 24555 1
25395 24557 1
25675 24557 1
25676 24557 1
25849 24560 1
24595 24594 1
25050 24634 1
24704 24703 1
26132 24709 1
25359 24718 1
25415 24719 1
24748 24747 1
24756 24755 1
24794 24793 1
25025 24794 1
25597 24794 1
25598 24794 1
24801 24800 1
24930 24801 1
24809 24808 1
26258 24809 1
24817 24816 1
24834 24833 1
24845 24844 1
24875 24847 1
26278 24901 1
25361 24924 1
24946 24937 1
25234 24939 1
25863 24980 1
24983 24982 1
25042 25041 1
25835 25080 1
25208 25207 1
25222 25221 1
26034 25243 1
25309 25261 1
26382 25265 1
26198 25329 1
25335 25334 1
26286 25354 1
26342 25354 1
25366 25365 1
25539 25435 1
25459 25458 1
25709 25534 1
25601 25600 1
26185 25667 1
25775 25774 1
26223 26222 1
26429 26341 1
